stream,variant,method_label,block,factor,level,seed_index,seed,bias_ratio_coldstart,bias_ratio_warm,block_rate,budget_rmse,calib_w_explore_final,calib_w_ledger_final,calib_w_review_final,cohort_gap_days_mean,concept_dollars_allowed,concept_for,cost_per_1k,covariate_dollars_allowed,covariate_for,coverage_max_dev,coverage_mean_abs_dev,coverage_mean_dev,ess_mean,ess_median,ess_p05,exh_flag_balanced_acc,exh_flag_fn,exh_flag_fp,exh_flag_n_scored,exh_flag_precision,exh_flag_recall,exh_flag_specificity,exh_flag_tn,exh_flag_tp,exh_oracle_infeasible_rate,explore_rate,flag_balanced_acc,flag_delay_concept,flag_delay_covariate,flag_delay_prior,flag_false_infeasible_rate,flag_fn,flag_fp,flag_missed_infeasible_rate,flag_n_scored,flag_precision,flag_recall,flag_specificity,flag_tn,flag_tp,flag_undetermined,for_overall,for_ratio_to_alpha,frac_blocks_demand_over_budget,frac_blocks_over_alpha,fraud_dollars_allowed,fraud_dollars_total,gap_decay_mean,gap_decay_p90,gap_decay_rel,gap_overlap_mean,gap_overlap_p90,gap_overlap_rel,infeasible_rate,lag_ratio_warm,mean_estimate_warm,mean_realised_warm,mean_true_warm,mono_violation_mean,n_eval,n_explore,n_pos_eval,n_updates_warm,oracle_agreement,oracle_infeasible_rate,overflow_rate,pd_brier_mean,pd_clip_share_mean,pd_mae_mean,post_concept_max_dev,post_concept_mean_dev,post_concept_recovery_days,post_covariate_max_dev,post_covariate_mean_dev,post_covariate_recovery_days,post_prior_max_dev,post_prior_mean_dev,post_prior_recovery_days,prior_dollars_allowed,prior_for,quiet_dev,quiet_dollars_allowed,quiet_for,r_overlap_mean,r_trail_mean,ratio_realised_over_estimate,review_demand_max_block,review_demand_overshoot,review_demand_rate,review_served_rate,risk_when_flagged,risk_when_not_flagged,trim_fraud_share_mean,trim_share_mean,update_us_p50,update_us_p99,w_max_norm_mean,w_top1_share_mean
synb2b,M0,STATIC,methods,,,0,11,,,0.000375,0.0,,,,,9534815.83843858,0.040329218106995884,224743.7018221297,784486.5230613535,0.009166891345376111,0.13053006636038797,0.015960664805698032,0.01209121206502117,,,,,,,0.0,,,,,,,0.0,,,,,,,,,0.0,,,,,,0.0,0.02448641061630726,1.974710533573166,1.0,0.525,24459510.28372411,30196598.358537275,,,,,,,0.0,,,,,,80000.0,0.0,2273.0,0.0,,,0.01915,,,,0.01974285714285714,0.01974285714285714,,-0.003211638591117916,-0.003211638591117916,18.320298964120383,0.13053006636038797,0.13053006636038797,,4968737.797330172,0.055039414414414414,0.004726922356564628,9171470.124894004,0.017126922356564628,,,,0.109,0.019149999999999997,0.03915,0.02,,,,,,,,
synb2b,M0,STATIC,methods,,,1,23,,,0.0014875,0.0,,,,,8524987.427860243,0.039977192093259,224912.35097140752,859426.9725772883,0.009436505796710704,0.13849514066496163,0.01639584945924659,0.012554721203848051,,,,,,,0.0,,,,,,,0.0,,,,,,,,,0.0,,,,,,0.0,0.024923033686335125,2.009922071478639,1.0,0.525,24469944.736096296,30448876.723301068,,,,,,,0.0,,,,,,80000.0,0.0,2286.0,0.0,,,0.0459875,,,,0.027416232771822355,0.027416232771822355,,-0.0027011740684022463,-0.0027011740684022463,18.320298964120383,0.13849514066496163,0.13849514066496163,,5876893.967196072,0.059305280994069474,0.004892747463383128,9208636.368462691,0.017292747463383128,,,,0.1305,0.0459875,0.0659875,0.02,,,,,,,,
synb2b,M0,STATIC,methods,,,2,37,,,0.0002125,0.0007664854858377944,,,,,8322300.85461589,0.0392504431501646,225498.54512874136,851396.2679188998,0.00983960102439682,0.13111378958120531,0.016174840282605945,0.0123779829184863,,,,,,,0.0,,,,,,,0.0,,,,,,,,,0.0,,,,,,0.0,0.024770724116379036,1.9976390416434706,0.9,0.525,24537969.20983617,30165342.868388563,,,,,,,0.0,,,,,,80000.0,0.0,2265.0,0.0,,,0.01475,,,,0.026885714285714284,0.026885714285714284,,-0.0027061224489795914,-0.0027061224489795914,18.320298964120383,0.13111378958120531,0.13111378958120531,,6318007.709537303,0.05909666525960321,0.004843172410924143,9046264.377764076,0.017243172410924143,,,,0.0755,0.014549999999999997,0.03455,0.0198,,,,,,,,
synb2b,M0,STATIC,methods,,,3,53,,,0.0007,0.0,,,,,7868980.729893919,0.037424012158054715,228599.94864930373,758837.6275671808,0.009715288085278639,0.13074928425357873,0.016101708917474526,0.012727742944096334,,,,,,,0.0,,,,,,,0.0,,,,,,,,,0.0,,,,,,0.0,0.025119983661799246,2.025805134016068,1.0,0.55,24874630.385016777,29650666.683683693,,,,,,,0.0,,,,,,80000.0,0.0,2261.0,0.0,,,0.037575,,,,0.01974285714285714,0.01974285714285714,,-0.0006533197139938704,-0.0006533197139938704,18.320298964120383,0.13074928425357873,0.13074928425357873,,6246197.251756448,0.060623149584096994,0.005810955710955712,10000614.775799228,0.018210955710955712,,,,0.1245,0.037575,0.057575,0.02,,,,,,,,
synb2b,M0,STATIC,methods,,,4,71,,,0.0010125,0.0,,,,,8144487.692787577,0.03787207093096897,218311.96196816754,774650.0559054953,0.009034519956850054,0.1357103166496425,0.015937242171470557,0.012027600738687019,,,,,,,0.0,,,,,,,0.0,,,,,,,,,0.0,,,,,,0.0,0.024412977693790777,1.9687885236928047,1.0,0.55,23746015.929318216,29551608.99642975,,,,,,,0.0,,,,,,80000.0,0.0,2265.0,0.0,,,0.03415,,,,0.02280408163265306,0.02280408163265306,,-0.0037221031138335876,-0.0037221031138335876,18.320298964120383,0.1357103166496425,0.1357103166496425,,5639603.032115057,0.05865764241398759,0.004904929093521583,9187275.148510087,0.017304929093521583,,,,0.1305,0.03415,0.05415,0.02,,,,,,,,
synb2b,M0,STATIC,methods,,,5,73,,,0.0006875,0.0002500000000000002,,,,,8660935.80428535,0.04052428291015007,228118.78790099206,741568.9079439397,0.009029649595687332,0.13111378958120531,0.01651412981990551,0.01267004512947617,,,,,,,0.0,,,,,,,0.0,,,,,,,,,0.0,,,,,,0.0,0.02505456355537403,2.020529318981777,0.95,0.525,24823945.669967942,30296075.86337279,,,,,,,0.0,,,,,,80000.0,0.0,2292.0,0.0,,,0.0273625,,,,0.024353445635528333,0.024353445635528333,,-0.00423673469387755,-0.00423673469387755,18.320298964120383,0.13111378958120531,0.13111378958120531,,5893308.410583712,0.05835917676910065,0.0051263311269306045,9528132.547154943,0.017526331126930604,,,,0.0955,0.0273125,0.0473125,0.01995,,,,,,,,
synb2b,M0,STATIC,methods,,,6,79,,,0.0004375,0.00017677669529663704,,,,,8409980.595712675,0.039691080584921185,217029.62308806577,762699.3846211099,0.0093042071197411,0.13461378254211334,0.015479980271606153,0.011558973496185596,,,,,,,0.0,,,,,,,0.0,,,,,,,,,0.0,,,,,,0.0,0.023951102490812577,1.9315405234526273,0.95,0.525,23612288.749750927,29850508.689440854,,,,,,,0.0,,,,,,80000.0,0.0,2276.0,0.0,,,0.01985,,,,0.01974285714285714,0.01974285714285714,,-0.0026962206332992837,-0.0026962206332992837,18.320298964120383,0.13461378254211334,0.13461378254211334,,5476643.120683601,0.05625087891998312,0.003855932062276248,8962965.648733541,0.016255932062276247,,,,0.12,0.0198125,0.0398125,0.0199625,,,,,,,,
synb2b,M0,STATIC,methods,,,7,83,,,0.0009875,0.0,,,,,8800514.063175654,0.040217873202862756,231255.4046220345,865198.6427323937,0.010113268608414239,0.13476402657128259,0.016279112483174058,0.01257142725120538,,,,,,,0.0,,,,,,,0.0,,,,,,,,,0.0,,,,,,0.0,0.024948608929916623,2.0119845911223084,1.0,0.55,25174464.368311286,30499853.46126175,,,,,,,0.0,,,,,,80000.0,0.0,2287.0,0.0,,,0.0388625,,,,0.027926697294538026,0.027926697294538026,,-0.003211638591117916,-0.003211638591117916,18.320298964120383,0.13476402657128259,0.13476402657128259,,6188833.4405469885,0.05991822924009587,0.004654328134435582,9319918.221856248,0.01705432813443558,,,,0.1455,0.038862499999999994,0.0588625,0.02,,,,,,,,
synb2b,M0,STATIC,methods,,,8,89,,,0.00065,0.0,,,,,8697165.576137107,0.04078530715642812,234488.4758358283,731964.1246470305,0.00889727689404152,0.1526485436893204,0.017478851204940762,0.013721268152407078,,,,,,,0.0,,,,,,,0.0,,,,,,,,,0.0,,,,,,0.0,0.026114259457803646,2.105988665951907,1.0,0.55,25510337.570895977,29711598.483677015,,,,,,,0.0,,,,,,80000.0,0.0,2316.0,0.0,,,0.04185,,,,0.02637551020408163,0.02637551020408163,,-0.002195918367346939,-0.002195918367346939,18.320298964120383,0.1526485436893204,0.1526485436893204,,6023718.419645646,0.06597124330420073,0.005666020064105234,10057489.450466193,0.018066020064105234,,,,0.088,0.04185,0.06185,0.02,,,,,,,,
synb2b,M0,STATIC,methods,,,9,97,,,0.0006625,0.0,,,,,8924341.991904646,0.04117572532623844,248393.9714969297,771894.7737204087,0.009698275862068966,0.14388192032686414,0.017474944283438164,0.014285544198921168,,,,,,,0.0,,,,,,,0.0,,,,,,,,,0.0,,,,,,0.0,0.026676196918835438,2.1513062031318904,1.0,0.575,27044394.820296593,30281677.11177147,,,,,,,0.0,,,,,,80000.0,0.0,2296.0,0.0,,,0.0761875,,,,0.024844897959183675,0.024844897959183675,,-0.002190709545686575,-0.002190709545686575,18.320298964120383,0.14388192032686414,0.14388192032686414,,6771141.006916478,0.06400676723530241,0.006624227791191409,10577017.047755063,0.01902422779119141,,,,0.157,0.07618749999999999,0.0961875,0.02,,,,,,,,
synb2b,M0,STATIC,methods,,,10,101,,,0.0005875,0.0007623975340988452,,,,,8991032.766921323,0.041400265873267075,223234.12502065345,901912.1522846782,0.009168127275178644,0.13724249233912156,0.016073164890722906,0.012514251975865937,,,,,,,0.0,,,,,,,0.0,,,,,,,,,0.0,,,,,,0.0,0.024895365455287873,2.0076907625232154,0.925,0.55,24284262.68327573,30606931.948486045,,,,,,,0.0,,,,,,80000.0,0.0,2328.0,0.0,,,0.0148375,,,,0.018722448979591834,0.018722448979591834,,-0.002195918367346939,-0.002195918367346939,18.320298964120383,0.13724249233912156,0.13724249233912156,,5512914.525272847,0.05773021684032667,0.004644035628069592,8878403.238796882,0.017044035628069592,,,,0.0695,0.01465,0.03465,0.0198125,,,,,,,,
synb2b,M0,STATIC,methods,,,11,103,,,0.0005625,7.905694150420955e-05,,,,,8434812.669044238,0.040455840455840456,226401.73227811803,820090.7647003621,0.00862533692722372,0.13410331801939765,0.01626421253814413,0.012216266807050815,,,,,,,0.0,,,,,,,0.0,,,,,,,,,0.0,,,,,,0.0,0.024605646025830822,1.9843262924057115,0.975,0.525,24641852.128537502,30142544.320817113,,,,,,,0.0,,,,,,80000.0,0.0,2266.0,0.0,,,0.020275,,,,0.03096734693877551,0.03096734693877551,,-0.002195918367346939,-0.002195918367346939,18.320298964120383,0.13410331801939765,0.13410331801939765,,6096130.818867074,0.057074408117249155,0.004667332708918724,9290817.875925828,0.017067332708918723,,,,0.093,0.0202625,0.0402625,0.0199875,,,,,,,,
synb2b,M0,STATIC,methods,,,12,107,,,0.0003,0.0,,,,,9680176.95736276,0.04121557454890788,239809.02314015955,831749.0056415654,0.009836949198221263,0.13147755102040817,0.016865054780762445,0.01315626218177469,,,,,,,0.0,,,,,,,0.0,,,,,,,,,0.0,,,,,,0.0,0.025556292742676328,2.060991350215833,1.0,0.55,26112422.97676037,30853504.816067547,,,,,,,0.0,,,,,,80000.0,0.0,2302.0,0.0,,,0.02555,,,,0.026885714285714284,0.026885714285714284,,-0.0027011740684022463,-0.0027011740684022463,18.320298964120383,0.13147755102040817,0.13147755102040817,,5835631.123233441,0.059329199549041714,0.005451198402130495,9764865.890522603,0.017851198402130494,,,,0.077,0.02555,0.04555,0.02,,,,,,,,
synb2b,M0,STATIC,methods,,,13,109,,,0.0006,7.905694150420955e-05,,,,,8879828.11992146,0.04046352583586626,220692.4735835064,746275.4093822857,0.008766014834794335,0.12396363636363636,0.016260827346610517,0.012213546539565806,,,,,,,0.0,,,,,,,0.0,,,,,,,,,0.0,,,,,,0.0,0.02460658813319209,1.9844022688058138,0.975,0.525,24007313.627308406,29535703.744087692,,,,,,,0.0,,,,,,80000.0,0.0,2281.0,0.0,,,0.0213125,,,,0.026885714285714284,0.026885714285714284,,-0.00423673469387755,-0.00423673469387755,18.320298964120383,0.12396363636363636,0.12396363636363636,,5166138.919491719,0.05636978579481398,0.0047488033298647234,9215071.178512944,0.017148803329864723,,,,0.0835,0.021300000000000003,0.0413,0.0199875,,,,,,,,
synb2b,M0,STATIC,methods,,,14,113,,,0.0004375,0.0,,,,,8847356.751246177,0.039187135983793364,227027.38167351251,859629.7918469538,0.008763651071861939,0.1423497446373851,0.016113877491769367,0.012438350838676315,,,,,,,0.0,,,,,,,0.0,,,,,,,,,0.0,,,,,,0.0,0.024832514515408664,2.0026221383394085,1.0,0.575,24706152.224905208,30414861.457377225,,,,,,,0.0,,,,,,80000.0,0.0,2295.0,0.0,,,0.01795,,,,0.0289265306122449,0.0289265306122449,,-0.0027061224489795914,-0.0027061224489795914,18.320298964120383,0.1423497446373851,0.1423497446373851,,5753393.259304324,0.06014931680518383,0.004976646619357794,9245772.422507757,0.017376646619357793,,,,0.077,0.017949999999999997,0.03795,0.02,,,,,,,,
synb2b,M0,STATIC,methods,,,15,127,,,0.0008875,0.0,,,,,8339764.661378137,0.03926535782140595,220367.0246924445,715372.5540574678,0.008771929824561403,0.13425304036791008,0.015682373087220244,0.011740054433786968,,,,,,,0.0,,,,,,,0.0,,,,,,,,,0.0,,,,,,0.0,0.024128994369901315,1.9458866427339772,1.0,0.525,23978713.984949097,29707658.420681365,,,,,,,0.0,,,,,,80000.0,0.0,2281.0,0.0,,,0.0252125,,,,0.023824489795918363,0.023824489795918363,,-0.0032022483392948383,-0.0032022483392948383,18.320298964120383,0.13425304036791008,0.13425304036791008,,5671313.676040799,0.05753772387533493,0.004191032099587827,9252263.093472693,0.016591032099587826,,,,0.1145,0.025212500000000002,0.0452125,0.02,,,,,,,,
synb2b,M0,STATIC,methods,,,16,131,,,0.00075,0.0,,,,,8388004.2300533485,0.03844205193160228,221016.63660875196,852886.4279223821,0.009436505796710704,0.12549581205311544,0.015686855003509033,0.011971076576145403,,,,,,,0.0,,,,,,,0.0,,,,,,,,,0.0,,,,,,0.0,0.02435537401072249,1.964143065380846,1.0,0.525,24048327.16528667,29405202.243955754,,,,,,,0.0,,,,,,80000.0,0.0,2247.0,0.0,,,0.0274125,,,,0.017191836734693877,0.017191836734693877,,-0.00423673469387755,-0.00423673469387755,18.320298964120383,0.12549581205311544,0.12549581205311544,,5468291.233026644,0.05640157924421884,0.0048980849292256465,9339145.274284296,0.017298084929225646,,,,0.0825,0.027412500000000003,0.0474125,0.02,,,,,,,,
synb2b,M0,STATIC,methods,,,17,137,,,0.000875,0.0,,,,,8645123.077015392,0.03870273009438145,222636.10052454052,714649.2042245312,0.008764832793959008,0.12549581205311544,0.01595402939332944,0.011883180559844393,,,,,,,0.0,,,,,,,0.0,,,,,,,,,0.0,,,,,,0.0,0.02426911783480148,1.9571869221614098,1.0,0.525,24228741.26997613,29705464.313794143,,,,,,,0.0,,,,,,80000.0,0.0,2249.0,0.0,,,0.0291625,,,,0.02537437468095967,0.02537437468095967,,-0.004232567636549259,-0.004232567636549259,18.320298964120383,0.12549581205311544,0.12549581205311544,,5465084.506953228,0.056808570623061744,0.004713234651177315,9403884.481782984,0.017113234651177315,,,,0.1115,0.029162499999999997,0.0491625,0.02,,,,,,,,
synb2b,M0,STATIC,methods,,,18,139,,,0.0004125,0.00022360679774997917,,,,,8216009.754598789,0.03684243843767804,221147.3359911333,760331.0156999053,0.009165655748753202,0.11630275791624106,0.01533314998056631,0.011368122619536954,,,,,,,0.0,,,,,,,0.0,,,,,,,,,0.0,,,,,,0.0,0.023758788327314952,1.9160313167189478,0.95,0.55,24074589.902205862,29474311.24579108,,,,,,,0.0,,,,,,80000.0,0.0,2211.0,0.0,,,0.016125,,,,0.013110204081632654,0.013110204081632654,,-0.0027061224489795914,-0.0027061224489795914,18.320298964120383,0.11630275791624106,0.11630275791624106,,5718603.162074268,0.05256482525366404,0.005057708233629497,9379645.9698329,0.017457708233629497,,,,0.0665,0.016075000000000002,0.036075,0.01995,,,,,,,,
synb2b,M0,STATIC,methods,,,19,149,,,0.000475,0.0,,,,,8140700.569608597,0.038741533202506805,220670.15068592448,890656.5986450677,0.00983960102439682,0.13811020408163266,0.015928403682061772,0.012322434487872375,,,,,,,0.0,,,,,,,0.0,,,,,,,,,0.0,,,,,,0.0,0.024718613613741353,1.993436581753335,1.0,0.55,24002390.024113804,29662071.140518006,,,,,,,0.0,,,,,,80000.0,0.0,2287.0,0.0,,,0.02055,,,,0.02076326530612245,0.02076326530612245,,-0.0027061224489795914,-0.0027061224489795914,18.320298964120383,0.13811020408163266,0.13811020408163266,,5852165.819715459,0.059428249542317985,0.0048754709126860255,9118867.03614468,0.017275470912686025,,,,0.09,0.020550000000000002,0.04055,0.02,,,,,,,,
synb2b,M1,CONF-FIXED,methods,,,0,11,,,0.000375,0.0,,,,,9534815.83843858,0.040329218106995884,224743.7018221297,784486.5230613535,0.009166891345376111,0.13053006636038797,0.015960664805698032,0.01209121206502117,,,,,,,0.0,,,,,,,0.0,,,,,,,,,0.0,,,,,,0.0,0.02448641061630726,1.974710533573166,1.0,0.525,24459510.28372411,30196598.358537275,,,,,,,0.0,,,,,,80000.0,0.0,2273.0,0.0,,,0.01915,,,,0.01974285714285714,0.01974285714285714,,-0.003211638591117916,-0.003211638591117916,18.320298964120383,0.13053006636038797,0.13053006636038797,,4968737.797330172,0.055039414414414414,0.004726922356564628,9171470.124894004,0.017126922356564628,,,,0.109,0.019149999999999997,0.03915,0.02,,,,,,,,
synb2b,M1,CONF-FIXED,methods,,,1,23,,,0.0014875,0.0,,,,,8524987.427860243,0.039977192093259,224912.35097140752,859426.9725772883,0.009436505796710704,0.13849514066496163,0.01639584945924659,0.012554721203848051,,,,,,,0.0,,,,,,,0.0,,,,,,,,,0.0,,,,,,0.0,0.024923033686335125,2.009922071478639,1.0,0.525,24469944.736096296,30448876.723301068,,,,,,,0.0,,,,,,80000.0,0.0,2286.0,0.0,,,0.0459875,,,,0.027416232771822355,0.027416232771822355,,-0.0027011740684022463,-0.0027011740684022463,18.320298964120383,0.13849514066496163,0.13849514066496163,,5876893.967196072,0.059305280994069474,0.004892747463383128,9208636.368462691,0.017292747463383128,,,,0.1305,0.0459875,0.0659875,0.02,,,,,,,,
synb2b,M1,CONF-FIXED,methods,,,2,37,,,0.0002125,0.0007664854858377944,,,,,8322300.85461589,0.0392504431501646,225498.54512874136,851396.2679188998,0.00983960102439682,0.13111378958120531,0.016174840282605945,0.0123779829184863,,,,,,,0.0,,,,,,,0.0,,,,,,,,,0.0,,,,,,0.0,0.024770724116379036,1.9976390416434706,0.9,0.525,24537969.20983617,30165342.868388563,,,,,,,0.0,,,,,,80000.0,0.0,2265.0,0.0,,,0.01475,,,,0.026885714285714284,0.026885714285714284,,-0.0027061224489795914,-0.0027061224489795914,18.320298964120383,0.13111378958120531,0.13111378958120531,,6318007.709537303,0.05909666525960321,0.004843172410924143,9046264.377764076,0.017243172410924143,,,,0.0755,0.014549999999999997,0.03455,0.0198,,,,,,,,
synb2b,M1,CONF-FIXED,methods,,,3,53,,,0.0007,0.0,,,,,7868980.729893919,0.037424012158054715,228599.94864930373,758837.6275671808,0.009715288085278639,0.13074928425357873,0.016101708917474526,0.012727742944096334,,,,,,,0.0,,,,,,,0.0,,,,,,,,,0.0,,,,,,0.0,0.025119983661799246,2.025805134016068,1.0,0.55,24874630.385016777,29650666.683683693,,,,,,,0.0,,,,,,80000.0,0.0,2261.0,0.0,,,0.037575,,,,0.01974285714285714,0.01974285714285714,,-0.0006533197139938704,-0.0006533197139938704,18.320298964120383,0.13074928425357873,0.13074928425357873,,6246197.251756448,0.060623149584096994,0.005810955710955712,10000614.775799228,0.018210955710955712,,,,0.1245,0.037575,0.057575,0.02,,,,,,,,
synb2b,M1,CONF-FIXED,methods,,,4,71,,,0.0010125,0.0,,,,,8144487.692787577,0.03787207093096897,218311.96196816754,774650.0559054953,0.009034519956850054,0.1357103166496425,0.015937242171470557,0.012027600738687019,,,,,,,0.0,,,,,,,0.0,,,,,,,,,0.0,,,,,,0.0,0.024412977693790777,1.9687885236928047,1.0,0.55,23746015.929318216,29551608.99642975,,,,,,,0.0,,,,,,80000.0,0.0,2265.0,0.0,,,0.03415,,,,0.02280408163265306,0.02280408163265306,,-0.0037221031138335876,-0.0037221031138335876,18.320298964120383,0.1357103166496425,0.1357103166496425,,5639603.032115057,0.05865764241398759,0.004904929093521583,9187275.148510087,0.017304929093521583,,,,0.1305,0.03415,0.05415,0.02,,,,,,,,
synb2b,M1,CONF-FIXED,methods,,,5,73,,,0.0006875,0.0002500000000000002,,,,,8660935.80428535,0.04052428291015007,228118.78790099206,741568.9079439397,0.009029649595687332,0.13111378958120531,0.01651412981990551,0.01267004512947617,,,,,,,0.0,,,,,,,0.0,,,,,,,,,0.0,,,,,,0.0,0.02505456355537403,2.020529318981777,0.95,0.525,24823945.669967942,30296075.86337279,,,,,,,0.0,,,,,,80000.0,0.0,2292.0,0.0,,,0.0273625,,,,0.024353445635528333,0.024353445635528333,,-0.00423673469387755,-0.00423673469387755,18.320298964120383,0.13111378958120531,0.13111378958120531,,5893308.410583712,0.05835917676910065,0.0051263311269306045,9528132.547154943,0.017526331126930604,,,,0.0955,0.0273125,0.0473125,0.01995,,,,,,,,
synb2b,M1,CONF-FIXED,methods,,,6,79,,,0.0004375,0.00017677669529663704,,,,,8409980.595712675,0.039691080584921185,217029.62308806577,762699.3846211099,0.0093042071197411,0.13461378254211334,0.015479980271606153,0.011558973496185596,,,,,,,0.0,,,,,,,0.0,,,,,,,,,0.0,,,,,,0.0,0.023951102490812577,1.9315405234526273,0.95,0.525,23612288.749750927,29850508.689440854,,,,,,,0.0,,,,,,80000.0,0.0,2276.0,0.0,,,0.01985,,,,0.01974285714285714,0.01974285714285714,,-0.0026962206332992837,-0.0026962206332992837,18.320298964120383,0.13461378254211334,0.13461378254211334,,5476643.120683601,0.05625087891998312,0.003855932062276248,8962965.648733541,0.016255932062276247,,,,0.12,0.0198125,0.0398125,0.0199625,,,,,,,,
synb2b,M1,CONF-FIXED,methods,,,7,83,,,0.0009875,0.0,,,,,8800514.063175654,0.040217873202862756,231255.4046220345,865198.6427323937,0.010113268608414239,0.13476402657128259,0.016279112483174058,0.01257142725120538,,,,,,,0.0,,,,,,,0.0,,,,,,,,,0.0,,,,,,0.0,0.024948608929916623,2.0119845911223084,1.0,0.55,25174464.368311286,30499853.46126175,,,,,,,0.0,,,,,,80000.0,0.0,2287.0,0.0,,,0.0388625,,,,0.027926697294538026,0.027926697294538026,,-0.003211638591117916,-0.003211638591117916,18.320298964120383,0.13476402657128259,0.13476402657128259,,6188833.4405469885,0.05991822924009587,0.004654328134435582,9319918.221856248,0.01705432813443558,,,,0.1455,0.038862499999999994,0.0588625,0.02,,,,,,,,
synb2b,M1,CONF-FIXED,methods,,,8,89,,,0.00065,0.0,,,,,8697165.576137107,0.04078530715642812,234488.4758358283,731964.1246470305,0.00889727689404152,0.1526485436893204,0.017478851204940762,0.013721268152407078,,,,,,,0.0,,,,,,,0.0,,,,,,,,,0.0,,,,,,0.0,0.026114259457803646,2.105988665951907,1.0,0.55,25510337.570895977,29711598.483677015,,,,,,,0.0,,,,,,80000.0,0.0,2316.0,0.0,,,0.04185,,,,0.02637551020408163,0.02637551020408163,,-0.002195918367346939,-0.002195918367346939,18.320298964120383,0.1526485436893204,0.1526485436893204,,6023718.419645646,0.06597124330420073,0.005666020064105234,10057489.450466193,0.018066020064105234,,,,0.088,0.04185,0.06185,0.02,,,,,,,,
synb2b,M1,CONF-FIXED,methods,,,9,97,,,0.0006625,0.0,,,,,8924341.991904646,0.04117572532623844,248393.9714969297,771894.7737204087,0.009698275862068966,0.14388192032686414,0.017474944283438164,0.014285544198921168,,,,,,,0.0,,,,,,,0.0,,,,,,,,,0.0,,,,,,0.0,0.026676196918835438,2.1513062031318904,1.0,0.575,27044394.820296593,30281677.11177147,,,,,,,0.0,,,,,,80000.0,0.0,2296.0,0.0,,,0.0761875,,,,0.024844897959183675,0.024844897959183675,,-0.002190709545686575,-0.002190709545686575,18.320298964120383,0.14388192032686414,0.14388192032686414,,6771141.006916478,0.06400676723530241,0.006624227791191409,10577017.047755063,0.01902422779119141,,,,0.157,0.07618749999999999,0.0961875,0.02,,,,,,,,
synb2b,M1,CONF-FIXED,methods,,,10,101,,,0.0005875,0.0007623975340988452,,,,,8991032.766921323,0.041400265873267075,223234.12502065345,901912.1522846782,0.009168127275178644,0.13724249233912156,0.016073164890722906,0.012514251975865937,,,,,,,0.0,,,,,,,0.0,,,,,,,,,0.0,,,,,,0.0,0.024895365455287873,2.0076907625232154,0.925,0.55,24284262.68327573,30606931.948486045,,,,,,,0.0,,,,,,80000.0,0.0,2328.0,0.0,,,0.0148375,,,,0.018722448979591834,0.018722448979591834,,-0.002195918367346939,-0.002195918367346939,18.320298964120383,0.13724249233912156,0.13724249233912156,,5512914.525272847,0.05773021684032667,0.004644035628069592,8878403.238796882,0.017044035628069592,,,,0.0695,0.01465,0.03465,0.0198125,,,,,,,,
synb2b,M1,CONF-FIXED,methods,,,11,103,,,0.0005625,7.905694150420955e-05,,,,,8434812.669044238,0.040455840455840456,226401.73227811803,820090.7647003621,0.00862533692722372,0.13410331801939765,0.01626421253814413,0.012216266807050815,,,,,,,0.0,,,,,,,0.0,,,,,,,,,0.0,,,,,,0.0,0.024605646025830822,1.9843262924057115,0.975,0.525,24641852.128537502,30142544.320817113,,,,,,,0.0,,,,,,80000.0,0.0,2266.0,0.0,,,0.020275,,,,0.03096734693877551,0.03096734693877551,,-0.002195918367346939,-0.002195918367346939,18.320298964120383,0.13410331801939765,0.13410331801939765,,6096130.818867074,0.057074408117249155,0.004667332708918724,9290817.875925828,0.017067332708918723,,,,0.093,0.0202625,0.0402625,0.0199875,,,,,,,,
synb2b,M1,CONF-FIXED,methods,,,12,107,,,0.0003,0.0,,,,,9680176.95736276,0.04121557454890788,239809.02314015955,831749.0056415654,0.009836949198221263,0.13147755102040817,0.016865054780762445,0.01315626218177469,,,,,,,0.0,,,,,,,0.0,,,,,,,,,0.0,,,,,,0.0,0.025556292742676328,2.060991350215833,1.0,0.55,26112422.97676037,30853504.816067547,,,,,,,0.0,,,,,,80000.0,0.0,2302.0,0.0,,,0.02555,,,,0.026885714285714284,0.026885714285714284,,-0.0027011740684022463,-0.0027011740684022463,18.320298964120383,0.13147755102040817,0.13147755102040817,,5835631.123233441,0.059329199549041714,0.005451198402130495,9764865.890522603,0.017851198402130494,,,,0.077,0.02555,0.04555,0.02,,,,,,,,
synb2b,M1,CONF-FIXED,methods,,,13,109,,,0.0006,7.905694150420955e-05,,,,,8879828.11992146,0.04046352583586626,220692.4735835064,746275.4093822857,0.008766014834794335,0.12396363636363636,0.016260827346610517,0.012213546539565806,,,,,,,0.0,,,,,,,0.0,,,,,,,,,0.0,,,,,,0.0,0.02460658813319209,1.9844022688058138,0.975,0.525,24007313.627308406,29535703.744087692,,,,,,,0.0,,,,,,80000.0,0.0,2281.0,0.0,,,0.0213125,,,,0.026885714285714284,0.026885714285714284,,-0.00423673469387755,-0.00423673469387755,18.320298964120383,0.12396363636363636,0.12396363636363636,,5166138.919491719,0.05636978579481398,0.0047488033298647234,9215071.178512944,0.017148803329864723,,,,0.0835,0.021300000000000003,0.0413,0.0199875,,,,,,,,
synb2b,M1,CONF-FIXED,methods,,,14,113,,,0.0004375,0.0,,,,,8847356.751246177,0.039187135983793364,227027.38167351251,859629.7918469538,0.008763651071861939,0.1423497446373851,0.016113877491769367,0.012438350838676315,,,,,,,0.0,,,,,,,0.0,,,,,,,,,0.0,,,,,,0.0,0.024832514515408664,2.0026221383394085,1.0,0.575,24706152.224905208,30414861.457377225,,,,,,,0.0,,,,,,80000.0,0.0,2295.0,0.0,,,0.01795,,,,0.0289265306122449,0.0289265306122449,,-0.0027061224489795914,-0.0027061224489795914,18.320298964120383,0.1423497446373851,0.1423497446373851,,5753393.259304324,0.06014931680518383,0.004976646619357794,9245772.422507757,0.017376646619357793,,,,0.077,0.017949999999999997,0.03795,0.02,,,,,,,,
synb2b,M1,CONF-FIXED,methods,,,15,127,,,0.0008875,0.0,,,,,8339764.661378137,0.03926535782140595,220367.0246924445,715372.5540574678,0.008771929824561403,0.13425304036791008,0.015682373087220244,0.011740054433786968,,,,,,,0.0,,,,,,,0.0,,,,,,,,,0.0,,,,,,0.0,0.024128994369901315,1.9458866427339772,1.0,0.525,23978713.984949097,29707658.420681365,,,,,,,0.0,,,,,,80000.0,0.0,2281.0,0.0,,,0.0252125,,,,0.023824489795918363,0.023824489795918363,,-0.0032022483392948383,-0.0032022483392948383,18.320298964120383,0.13425304036791008,0.13425304036791008,,5671313.676040799,0.05753772387533493,0.004191032099587827,9252263.093472693,0.016591032099587826,,,,0.1145,0.025212500000000002,0.0452125,0.02,,,,,,,,
synb2b,M1,CONF-FIXED,methods,,,16,131,,,0.00075,0.0,,,,,8388004.2300533485,0.03844205193160228,221016.63660875196,852886.4279223821,0.009436505796710704,0.12549581205311544,0.015686855003509033,0.011971076576145403,,,,,,,0.0,,,,,,,0.0,,,,,,,,,0.0,,,,,,0.0,0.02435537401072249,1.964143065380846,1.0,0.525,24048327.16528667,29405202.243955754,,,,,,,0.0,,,,,,80000.0,0.0,2247.0,0.0,,,0.0274125,,,,0.017191836734693877,0.017191836734693877,,-0.00423673469387755,-0.00423673469387755,18.320298964120383,0.12549581205311544,0.12549581205311544,,5468291.233026644,0.05640157924421884,0.0048980849292256465,9339145.274284296,0.017298084929225646,,,,0.0825,0.027412500000000003,0.0474125,0.02,,,,,,,,
synb2b,M1,CONF-FIXED,methods,,,17,137,,,0.000875,0.0,,,,,8645123.077015392,0.03870273009438145,222636.10052454052,714649.2042245312,0.008764832793959008,0.12549581205311544,0.01595402939332944,0.011883180559844393,,,,,,,0.0,,,,,,,0.0,,,,,,,,,0.0,,,,,,0.0,0.02426911783480148,1.9571869221614098,1.0,0.525,24228741.26997613,29705464.313794143,,,,,,,0.0,,,,,,80000.0,0.0,2249.0,0.0,,,0.0291625,,,,0.02537437468095967,0.02537437468095967,,-0.004232567636549259,-0.004232567636549259,18.320298964120383,0.12549581205311544,0.12549581205311544,,5465084.506953228,0.056808570623061744,0.004713234651177315,9403884.481782984,0.017113234651177315,,,,0.1115,0.029162499999999997,0.0491625,0.02,,,,,,,,
synb2b,M1,CONF-FIXED,methods,,,18,139,,,0.0004125,0.00022360679774997917,,,,,8216009.754598789,0.03684243843767804,221147.3359911333,760331.0156999053,0.009165655748753202,0.11630275791624106,0.01533314998056631,0.011368122619536954,,,,,,,0.0,,,,,,,0.0,,,,,,,,,0.0,,,,,,0.0,0.023758788327314952,1.9160313167189478,0.95,0.55,24074589.902205862,29474311.24579108,,,,,,,0.0,,,,,,80000.0,0.0,2211.0,0.0,,,0.016125,,,,0.013110204081632654,0.013110204081632654,,-0.0027061224489795914,-0.0027061224489795914,18.320298964120383,0.11630275791624106,0.11630275791624106,,5718603.162074268,0.05256482525366404,0.005057708233629497,9379645.9698329,0.017457708233629497,,,,0.0665,0.016075000000000002,0.036075,0.01995,,,,,,,,
synb2b,M1,CONF-FIXED,methods,,,19,149,,,0.000475,0.0,,,,,8140700.569608597,0.038741533202506805,220670.15068592448,890656.5986450677,0.00983960102439682,0.13811020408163266,0.015928403682061772,0.012322434487872375,,,,,,,0.0,,,,,,,0.0,,,,,,,,,0.0,,,,,,0.0,0.024718613613741353,1.993436581753335,1.0,0.55,24002390.024113804,29662071.140518006,,,,,,,0.0,,,,,,80000.0,0.0,2287.0,0.0,,,0.02055,,,,0.02076326530612245,0.02076326530612245,,-0.0027061224489795914,-0.0027061224489795914,18.320298964120383,0.13811020408163266,0.13811020408163266,,5852165.819715459,0.059428249542317985,0.0048754709126860255,9118867.03614468,0.017275470912686025,,,,0.09,0.020550000000000002,0.04055,0.02,,,,,,,,
synb2b,M2,COST-THRESH,methods,,,0,11,0.06572247392254515,0.09833846262087535,0.077775,0.003461394227764298,0.0,0.9615381505387335,0.038461849461266504,,8063646.917453513,0.03728744109813563,165883.50809015526,262489.70692785113,0.0048454469507101085,0.12534403470715835,0.013719108136508645,0.007130502860591562,1858.342252021156,940.8405355920214,198.76677768788394,0.5748792270531401,0.0,176.0,320.0,0.39100346020761245,1.0,0.1497584541062802,31.0,113.0,0.353125,0.0,0.5748792270531401,0.0,0.0,0.0,0.8502415458937198,0.0,176.0,0.0,320.0,0.39100346020761245,1.0,0.1497584541062802,31.0,113.0,0.0,0.01977405036160239,1.5946814807743863,0.6,0.425,17070284.029524587,30196598.358537275,0.0006342013908411802,0.001682738026564248,0.04158758650239827,,,,0.903125,1.820389349021672,0.19883706950761396,0.03559467681448088,0.01955333172741889,0.5026999665692123,80000.0,0.0,2273.0,142.0,1.0,0.353125,0.0043625,,,,0.017853025302530252,0.017853025302530252,,-0.004852830188679245,-0.004852830188679245,18.320298964120383,0.12534403470715835,0.12534403470715835,,4141831.034529829,0.05011119347664937,-0.000896796012815948,4602316.370613396,0.011503203987184052,,,0.14075754283981817,0.039,0.002624999999999999,0.022625,0.0182625,0.012847010730135848,0.011302825146135934,0.0,0.0,8.79725199774839,13.848254073527642,0.0018659802833927322,0.011230916153682076
synb2b,M2,COST-THRESH,methods,,,1,23,0.06944181317500574,0.1224772466000278,0.0946375,0.0013624426593438713,0.0,0.9525670406250728,0.047432959374927315,,6878291.817762973,0.036585365853658534,164911.68383488737,358991.1205001257,0.005866577271203486,0.13529572459744588,0.014041462791176828,0.00746559182809377,1833.7352715512638,931.4024963616704,193.32801393665738,0.5514705882352942,0.0,183.0,320.0,0.3879598662207358,1.0,0.10294117647058823,21.0,116.0,0.3625,0.0,0.5514705882352942,0.0,0.0,0.0,0.8970588235294118,0.0,183.0,0.0,320.0,0.3879598662207358,1.0,0.10294117647058823,21.0,116.0,0.0,0.020021446510709147,1.6146327831217056,0.775,0.475,16697181.672409661,30448876.723301068,0.0006291446113139263,0.0016076317244446386,0.03902937789063757,,,,0.934375,1.8244834791609175,0.1644824202882034,0.03675486546546267,0.020145353951007704,0.4722701475864201,80000.0,0.0,2286.0,142.0,1.0,0.3625,0.0061375,,,,0.02814054054054054,0.02814054054054054,,-0.004280074953154278,-0.004280074953154278,18.320298964120383,0.13529572459744588,0.13529572459744588,,4845981.781597551,0.05318340677708555,-0.0008257680150988017,4613916.952549014,0.011574231984901198,,,0.16989195465583543,0.039,0.005575,0.025575,0.0194375,0.012862906281440118,,0.0,0.0,9.236330020939931,14.773477806011215,0.001889297044598101,0.011238259204012512
synb2b,M2,COST-THRESH,methods,,,2,37,0.08153224677215726,0.10751694050947114,0.083875,0.002134537420613656,0.0,0.9561769760734689,0.04382302392653109,,6653335.54311855,0.03592607916149496,159538.50309735816,381355.3575863397,0.006156405990016639,0.12607837985769021,0.01364293518261534,0.007034499028574198,1855.4052898204425,945.3049432998794,195.62347669355094,0.5600961538461539,0.0,183.0,320.0,0.37966101694915255,1.0,0.1201923076923077,25.0,112.0,0.35,0.0,0.5600961538461539,0.0,0.0,0.0,0.8798076923076923,0.0,183.0,0.0,320.0,0.37966101694915255,1.0,0.1201923076923077,25.0,112.0,0.0,0.01961849823740055,1.5821369546290767,0.675,0.4,16215240.155499833,30165342.868388563,0.0006228003773961897,0.0015574374227457334,0.040559200622869475,,,,0.921875,1.823022678495372,0.1808578689401408,0.03544919506262886,0.019445284735506847,0.447111727912109,80000.0,0.0,2265.0,142.0,1.0,0.35,0.0047,,,,0.026684310441094358,0.026684310441094358,,-0.005459936908517349,-0.005459936908517349,18.320298964120383,0.12607837985769021,0.12607837985769021,,4904915.434730354,0.05174992521687107,-0.001092198963451571,4275633.820064589,0.011307801036548428,,,0.15794516602464745,0.049,0.0037125000000000005,0.0237125,0.0190125,0.012963816845557422,0.009162505126421989,0.0,0.0,8.835002052364871,13.933713671285659,0.0018373573075574094,0.01127290156238784
synb2b,M2,COST-THRESH,methods,,,3,53,0.08173358535847006,0.11232592611776103,0.090825,0.001606626901305963,0.0,0.9537734412614075,0.04622655873859267,,6399692.457763357,0.03408462389380531,160273.40193282117,268103.3574567112,0.005965570138060337,0.12568219178082193,0.013179204930352184,0.007158875417945428,1839.2646439486334,929.3644775536097,191.53658146790073,0.5545023696682464,0.0,188.0,320.0,0.367003367003367,1.0,0.10900473933649289,23.0,109.0,0.340625,0.0,0.5547619047619048,0.0,0.0,0.0,0.8904761904761904,0.0,187.0,0.0,320.0,0.37037037037037035,1.0,0.10952380952380952,23.0,110.0,0.0,0.019778892213465942,1.5950719526988664,0.775,0.45,16240759.531369988,29650666.683683693,0.00060573484088856,0.001546251581053426,0.03850683690652456,,,,0.928125,1.8573145610045214,0.1709556803131892,0.03566555668885395,0.019202755116270863,0.4403448283029121,80000.0,0.0,2261.0,142.0,0.996875,0.34375,0.005025,,,,0.01888491620111732,0.01888491620111732,,-0.003356072351421189,-0.003356072351421189,18.320298964120383,0.12568219178082193,0.12568219178082193,,4906790.762498096,0.05371963180926513,-0.0005525695810441114,4666172.953651823,0.011847430418955888,,,0.16677187242063687,0.0415,0.004362499999999998,0.0243625,0.0193375,0.012716227861629872,0.010275635546849522,0.0,0.0,9.086750011192635,13.434254879830405,0.00190087870948187,0.011237691438950703
synb2b,M2,COST-THRESH,methods,,,4,71,0.08301159185854269,0.12032557951070892,0.0876375,0.001081087415521983,0.0,0.9528371108067238,0.047162889193276145,,6583553.96199029,0.034347196358369546,156493.5639114004,296025.5955962401,0.005069280162216965,0.12911982378854625,0.013360474989711857,0.006555626287988783,1841.7140473975908,919.4437137160686,196.6320875664614,0.5495283018867925,0.0,191.0,320.0,0.3612040133779264,1.0,0.09905660377358491,21.0,108.0,0.3375,0.0,0.5495283018867925,0.0,0.0,0.0,0.9009433962264151,0.0,191.0,0.0,320.0,0.3612040133779264,1.0,0.09905660377358491,21.0,108.0,0.0,0.019152689496821886,1.5445717336146683,0.775,0.425,15881591.261522057,29551608.99642975,0.0006221505255451947,0.0015193232246616146,0.04276915843069263,,,,0.934375,1.8405208629513292,0.1568463835444292,0.034735472924021765,0.018872631994142363,0.44780198438965363,80000.0,0.0,2265.0,142.0,1.0,0.3375,0.0054125,,,,0.023983682469680266,0.023983682469680266,,-0.004766412213740458,-0.004766412213740458,18.320298964120383,0.12911982378854625,0.12911982378854625,,4570826.929054473,0.05128590765528651,-0.0011511271415689805,4431184.774881056,0.011248872858431019,,,0.175020662589633,0.0435,0.0049499999999999995,0.02495,0.0195375,0.012402764437064649,,0.0,0.0,8.683583961101249,13.144498076289892,0.0018686477366863467,0.011229145766661959
synb2b,M2,COST-THRESH,methods,,,5,73,0.08060698640190157,0.12236049535746008,0.0904625,0.0011124297730643496,0.0,0.9512954053168922,0.04870459468310775,,6919403.175411843,0.03648922067955069,161890.1038829104,297025.36006379547,0.005638474295190713,0.12700724478594952,0.013706905757135023,0.007062888859385117,1854.4040787505407,931.2220315093258,196.81671631140964,0.569047619047619,0.0,181.0,320.0,0.37800687285223367,1.0,0.1380952380952381,29.0,110.0,0.34375,0.0,0.569047619047619,0.0,0.0,0.0,0.861904761904762,0.0,181.0,0.0,320.0,0.37800687285223367,1.0,0.1380952380952381,29.0,110.0,0.0,0.019583327479875814,1.5793006032157915,0.925,0.45,16446100.902175989,30296075.86337279,0.0006380487046643673,0.0016065843661081244,0.042273664418721726,,,,0.909375,1.8195115275617941,0.1592756321921729,0.035460542499747304,0.01948904525340689,0.4864567497058436,80000.0,0.0,2292.0,142.0,1.0,0.34375,0.005475,,,,0.02309295774647887,0.02309295774647887,,-0.006074889310562935,-0.006074889310562935,18.320298964120383,0.12700724478594952,0.12700724478594952,,4754268.344747465,0.05085003035822708,-0.0010507505878097293,4475404.021952885,0.01134924941219027,,,0.1720988702486863,0.0435,0.0052250000000000005,0.025225,0.01975,0.012884440899970673,0.010958440922877307,0.0,0.0,9.313664049841464,15.327943661250178,0.001855114592765301,0.01124261702913866
synb2b,M2,COST-THRESH,methods,,,6,79,0.07065436799464565,0.10434211411661731,0.081025,0.0014747881203752626,0.0,0.9549750644875831,0.04502493551241697,,6971404.28445149,0.03576547675926558,159535.29246861814,250289.15626437185,0.004594962559564329,0.1320929116684842,0.013335647583977869,0.00621846837287141,1847.2055706369692,912.7192717032324,189.38744857307572,0.5619047619047619,0.0,184.0,320.0,0.3741496598639456,1.0,0.12380952380952381,26.0,110.0,0.34375,0.0,0.5619047619047619,0.0,0.0,0.0,0.8761904761904762,0.0,184.0,0.0,320.0,0.3741496598639456,1.0,0.12380952380952381,26.0,110.0,0.0,0.01884066025676652,1.5194080852231064,0.7,0.375,16314530.419130629,29850508.689440854,0.0005839261155632809,0.001574985639918306,0.03651977826527946,,,,0.91875,1.8292644139653516,0.18162496400109107,0.03466663268944812,0.018951132720228355,0.4555658965569016,80000.0,0.0,2276.0,142.0,1.0,0.34375,0.0050125,,,,0.01833545554335895,0.01833545554335895,,-0.004633009708737864,-0.004633009708737864,18.320298964120383,0.1320929116684842,0.1320929116684842,,4617964.391465743,0.05180884323358642,-0.0021826864603827576,4474872.5869490225,0.010217313539617242,,,0.16134882957361038,0.044,0.004337500000000001,0.0243375,0.019325,0.01166622950254165,0.008917156096653379,0.0,0.0,8.39641795028001,14.27792975504417,0.0018934885453007093,0.01120764084821477
synb2b,M2,COST-THRESH,methods,,,7,83,0.08477652027605158,0.11961462147097761,0.0899375,0.0014895469109766234,0.0,0.9538627771061877,0.04613722289381221,,7195239.231056003,0.036,173020.38037183715,368796.154221282,0.006352567496029645,0.12852140921409214,0.013906554573947086,0.007727528931126007,1838.5500742234046,925.6525444208522,193.52300728489388,0.5528846153846154,0.0,186.0,320.0,0.37583892617449666,1.0,0.10576923076923077,22.0,112.0,0.35,0.0,0.5528846153846154,0.0,0.0,0.0,0.8942307692307693,0.0,186.0,0.0,320.0,0.37583892617449666,1.0,0.10576923076923077,22.0,112.0,0.0,0.02046200915036349,1.6501620282551202,0.775,0.475,17674111.479807086,30499853.46126175,0.0006463833598415682,0.0016138108158995754,0.040626239352304444,,,,0.93125,1.8419528541401224,0.1666377160267685,0.03671437036748998,0.019932307325330172,0.4407271565948966,80000.0,0.0,2287.0,142.0,1.0,0.35,0.0058,,,,0.02558882681564246,0.02558882681564246,,-0.0038754098360655725,-0.0038754098360655725,18.320298964120383,0.12852140921409214,0.12852140921409214,,5114625.3398609385,0.053789004457652306,-0.0002711364609869916,4995450.754668862,0.012128863539013008,,,0.1765776256409469,0.0435,0.005187500000000001,0.0251875,0.0193875,0.013035963332659021,,0.0,0.0,8.71058795019053,13.784512905986048,0.0018715572774499934,0.011230516111097644
synb2b,M2,COST-THRESH,methods,,,8,89,0.08920077483384556,0.13589919621178131,0.0989875,0.00033541019662496876,0.0,0.9506387018627572,0.04936129813724272,,6372512.155910658,0.03580490555398929,148667.64655241402,282701.8772754859,0.00511889035667107,0.13974932126696832,0.014079921530381456,0.007488455079164911,1831.46584213027,931.4174182134287,194.1261055077947,0.543073593073593,1.0,190.0,320.0,0.36454849498327757,0.990909090909091,0.09523809523809523,20.0,109.0,0.34375,0.0,0.543073593073593,0.0,0.0,0.0,0.9047619047619048,1.0,190.0,0.00909090909090909,320.0,0.36454849498327757,0.990909090909091,0.09523809523809523,20.0,109.0,0.0,0.019989501610225998,1.6120565814698387,0.9,0.4,14711855.673897661,29711598.483677015,0.0006547779039907079,0.0016077696210559404,0.04277728317186225,,,,0.934375,1.8740759609636393,0.14425361462902173,0.03673929195729079,0.019603950278728112,0.451853304046104,80000.0,0.0,2316.0,142.0,1.0,0.34375,0.0068875,,,,0.022787287173666286,0.022787287173666286,,-0.004424539877300612,-0.004424539877300612,18.320298964120383,0.13974932126696832,0.13974932126696832,,3744028.3039099136,0.05443860191772348,-0.0005673024647646022,4312613.336801607,0.011832697535235397,,,0.1946219960579614,0.0435,0.006812499999999999,0.0268125,0.019925,0.012875362477316906,,0.0,0.0,9.178752021398395,13.884305283427238,0.00186745072329222,0.01130416194001096
synb2b,M2,COST-THRESH,methods,,,9,97,0.0800600218369447,0.1270981933104356,0.098125,0.0008838834764831844,0.0,0.9514753655561065,0.04852463444389347,,7290946.186854437,0.03847762442492681,174431.47058083164,336845.2066820803,0.00641133794499747,0.13785041736227047,0.014858577182342727,0.008882272393936538,1836.4571199786958,956.0672364317193,189.43793259863222,0.5609756097560976,0.0,180.0,320.0,0.3898305084745763,1.0,0.12195121951219512,25.0,115.0,0.359375,0.0,0.5609756097560976,0.0,0.0,0.0,0.8780487804878049,0.0,180.0,0.0,320.0,0.3898305084745763,1.0,0.12195121951219512,25.0,115.0,0.0,0.021512690786956338,1.7348944183029305,0.925,0.475,17646505.620187797,30281677.11177147,0.0006753120980639542,0.0016893788183154955,0.04014695675951698,,,,0.921875,1.861212921785479,0.16543797614126332,0.03913547818895343,0.021026867872489516,0.53115759733369,80000.0,0.0,2296.0,142.0,1.0,0.359375,0.0084,,,,0.024762162162162163,0.024762162162162163,,-0.0029660377358490565,-0.0029660377358490565,18.320298964120383,0.13785041736227047,0.13785041736227047,,5295578.168203406,0.05608046327339226,0.0004064398097328951,4723136.058447872,0.012806439809732895,,,0.1754434829263558,0.0425,0.008237499999999998,0.0282375,0.0198375,0.014103713653434219,0.010096049895594482,0.0,0.0,8.840003982186317,13.501723082736135,0.0018754541225543158,0.011309644183558915
synb2b,M2,COST-THRESH,methods,,,10,101,0.08257639867977386,0.12634091292668484,0.086,0.0015968719422671308,0.0,0.9526694336023949,0.04733056639760505,,7343514.156293578,0.036928854579595244,161840.60660253503,422904.7724253436,0.005289309184164129,0.13085068870523417,0.0132059300504215,0.006848541737370752,1850.6642815913567,911.240279104275,203.2902996673778,0.5598086124401914,0.0,184.0,320.0,0.376271186440678,1.0,0.11961722488038277,25.0,111.0,0.346875,0.0,0.5598086124401914,0.0,0.0,0.0,0.8803827751196173,0.0,184.0,0.0,320.0,0.376271186440678,1.0,0.11961722488038277,25.0,111.0,0.0,0.019335550029338625,1.559318550753115,0.675,0.4,16504543.537102131,30606931.948486045,0.0006286982632667896,0.0016674518071014333,0.04020559586121519,,,,0.921875,1.7894140766024205,0.154894079721898,0.035017866191652605,0.019569459439003296,0.44057978727969527,80000.0,0.0,2328.0,142.0,1.0,0.346875,0.0038875,,,,0.015455153203342618,0.015455153203342618,,-0.004001679664067186,-0.004001679664067186,18.320298964120383,0.13085068870523417,0.13085068870523417,,4529664.04179338,0.05169799878714372,-0.001602957352808583,4208460.566589827,0.010797042647191417,,,0.1777922860030374,0.034,0.0031624999999999986,0.0231625,0.019275,0.012734213844759215,,0.0,0.0,8.820754010230303,13.107501040794887,0.0018639625112578243,0.01126046785133378
synb2b,M2,COST-THRESH,methods,,,11,103,0.07180912831634935,0.10600187615664936,0.085225,0.00023717082451262867,0.0,0.9511901514520609,0.048809848547939176,,6935265.213730158,0.03722854188210962,162471.07481144197,279791.3009026585,0.0048891786179921775,0.12610415512465376,0.014340416354252863,0.007630586788950568,1870.374777434727,945.4211427514649,191.77223184588377,0.5652173913043478,0.0,180.0,320.0,0.3856655290102389,1.0,0.13043478260869565,27.0,113.0,0.353125,0.0,0.5652173913043478,0.0,0.0,0.0,0.8695652173913043,0.0,180.0,0.0,320.0,0.3856655290102389,1.0,0.13043478260869565,27.0,113.0,0.0,0.02011538407811474,1.62220839339635,0.925,0.475,16517386.6093815,30142544.320817113,0.0006540327201605147,0.0016529703381555137,0.04266564998517525,,,,0.915625,1.8819810057799933,0.1858274262330982,0.037071366907929316,0.01969805582206977,0.46297602895918644,80000.0,0.0,2266.0,142.0,1.0,0.353125,0.006175,,,,0.027864754550468836,0.027864754550468836,,-0.0038529914529914517,-0.0038529914529914517,18.320298964120383,0.12610415512465376,0.12610415512465376,,4767229.3681596555,0.051963930918538896,-0.00046386955836317384,4535100.726589029,0.011936130441636826,,,0.15672478488474928,0.0345,0.0061125,0.0261125,0.0199375,0.012884443424861565,0.009531853824254135,0.0,0.0,8.730582019779831,14.266895290929824,0.0018532606266952122,0.011247445205081216
synb2b,M2,COST-THRESH,methods,,,12,107,0.07661944682696135,0.11056426293928445,0.08425,0.0017446346322367902,0.0,0.9543050256869265,0.04569497431307348,,7770044.186414762,0.0368567454798331,162045.56890339154,395229.8862043409,0.0059692114357524344,0.12249409141583056,0.01363793666446828,0.006589679796869724,1851.3446362045709,931.4482841439668,197.2149579732285,0.569377990430622,0.0,180.0,320.0,0.38144329896907214,1.0,0.13875598086124402,29.0,111.0,0.346875,0.0,0.569377990430622,0.0,0.0,0.0,0.861244019138756,0.0,180.0,0.0,320.0,0.38144329896907214,1.0,0.13875598086124402,29.0,111.0,0.0,0.01903261339394024,1.5348881769306644,0.675,0.425,16550286.265525937,30853504.816067547,0.0006166496079602737,0.0016219240342906283,0.04072727423936416,,,,0.909375,1.8201167237064912,0.17350078304653724,0.03491527398766142,0.01918298619692909,0.46337158013648533,80000.0,0.0,2302.0,142.0,1.0,0.346875,0.0043875,,,,0.027758371040723984,0.027758371040723984,,-0.005378349912229374,-0.005378349912229374,18.320298964120383,0.12249409141583056,0.12249409141583056,,4234728.161863407,0.05037285040328717,-0.001904977253276879,4150284.031043426,0.01049502274672312,,,0.1609294600818972,0.0345,0.0036500000000000005,0.02365,0.0192625,0.01248023041527376,0.0089911370667633,0.0,0.0,8.929002011427656,13.309009720687754,0.0018613826150852644,0.01127140544586887
synb2b,M2,COST-THRESH,methods,,,13,109,0.07969645802688304,0.12888025731250335,0.0860625,0.0005062114182829146,0.0,0.9509970093970117,0.049002990602988426,,7317092.343294027,0.037031900138696255,158715.7125169796,262427.2510777255,0.004563977180114099,0.1195599109131403,0.013911355530386965,0.007284819716966357,1854.8664903489016,934.9392506069769,201.0128754195863,0.5731132075471698,0.0,181.0,320.0,0.3737024221453287,1.0,0.14622641509433962,31.0,108.0,0.3375,0.0,0.5731132075471698,0.0,0.0,0.0,0.8537735849056604,0.0,181.0,0.0,320.0,0.3737024221453287,1.0,0.14622641509433962,31.0,108.0,0.0,0.019783569151613445,1.5954491251301166,0.9,0.45,16142521.470162034,29535703.744087692,0.0006356313257259548,0.0016519694249265058,0.04249579302695208,,,,0.903125,1.8695588217314947,0.14995832921446306,0.036132342757486856,0.01932666805531309,0.47131185394171043,80000.0,0.0,2281.0,142.0,1.0,0.3375,0.0043375,,,,0.026125963149078724,0.026125963149078724,,-0.0068954128440366965,-0.0068954128440366965,18.320298964120383,0.1195599109131403,0.1195599109131403,,4023603.4889569897,0.05,-0.0005952736038207663,4539398.386833289,0.011804726396179233,,,0.18587776990524785,0.036,0.004225,0.024225,0.0198875,0.012680743190363873,0.010692391718108641,0.0,0.0,9.221086016623303,14.489867491647601,0.0018343673291599876,0.011301461773726502
synb2b,M2,COST-THRESH,methods,,,14,113,0.08245693412978271,0.10717568532131383,0.083875,0.0008139410298049855,0.0,0.9516806986016032,0.04831930139839674,,7388094.758517951,0.03605536332179931,160002.397059697,409066.4607650169,0.005223998733576065,0.13640621876735148,0.01366095987535631,0.006671862524852678,1853.3849360643499,937.3658124988771,192.72980011274,0.5502392344497608,0.0,188.0,320.0,0.3712374581939799,1.0,0.10047846889952153,21.0,111.0,0.346875,0.0,0.5502392344497608,0.0,0.0,0.0,0.8995215311004785,0.0,188.0,0.0,320.0,0.3712374581939799,1.0,0.10047846889952153,21.0,111.0,0.0,0.019131016788443304,1.5428239345518795,0.825,0.425,16334812.088322662,30414861.457377225,0.0006056908250389755,0.0015655468106493319,0.03932636862054136,,,,0.934375,1.8210982408435084,0.17884356738860654,0.03490623178947027,0.01916768190018248,0.45703865093137486,80000.0,0.0,2295.0,142.0,1.0,0.346875,0.00345,,,,0.027756162855549354,0.027756162855549354,,-0.0040913946587537095,-0.0040913946587537095,18.320298964120383,0.13640621876735148,0.13640621876735148,,4523155.503385987,0.05393053016453382,-0.001946017798805903,4014495.3656537062,0.010453982201194097,,,0.16112544951168248,0.0305,0.0031249999999999993,0.023125,0.019675,0.012416578024515547,,0.0,0.0,8.774666057433933,13.535751948365942,0.0018787483971921656,0.01128427817081474
synb2b,M2,COST-THRESH,methods,,,15,127,0.0662017192100055,0.1155046526711532,0.08715,0.001715735993677349,0.0,0.9553894561211105,0.04461054387888954,,6912235.0475685,0.03552288030781916,150212.48356834316,201206.96065298343,0.004037685060565276,0.12677808219178083,0.013158074242830872,0.005049491243305221,1839.2099710794973,928.6658991364402,191.385582966197,0.5521327014218009,0.0,189.0,320.0,0.36577181208053694,1.0,0.10426540284360189,22.0,109.0,0.340625,0.0,0.5521327014218009,0.0,0.0,0.0,0.8957345971563981,0.0,189.0,0.0,320.0,0.36577181208053694,1.0,0.10426540284360189,22.0,109.0,0.0,0.017665571018952376,1.4246428241090625,0.65,0.325,15248941.117019864,29707658.420681365,0.0005885812711545384,0.0015407990894979809,0.04096650775718888,,,,0.93125,1.7637508685012826,0.15814426514775073,0.032217376073830545,0.018266398417825708,0.4389250010822378,80000.0,0.0,2281.0,142.0,1.0,0.340625,0.00455,,,,0.023037430786267993,0.023037430786267993,135.8561903472222,-0.006034627625716104,-0.006034627625716104,18.320298964120383,0.12677808219178083,0.12677808219178083,59.187486643518525,4666616.647684509,0.05014219428229307,-0.0036672623883021935,3468882.4611138725,0.008732737611697806,,,0.15866675195943292,0.036,0.0037125000000000005,0.0237125,0.0191625,0.01153344986696622,,0.0,0.0,8.711332018719986,13.35719503054861,0.0018786513785991014,0.011222452113270985
synb2b,M2,COST-THRESH,methods,,,16,131,0.07549774609037306,0.11869087564484583,0.0930625,0.001206751838614717,0.0,0.9530339240745038,0.04696607592549604,,6753739.978578539,0.034203546000279215,151712.9125780816,347875.79581909033,0.004942339373970346,0.11767226236798223,0.013087654220875562,0.005792800558766617,1830.1124619751056,925.4303750746061,199.7574278026046,0.5545023696682464,0.0,188.0,320.0,0.367003367003367,1.0,0.10900473933649289,23.0,109.0,0.340625,0.0,0.5545023696682464,0.0,0.0,0.0,0.8909952606635071,0.0,188.0,0.0,320.0,0.367003367003367,1.0,0.10900473933649289,23.0,109.0,0.0,0.018324976054989013,1.477820649595888,0.775,0.425,15303646.453548126,29405202.243955754,0.0005846702481433139,0.0015190231522551037,0.03978084294157744,,,,0.928125,1.8400826195646038,0.15454059143147053,0.033751822394364986,0.018342558119673596,0.40187010638206305,80000.0,0.0,2247.0,142.0,1.0,0.340625,0.0049875,,,,0.016235597978663675,0.016235597978663675,,-0.006908846857840146,-0.006908846857840146,18.320298964120383,0.11767226236798223,0.11767226236798223,,4297949.068333495,0.04840919470239002,-0.0018846812473030366,3904081.6108170003,0.010515318752696963,,,0.17335515090943662,0.037,0.004475,0.024475,0.0194875,0.011692803050501382,0.0062060451957532,0.0,0.0,9.088249993510544,13.467579135322012,0.0018838256701115912,0.011291014290487424
synb2b,M2,COST-THRESH,methods,,,17,137,0.07524535393133207,0.13038307372282715,0.0899375,0.00125,0.0,0.9529240963426091,0.047075903657390984,,6649152.388957518,0.03425084933786313,153222.91282078778,139062.6292648775,0.0031198686371100163,0.12060220750551878,0.013397719180312512,0.005634371883827334,1826.8576537173803,917.3953330442951,198.06133477059626,0.5496156533892382,1.0,189.0,320.0,0.3614864864864865,0.9907407407407407,0.10849056603773585,23.0,107.0,0.3375,0.0,0.5499152137049437,0.0,0.0,0.0,0.8909952606635071,1.0,188.0,0.009174311926605505,320.0,0.36486486486486486,0.9908256880733946,0.10900473933649289,23.0,108.0,0.0,0.01822035682701891,1.46938361508217,0.85,0.45,15509261.406938694,29705464.313794143,0.0006084132788393734,0.0015180449136042765,0.04401780523466499,,,,0.925,1.878707242311789,0.13882610249016186,0.03400567938043759,0.01810057395562753,0.43561890135553644,80000.0,0.0,2249.0,142.0,0.996875,0.340625,0.006325,,,,0.023214913745130773,0.023214913745130773,,-0.007533819951338199,-0.007533819951338199,18.320298964120383,0.12060220750551878,0.12060220750551878,,4456883.84628156,0.05016671718702637,-0.0021117476432197246,4264162.542434739,0.010288252356780275,,,0.1892798773247354,0.038,0.005899999999999999,0.0259,0.019575,0.011414364528052069,0.009683156717568881,0.0,0.0,8.749833999900147,13.444633893086575,0.0018814790982714519,0.011233377303707793
synb2b,M2,COST-THRESH,methods,,,18,139,0.0812340993038789,0.11209903200467115,0.084275,0.0008979142498033988,0.0,0.9516908619818171,0.048309138018182964,,6726418.832585607,0.03366419101825501,158455.97300844983,297976.10007083486,0.004631847947612203,0.11232035794183445,0.012986110191593403,0.006510875175359196,1849.1944729362872,934.0199108102984,194.36362726970225,0.5767441860465117,0.0,182.0,320.0,0.36585365853658536,1.0,0.15348837209302327,33.0,105.0,0.328125,0.0,0.5767441860465117,0.0,0.0,0.0,0.8465116279069768,0.0,182.0,0.0,320.0,0.36585365853658536,1.0,0.15348837209302327,33.0,105.0,0.0,0.018944519621109608,1.5277838404120652,0.775,0.5,16137965.18265204,29474311.24579108,0.0006029498970587657,0.001533263585413685,0.04163329714665133,,,,0.896875,1.9114094163351274,0.16176119096958072,0.03466010861516822,0.01813327292361275,0.47623504800067673,80000.0,0.0,2211.0,142.0,1.0,0.328125,0.00455,,,,0.010530648769574944,0.010530648769574944,,-0.005828912783751493,-0.005828912783751493,18.320298964120383,0.11232035794183445,0.11232035794183445,,4401546.311845168,0.04634745242480049,-0.00021995101013505894,4712023.93815043,0.01218004898986494,,,0.1652361933336673,0.036,0.004237499999999998,0.0242375,0.0196875,0.012384579979644563,0.010870707349199713,0.0,0.0,8.572998020099476,13.538276929175481,0.0018778607436260757,0.011256172130814715
synb2b,M2,COST-THRESH,methods,,,19,149,0.07669154654450036,0.09933896164332504,0.0843125,0.0016526493881038411,0.0,0.9547722487915505,0.0452277512084496,,6422750.095985349,0.035369113715813284,161087.72334692438,370721.8224509822,0.006306007301692665,0.1318569406641263,0.013964490718645167,0.007535614063305739,1842.8135564843487,914.3329768533513,184.70347005183518,0.5480769230769231,0.0,188.0,320.0,0.37333333333333335,1.0,0.09615384615384616,20.0,112.0,0.35,0.0,0.5480769230769231,0.0,0.0,0.0,0.9038461538461539,0.0,188.0,0.0,320.0,0.37333333333333335,1.0,0.09615384615384616,20.0,112.0,0.0,0.020148920742930447,1.6249129631395522,0.65,0.425,16355605.49495558,29662071.140518006,0.0006187300645239455,0.001551115981257747,0.03799874792421617,,,,0.9375,1.8621277980002713,0.19915984748287188,0.03684095542000793,0.019784332449991473,0.4248834357436331,80000.0,0.0,2287.0,142.0,1.0,0.35,0.0049875,,,,0.019591174848317704,0.019591174848317704,,-0.004881203007518797,-0.004881203007518797,18.320298964120383,0.1318569406641263,0.1318569406641263,,4890354.3761272505,0.054599850411368736,-0.0005574207492795389,4671779.200391997,0.01184257925072046,,,0.15495828726722471,0.046,0.004225,0.024225,0.0192375,0.012700815144187336,,0.0,0.0,8.800256036920473,13.895269857603125,0.0019127479469598762,0.011208030267640449
synb2b,M3,ACI-BUDGET,methods,,,0,11,0.5021575721217088,0.08900470679016209,0.0357375,0.003562828932182964,0.0,0.9616759591372995,0.03832404086270052,,8207853.325884657,0.037620535107972294,169962.34339521397,639551.5243916179,0.008070126617503826,0.12534403470715835,0.012906998935121419,0.008074190992241017,1941.0614266605485,965.3862067053965,195.91959921907977,0.8169595143431234,37.0,8.0,320.0,0.9047619047619048,0.672566371681416,0.961352657004831,199.0,76.0,0.353125,0.0,0.8169595143431234,17.49872685185187,17.49872685185187,0.0,0.03864734299516908,37.0,8.0,0.3274336283185841,320.0,0.9047619047619048,0.672566371681416,0.961352657004831,199.0,76.0,0.0,0.02012101675210062,1.622662641298437,0.575,0.425,18070541.87341499,30196598.358537275,0.0006463548084684644,0.001658566579025968,0.04107820022134289,,,,0.2625,1.820522908942146,0.22022610850310276,0.03568436121299268,0.019601160214857083,0.6828194007011563,80000.0,0.0,2273.0,142.0,1.0,0.353125,0.0051,,,,0.019526406926406926,0.019526406926406926,,-0.003211638591117916,-0.003211638591117916,18.320298964120383,0.12534403470715835,0.12534403470715835,,4141831.034529829,0.05011119347664937,-0.00021732363821915998,5081305.988608886,0.01218267636178084,,,0.186732461927097,0.069,0.0032125,0.0232125,0.0181125,0.023771324150829602,0.01022539156573517,0.0,0.0,8.799252042081207,13.843090282171033,0.0018655961624086644,0.011331628584321369
synb2b,M3,ACI-BUDGET,methods,,,1,23,0.4724354617656645,0.0851382283290677,0.049675,0.0015288884851420656,0.0,0.9527326921724684,0.04726730782753153,,6947394.726339556,0.036698518210774134,169261.90887108754,708879.5675621602,0.008353390910378027,0.13529572459744588,0.01315996699923513,0.00854009546771312,1920.02283621284,954.58009490704,187.23886509317225,0.8506041282094311,30.0,9.0,320.0,0.9072164948453608,0.7457627118644068,0.9554455445544554,193.0,88.0,0.36875,0.0,0.8506041282094311,16.485972222222188,16.485972222222188,0.0,0.04455445544554455,30.0,9.0,0.2542372881355932,320.0,0.9072164948453608,0.7457627118644068,0.9554455445544554,193.0,88.0,0.0,0.020488171638785208,1.652271906353646,0.725,0.525,17761970.204952292,30448876.723301068,0.0006309526794492361,0.001579691851316526,0.038066283983650695,,,,0.303125,1.8191631068416751,0.23772713081117938,0.036819255033665725,0.020239666743016336,0.6481027060233052,80000.0,0.0,2286.0,142.0,1.0,0.36875,0.0079625,,,,0.027909221424627276,0.027909221424627276,,-0.0032163265306122436,-0.0032163265306122436,34.11741043402779,0.13529572459744588,0.13529572459744588,,4845981.781597551,0.05318340677708555,0.0002519527545478059,5259714.129453026,0.012651952754547805,,,0.18051481996018068,0.075,0.007262499999999998,0.0272625,0.0193,0.023620753976947143,0.009449301167110478,0.0,0.0,8.784829988144338,13.175143983098678,0.0018851186909892722,0.011308039755140872
synb2b,M3,ACI-BUDGET,methods,,,2,37,0.48718067538289433,0.0832208417312451,0.038625,0.002658712094229084,0.0,0.9563891130035069,0.043610886996493216,,6706208.114443053,0.03585164835164835,165534.99132730236,784545.3229908408,0.009060955518945634,0.12607837985769021,0.012719694729645386,0.0081220945192489,1929.5423796601383,945.4017646439992,191.22997906233408,0.8444368131868132,30.0,9.0,320.0,0.9010989010989011,0.7321428571428571,0.9567307692307693,199.0,82.0,0.35,0.0,0.8444368131868132,17.621979166666677,17.621979166666677,0.0,0.04326923076923077,30.0,9.0,0.26785714285714285,320.0,0.9010989010989011,0.7321428571428571,0.9567307692307693,199.0,82.0,0.0,0.02009783775901155,1.6207933676622217,0.55,0.425,17493166.394603167,30165342.868388563,0.0006168872684641938,0.0015498682205575217,0.0383010081146946,,,,0.284375,1.8231251155673467,0.23354390588509152,0.03543375005318235,0.019435720428960003,0.68503469851646,80000.0,0.0,2265.0,142.0,1.0,0.35,0.0048,,,,0.026103850385038506,0.026103850385038506,,-0.0027061224489795914,-0.0027061224489795914,18.320298964120383,0.12607837985769021,0.12607837985769021,,4904915.434730354,0.05174992521687107,9.117076394959261e-06,5097497.52243892,0.012409117076394959,,,0.17831708921147335,0.062,0.0032874999999999988,0.0232875,0.0184875,0.023096169153849464,0.009860424503724357,0.0,0.0,8.614580001449212,13.74297974340152,0.001890255694609393,0.011330561969696486
synb2b,M3,ACI-BUDGET,methods,,,3,53,0.5220739063843773,0.07980647982811276,0.0452125,0.0018990129014832945,0.0,0.9538949954103186,0.04610500458968151,,6449137.989223341,0.03424327855325586,163024.44624017074,560803.7293938705,0.008308688917053936,0.12568219178082193,0.012411468189303231,0.008181144324712616,1920.0683028923097,953.1958128887645,187.4393475012996,0.8817621449200397,22.0,8.0,320.0,0.9175257731958762,0.8018018018018018,0.9617224880382775,201.0,89.0,0.346875,0.0,0.8817621449200397,8.346354166666686,8.346354166666686,0.0,0.03827751196172249,22.0,8.0,0.1981981981981982,320.0,0.9175257731958762,0.8018018018018018,0.9617224880382775,201.0,89.0,0.0,0.020199861059156735,1.6290210531578013,0.725,0.5,17139584.91864438,29650666.683683693,0.0006089969129563578,0.0015010956732020957,0.03744195942829487,,,,0.303125,1.8411804072602964,0.24282219151362963,0.035679838022802626,0.019378784328850616,0.6204331401843798,80000.0,0.0,2261.0,142.0,1.0,0.346875,0.00675,,,,0.019893377120963326,0.019893377120963326,,-0.0006593159775395603,-0.0006593159775395603,18.320298964120383,0.12568219178082193,0.12568219178082193,,4906790.762498096,0.05371963180926513,0.00045932032373714564,5222852.43752907,0.012859320323737145,,,0.17285535132686178,0.074,0.0058875,0.0258875,0.0191375,0.022795320369056772,0.009735003513731954,0.0,0.0,8.57483598520048,13.464347791741602,0.0019103544794341165,0.011333645637577845
synb2b,M3,ACI-BUDGET,methods,,,4,71,0.5001510252358337,0.08467676891936997,0.042225,0.0015632498200863485,0.0,0.9529963684511854,0.04700363154881463,,6606164.854246927,0.034331528815185364,160440.81565436025,625503.4300062731,0.008135783419834479,0.12911982378854625,0.012540202467150282,0.00758075516051932,1916.314073210128,938.1614674275145,195.2289270135123,0.8733205791556155,24.0,7.0,320.0,0.9239130434782609,0.7798165137614679,0.966824644549763,204.0,85.0,0.340625,0.0,0.8733205791556155,8.156759259259275,8.156759259259275,0.0,0.03317535545023697,24.0,7.0,0.22018348623853212,320.0,0.9239130434782609,0.7798165137614679,0.966824644549763,204.0,85.0,0.0,0.019578333311135676,1.578897847672232,0.675,0.475,16914923.352483183,29551608.99642975,0.0006242793403375603,0.0014908325825759591,0.040850382501596,,,,0.2875,1.8310967121714072,0.2242158266533228,0.034764967323731515,0.018985871741588927,0.6410944744329893,80000.0,0.0,2265.0,142.0,1.0,0.340625,0.0063375,,,,0.023198705501618122,0.023198705501618122,,-0.003211638591117916,-0.003211638591117916,18.320298964120383,0.12911982378854625,0.12911982378854625,,4570826.929054473,0.05128590765528651,-0.00019756807672546665,5112428.13917551,0.012202431923274533,,,0.18050214483990232,0.0745,0.005575,0.025575,0.0192375,0.022699754686744133,0.009525362760880387,0.0,0.0,8.83767000050284,12.98973682045471,0.001874349176009099,0.011246319850833394
synb2b,M3,ACI-BUDGET,methods,,,5,73,0.5073330638387106,0.08903545426426478,0.04595,0.0017084349563269887,0.0,0.95144575124826,0.048554248751740206,,6903925.659275541,0.03643556110764106,164656.6394725837,590567.0183507672,0.007877280265339967,0.12700724478594952,0.012867610536105939,0.00795198770192931,1927.7861037529854,927.479928963357,188.43365021728727,0.8742424242424243,24.0,7.0,320.0,0.9247311827956989,0.7818181818181819,0.9666666666666667,203.0,86.0,0.34375,0.0,0.8742424242424243,10.105393518518554,10.105393518518554,0.0,0.03333333333333333,24.0,7.0,0.21818181818181817,320.0,0.9247311827956989,0.7818181818181819,0.9666666666666667,203.0,86.0,0.0,0.019860109932729728,1.6016217687685266,0.825,0.475,17335939.10609453,30296075.86337279,0.0006456668780275394,0.0015779167993212706,0.04134129882674492,,,,0.290625,1.8191882705433886,0.21884343388142868,0.03544656427201714,0.019484824548384596,0.6895160730556559,80000.0,0.0,2292.0,142.0,1.0,0.34375,0.006375,,,,0.022561154273029967,0.022561154273029967,,-0.0037265306122448976,-0.0037265306122448976,18.320298964120383,0.12700724478594952,0.12700724478594952,,4754268.344747465,0.05085003035822708,-0.00019544477868500137,5087178.08372076,0.012204555221314998,,,0.1872491571152532,0.065,0.0057625,0.0257625,0.0193875,0.02332271938930608,0.009586574482768928,0.0,0.0,8.926329988753423,13.681297135190107,0.0018985479495054706,0.011212034035663452
synb2b,M3,ACI-BUDGET,methods,,,6,79,0.5506801859940993,0.09342917608357287,0.03625,0.0024962471832733228,0.0,0.9551127403385311,0.04488725966146882,,7054310.334751525,0.035791610284167795,163519.49239892434,592781.9529205108,0.008127802690582959,0.1320929116684842,0.012215837005540239,0.007417785756877152,1904.9657852100709,904.577116027577,190.23182636299603,0.8210914263545843,36.0,7.0,320.0,0.9146341463414634,0.6756756756756757,0.9665071770334929,202.0,75.0,0.346875,0.0,0.8210914263545843,18.657824074074085,18.657824074074085,0.0,0.03349282296650718,36.0,7.0,0.32432432432432434,320.0,0.9146341463414634,0.6756756756756757,0.9665071770334929,202.0,75.0,0.0,0.01946600722040757,1.5698392919683526,0.525,0.425,17346776.588461958,29850508.689440854,0.0005994596779612345,0.0015583611252295933,0.037670140809215026,,,,0.25625,1.8124180849968503,0.20491715270366848,0.03469918056331725,0.019145240742495434,0.6730245475132974,80000.0,0.0,2276.0,142.0,1.0,0.346875,0.0050875,,,,0.0184182784272051,0.0184182784272051,,-0.0027011740684022463,-0.0027011740684022463,18.320298964120383,0.1320929116684842,0.1320929116684842,,4617964.391465743,0.05180884323358642,-0.0009710637211084155,5081719.90932418,0.011428936278891584,,,0.19821905547114455,0.0815,0.003599999999999999,0.0236,0.0185125,0.0234873504570392,0.009522925962488271,0.0,0.0,8.481416007271037,12.940051649929956,0.0019494394848392257,0.011250138979579017
synb2b,M3,ACI-BUDGET,methods,,,7,83,0.5010914259060796,0.0853048940946735,0.04355,0.0019795832894829155,0.0,0.9538679046343546,0.04613209536564555,,7303472.389082035,0.036399780641623254,176132.40616231662,687804.2911094172,0.008704337899543379,0.12852140921409214,0.013229652790889912,0.008748885952489521,1919.564171285313,943.3992946042563,193.68133375875723,0.8700568594758669,25.0,8.0,320.0,0.9166666666666666,0.7787610619469026,0.961352657004831,199.0,88.0,0.353125,0.0,0.8700568594758669,10.991481481481514,10.991481481481514,0.0,0.03864734299516908,25.0,8.0,0.22123893805309736,320.0,0.9166666666666666,0.7787610619469026,0.961352657004831,199.0,88.0,0.0,0.020816941603211223,1.6787856131621954,0.725,0.5,18620158.097337738,30499853.46126175,0.0006408441953247002,0.0015705517167936645,0.0383694215904581,,,,0.3,1.8249665604655143,0.23659011810462852,0.036832013431441366,0.02018229496876163,0.6354268615756686,80000.0,0.0,2287.0,142.0,1.0,0.353125,0.0078625,,,,0.02685845147219193,0.02685845147219193,,-0.0027011740684022463,-0.0027011740684022463,18.320298964120383,0.12852140921409214,0.12852140921409214,,5114625.3398609385,0.053789004457652306,0.0006087224877306535,5514256.077285351,0.013008722487730653,,,0.18168973201039665,0.0745,0.0069749999999999986,0.026975,0.0191125,0.02387461485685954,0.009580691597924785,0.0,0.0,9.270416048821062,13.300929163233377,0.001886066041148409,0.011316635629947919
synb2b,M3,ACI-BUDGET,methods,,,8,89,0.4776457345457588,0.09277396967096177,0.049175,0.001457737973711325,0.0,0.9507978013674266,0.04920219863257325,,6477809.7726304475,0.03587695326185972,152618.8460049219,637908.8592580723,0.008028303170499388,0.13974932126696832,0.013330189863191668,0.008460321700474586,1915.299848736288,935.4040924837049,190.43617525040602,0.8772576404155352,23.0,8.0,320.0,0.9166666666666666,0.7927927927927928,0.9617224880382775,201.0,88.0,0.346875,0.0,0.8772576404155352,7.290509259259295,7.290509259259295,0.0,0.03827751196172249,23.0,8.0,0.2072072072072072,320.0,0.9166666666666666,0.7927927927927928,0.9617224880382775,201.0,88.0,0.0,0.02025285875342245,1.633295060759875,0.775,0.45,15854615.050606672,29711598.483677015,0.000655423969928869,0.001584066742062405,0.041080297656791956,,,,0.3,1.8778444436529822,0.2112485583685715,0.0368026852274598,0.01959836734712025,0.6649288718292604,80000.0,0.0,2316.0,142.0,1.0,0.346875,0.006525,,,,0.022140389972144847,0.022140389972144847,,-0.0027061224489795914,-0.0027061224489795914,18.320298964120383,0.13974932126696832,0.13974932126696832,,3744028.3039099136,0.05443860191772348,0.0002233251475593466,4994868.114808239,0.012623325147559346,,,0.19891195610221188,0.049,0.005999999999999998,0.026,0.019475,0.02335832103009104,0.009230206848349843,0.0,0.0,9.204833972034976,13.855580005911179,0.0018965733303912245,0.011290373791235257
synb2b,M3,ACI-BUDGET,methods,,,9,97,0.44778208885224285,0.09030145941741252,0.0532875,0.0011832159566199233,0.0,0.9516090547513172,0.04839094524868272,,7290946.186854437,0.038312048861743477,176686.0408645153,579312.2088090464,0.008332156475074142,0.13785041736227047,0.01414144525965921,0.009676399788793272,1903.562767620323,967.1105749138619,183.2977861476362,0.8720419202163624,24.0,10.0,320.0,0.9019607843137255,0.7931034482758621,0.9509803921568627,194.0,92.0,0.3625,0.0,0.8720419202163624,5.515833333333319,5.515833333333319,0.0,0.049019607843137254,24.0,10.0,0.20689655172413793,320.0,0.9019607843137255,0.7931034482758621,0.9509803921568627,194.0,92.0,0.0,0.02162628591460044,1.7440553156935839,0.8,0.5,18498266.12829391,30281677.11177147,0.0006681099459260159,0.0016691427911363528,0.03856638394836819,,,,0.31875,1.8585659170836342,0.23283826571911131,0.03907752897268851,0.021025635202655043,0.6535977045605151,80000.0,0.0,2296.0,142.0,1.0,0.3625,0.0085625,,,,0.024409815950920247,0.024409815950920247,,-0.002190709545686575,-0.002190709545686575,18.320298964120383,0.13785041736227047,0.13785041736227047,,5295578.168203406,0.05608046327339226,0.0011521922026106954,5332429.564427015,0.013552192202610695,,,0.19197716996705258,0.062,0.0081625,0.0281625,0.0196,0.024272682769056437,0.009811889341052584,0.0,0.0,9.044582024216652,13.147699679248035,0.0018990233010205818,0.011350514682830985
synb2b,M3,ACI-BUDGET,methods,,,10,101,0.612107910942313,0.09499701385238574,0.0411375,0.0015370426148939398,0.0,0.9528508826679497,0.04714911733205037,,7437928.607984059,0.03722854188210962,165767.7182617464,800176.8384949208,0.008429639700883753,0.13085068870523417,0.012396377836532335,0.00796489777112717,1948.2755084522164,948.1088511154425,198.60899804421038,0.8481184533816113,30.0,7.0,320.0,0.9204545454545454,0.7297297297297297,0.9665071770334929,202.0,81.0,0.346875,0.0,0.8481184533816113,16.805439814814804,16.805439814814804,0.0,0.03349282296650718,30.0,7.0,0.2702702702702703,320.0,0.9204545454545454,0.7297297297297297,0.9665071770334929,202.0,81.0,0.0,0.0198890470552237,1.6039554076793308,0.675,0.45,17518092.10777876,30606931.948486045,0.0006482976259231939,0.0016405154980875416,0.040973167831928115,,,,0.275,1.7896776551374691,0.20619622124492462,0.03505625116246748,0.019588025285913697,0.6901543331677368,80000.0,0.0,2328.0,142.0,1.0,0.346875,0.0047875,,,,0.017217662897145936,0.017217662897145936,,-0.002195918367346939,-0.002195918367346939,18.320298964120383,0.13085068870523417,0.13085068870523417,,4529664.04179338,0.05169799878714372,-0.0005826550491318961,4750322.619506398,0.011817344950868103,,,0.19962817906289837,0.052,0.0040625,0.0240625,0.019275,0.02374350853334277,0.00998713402277193,0.0,0.0,9.00766797713004,13.284599704202265,0.0018229300613033846,0.011292796795775393
synb2b,M3,ACI-BUDGET,methods,,,11,103,0.5729214454552201,0.08952886790149173,0.0417,0.00204939015319192,0.0,0.9512985058051016,0.04870149419489823,,7076870.61602004,0.03786115295084212,168382.9880332308,745419.7330849181,0.008111080560901842,0.12610415512465376,0.013600490229753043,0.008736908225733586,1931.9574130341484,921.8626245035338,183.6371821350238,0.8346586293873712,33.0,8.0,320.0,0.9090909090909091,0.7079646017699115,0.961352657004831,199.0,80.0,0.353125,0.0,0.8346586293873712,15.641481481481492,15.641481481481492,0.0,0.03864734299516908,33.0,8.0,0.2920353982300885,320.0,0.9090909090909091,0.7079646017699115,0.961352657004831,199.0,80.0,0.0,0.020605382956632858,1.661724431986521,0.75,0.5,17757685.440185227,30142544.320817113,0.0006604948610176026,0.0016482927427987567,0.04171615665281168,,,,0.275,1.876516205112707,0.22120483978018102,0.03716293765763842,0.01980421887985047,0.6606874269728464,80000.0,0.0,2266.0,142.0,1.0,0.353125,0.0068625,,,,0.031124986566362173,0.031124986566362173,,-0.0016857142857142852,-0.0016857142857142852,18.320298964120383,0.12610415512465376,0.12610415512465376,,4767229.3681596555,0.051963930918538896,0.0003614928377192045,5168165.7229206115,0.012761492837719204,,,0.196361919795452,0.0605,0.006087499999999999,0.0260875,0.019225,0.02378982455519539,0.009805061554406119,0.0,0.0,9.527166053885594,13.683519742335193,0.0019540601444934043,0.011220669939809167
synb2b,M3,ACI-BUDGET,methods,,,12,107,0.5523215932855269,0.08289848887330452,0.039475,0.0020600364074452662,0.0,0.9545231818418451,0.04547681815815484,,7804379.668710763,0.03682758620689655,168883.77352614806,796084.9545209385,0.009165655748753202,0.12249409141583056,0.012482717233339834,0.007848330127204563,1941.8425777100394,939.694008465794,191.37170530473816,0.8526229578861158,29.0,7.0,320.0,0.9213483146067416,0.7387387387387387,0.9665071770334929,202.0,82.0,0.346875,0.0,0.8526229578861158,13.058564814814815,13.058564814814815,0.0,0.03349282296650718,29.0,7.0,0.26126126126126126,320.0,0.9213483146067416,0.7387387387387387,0.9665071770334929,202.0,82.0,0.0,0.019727322208504254,1.5909130813309882,0.625,0.45,17891858.096888617,30853504.816067547,0.0006229646245815759,0.0015986722536372403,0.03947783102676661,,,,0.278125,1.8081362165805983,0.23317944783973743,0.03495167783990089,0.019330223862225764,0.6419103756937019,80000.0,0.0,2302.0,142.0,1.0,0.346875,0.003525,,,,0.026901310043668122,0.026901310043668122,,-0.0032163265306122436,-0.0032163265306122436,18.320298964120383,0.12249409141583056,0.12249409141583056,,4234728.161863407,0.05037285040328717,-0.0005930952025108346,5056665.311793506,0.011806904797489165,,,0.17813288930189453,0.042,0.0024624999999999994,0.0224625,0.0189375,0.02330638476578557,0.009569977604273583,0.0,0.0,8.71608394663781,12.900376889738254,0.001883638106474966,0.011286338345764459
synb2b,M3,ACI-BUDGET,methods,,,13,109,0.5872742753080521,0.09686410824957534,0.040575,0.0014979152178945243,0.0,0.9511597134802678,0.04884028651973213,,7382175.560801693,0.037276478679504815,163237.0805445287,692364.5197835295,0.007955771305285868,0.1195599109131403,0.012961028384708775,0.00836959335610719,1933.0794282708248,926.4225486524502,192.6331587671032,0.8606060606060606,27.0,7.0,320.0,0.9222222222222223,0.7545454545454545,0.9666666666666667,203.0,83.0,0.34375,0.0,0.8606060606060606,10.105393518518554,10.105393518518554,0.0,0.03333333333333333,27.0,7.0,0.24545454545454545,320.0,0.9222222222222223,0.7545454545454545,0.9666666666666667,203.0,83.0,0.0,0.02023909256525844,1.6321848842950357,0.775,0.45,17236420.0479573,29535703.744087692,0.0006443444328344102,0.0016256109266873857,0.0414624320921278,,,,0.28125,1.8636468814232858,0.20052826086432762,0.036199460564032726,0.019423991167461314,0.6674074739537806,80000.0,0.0,2281.0,142.0,1.0,0.34375,0.00575,,,,0.027922580645161288,0.027922580645161288,,-0.0037265306122448976,-0.0037265306122448976,18.320298964120383,0.1195599109131403,0.1195599109131403,,4023603.4889569897,0.05,0.00028616736312011247,5138276.478415088,0.012686167363120112,,,0.21096062354253892,0.055,0.0051625,0.0251625,0.0194125,0.023486794732137946,0.009704289987273908,0.0,0.0,8.879246015567333,14.655076986528004,0.001885684962200952,0.0112264424081663
synb2b,M3,ACI-BUDGET,methods,,,14,113,0.6057973117496273,0.08278949845122228,0.0396,0.0016298006013006623,0.0,0.9515518257966197,0.04844817420338021,,7470984.550904679,0.036256265879283114,165807.53723616796,801545.6233507377,0.008222132362852136,0.13640621876735148,0.012538849153982855,0.008000366715495859,1930.195348749321,943.1750154254933,192.03930271708919,0.8526229578861158,29.0,7.0,320.0,0.9213483146067416,0.7387387387387387,0.9665071770334929,202.0,82.0,0.346875,0.0,0.8526229578861158,14.809629629629626,14.809629629629626,0.0,0.03349282296650718,29.0,7.0,0.26126126126126126,320.0,0.9213483146067416,0.7387387387387387,0.9665071770334929,202.0,82.0,0.0,0.01990836044890099,1.6055129394274992,0.65,0.475,17542782.080924083,30414861.457377225,0.0006333489869167089,0.001556739607730577,0.040827519518367765,,,,0.278125,1.8186771716491397,0.23169539786035442,0.03488576690210805,0.019181945782315142,0.665764351829383,80000.0,0.0,2295.0,142.0,1.0,0.346875,0.004225,,,,0.029716630669546433,0.029716630669546433,,-0.0027061224489795914,-0.0027061224489795914,18.320298964120383,0.13640621876735148,0.13640621876735148,,4523155.503385987,0.05393053016453382,-0.0005066974694645874,4747096.40328268,0.011893302530535412,,,0.1807917985458607,0.0535,0.0034374999999999996,0.0234375,0.0192125,0.0231282377499614,0.009997726916261433,0.0,0.0,8.721836027689278,13.46310107386671,0.0019091723881122268,0.011233714119866947
synb2b,M3,ACI-BUDGET,methods,,,15,127,0.482873127729248,0.09232663094134122,0.03955,0.0021330729007701544,0.0,0.9552951840845181,0.04470481591548187,,6946080.261915865,0.03557042397760633,154814.98215656148,510593.84042536793,0.006971556051310652,0.12677808219178083,0.01206607711161298,0.006307123334054923,1918.3529020985611,944.2433914670762,188.53630214535764,0.8412104874124962,31.0,7.0,320.0,0.9176470588235294,0.7155963302752294,0.966824644549763,204.0,78.0,0.340625,0.0,0.8412104874124962,14.733472222222247,14.733472222222247,0.0,0.03317535545023697,31.0,7.0,0.28440366972477066,320.0,0.9176470588235294,0.7155963302752294,0.966824644549763,204.0,78.0,0.0,0.01834545744172463,1.4794723743326317,0.6,0.35,16379260.356731895,29707658.420681365,0.0006053425826192866,0.0015244568501708447,0.04067019612680625,,,,0.265625,1.7546352595484591,0.19904437241234907,0.032245101158321444,0.018377096312665833,0.6333453912570934,80000.0,0.0,2281.0,142.0,1.0,0.340625,0.0055625,,,,0.02288773072747014,0.02288773072747014,135.8561903472222,-0.003211638591117916,-0.003211638591117916,18.320298964120383,0.12677808219178083,0.12677808219178083,59.187486643518525,4666616.647684509,0.05014219428229307,-0.002236009566108643,4255969.606706151,0.010163990433891356,,,0.18785079197512006,0.071,0.004362499999999998,0.0243625,0.0188,0.022271017054263494,0.009662186203459173,0.0,0.0,8.718917990336195,12.94647217495367,0.0019098268773759068,0.011224346023122691
synb2b,M3,ACI-BUDGET,methods,,,16,131,0.5545033195469383,0.0821290267417976,0.0427,0.0020402205763103165,0.0,0.9531710177831567,0.04682898221684318,,6799318.691885781,0.0343895167440893,157420.64838423207,805387.0145620193,0.008763651071861939,0.11767226236798223,0.01196708464865737,0.0071654576365715456,1928.4137756047112,948.3178341294463,188.3814387086482,0.8785714285714286,22.0,9.0,320.0,0.9072164948453608,0.8,0.9571428571428572,201.0,88.0,0.34375,0.0,0.8785714285714286,8.235046296296332,8.235046296296332,0.0,0.04285714285714286,22.0,9.0,0.2,320.0,0.9072164948453608,0.8,0.9571428571428572,201.0,88.0,0.0,0.019064240228078122,1.5374387280708164,0.7,0.45,16585739.572048722,29405202.243955754,0.0005830174136513434,0.0014808273175942266,0.03774116064691036,,,,0.303125,1.8249334406344642,0.2256785593670081,0.033824704136183575,0.018534760437303364,0.6252535406767878,80000.0,0.0,2247.0,142.0,1.0,0.34375,0.0057,,,,0.016530131004366816,0.016530131004366816,,-0.00423673469387755,-0.00423673469387755,18.320298964120383,0.11767226236798223,0.11767226236798223,,4297949.068333495,0.04840919470239002,-0.0005679634750176826,4683084.797267427,0.011832036524982317,,,0.17781352671929124,0.054,0.004725,0.024725,0.019025,0.021663337286381628,0.009182595721669006,0.0,0.0,9.016749972943217,12.997855950379744,0.0019016626332604312,0.011260227452962922
synb2b,M3,ACI-BUDGET,methods,,,17,137,0.4774053269306125,0.10456437758505424,0.0435,0.001776583800443987,0.0,0.9531773665636412,0.0468226334363591,,6819793.696448499,0.03459898197826386,158770.95299285604,507923.8610741636,0.007252440725244073,0.12060220750551878,0.012228567063767747,0.007064089810328383,1916.6848738192973,935.1906624478609,185.54442331349705,0.8424242424242424,31.0,7.0,320.0,0.9186046511627907,0.7181818181818181,0.9666666666666667,203.0,79.0,0.34375,0.0,0.8424242424242424,9.089270833333387,9.089270833333387,0.0,0.03333333333333333,31.0,7.0,0.2818181818181818,320.0,0.9186046511627907,0.7181818181818181,0.9666666666666667,203.0,79.0,0.0,0.019044316711788006,1.5358319928861295,0.725,0.475,16723919.252135064,29705464.313794143,0.000613521883758954,0.0014867646694384292,0.04169428990835715,,,,0.26875,1.8528455783548896,0.1760993296187593,0.034117773744196264,0.01841371679473087,0.6195920634469619,80000.0,0.0,2249.0,142.0,1.0,0.34375,0.0072625,,,,0.024212021857923496,0.024212021857923496,,-0.0037221031138335876,-0.0037221031138335876,18.320298964120383,0.12060220750551878,0.12060220750551878,,4456883.84628156,0.05016671718702637,-0.0007882854510786897,4939317.848330844,0.01161171454892131,,,0.22031726112460737,0.0715,0.006474999999999998,0.026475,0.0192125,0.02249330583627043,0.009264048200123354,0.0,0.0,8.432916045421734,13.204631803673692,0.0019086887347143434,0.011218302771790468
synb2b,M3,ACI-BUDGET,methods,,,18,139,0.5822620628998957,0.09702283639734849,0.0406625,0.0017906004579469983,0.0,0.9518581890322125,0.04814181096778716,,6863962.4950883575,0.034254600592735544,164605.2409480006,707726.6652799187,0.008358047991372337,0.11232035794183445,0.012150313220004382,0.007615178991984871,1928.036836722268,926.490608737807,187.68124342137003,0.8599114064230343,26.0,7.0,320.0,0.9186046511627907,0.7523809523809524,0.9674418604651163,208.0,79.0,0.328125,0.0,0.8599114064230343,11.187951388888905,11.187951388888905,0.0,0.03255813953488372,26.0,7.0,0.24761904761904763,320.0,0.9186046511627907,0.7523809523809524,0.9674418604651163,208.0,79.0,0.0,0.019466014253802788,1.5698398591776443,0.75,0.5,17391607.386538714,29474311.24579108,0.0006039183612072272,0.001527386258247504,0.03987557224426466,,,,0.26875,1.908122354369224,0.18820744543052126,0.03484311595854774,0.018260420186768357,0.7046464565023168,80000.0,0.0,2211.0,142.0,1.0,0.328125,0.0048375,,,,0.012627203482045704,0.012627203482045704,,-0.0032163265306122436,-0.0032163265306122436,18.320298964120383,0.11232035794183445,0.11232035794183445,,4401546.311845168,0.04634745242480049,0.0004942585266759329,5418371.914325271,0.012894258526675932,,,0.2154420680187597,0.0495,0.004074999999999999,0.024075,0.0192375,0.022342135093781957,0.009668560164450146,0.0,0.0,8.993998024379835,13.545786300092004,0.0019248072939350698,0.011216357870742216
synb2b,M3,ACI-BUDGET,methods,,,19,149,0.6241109344343374,0.08107647539090104,0.0357625,0.0019509613015126675,0.0,0.9549486729273158,0.045051327072684166,,6459723.104063699,0.03520839008444566,164660.2052519311,836782.392147367,0.009541984732824428,0.1318569406641263,0.013026732513391957,0.00868081451592454,1928.582301993862,940.6215390142588,179.6614028554092,0.8382728666326009,33.0,7.0,320.0,0.9204545454545454,0.7105263157894737,0.9660194174757282,199.0,81.0,0.35625,0.0,0.8382728666326009,13.791805555555584,13.791805555555584,0.0,0.03398058252427184,33.0,7.0,0.2894736842105263,320.0,0.9204545454545454,0.7105263157894737,0.9660194174757282,199.0,81.0,0.0,0.02063995768874785,1.6645127168345042,0.475,0.475,17420387.950792447,29662071.140518006,0.0006351629640648958,0.0015196679294776434,0.0383816039019876,,,,0.275,1.8446216169607585,0.24601576952012238,0.036792991523920016,0.019946091483271786,0.6612896241281492,80000.0,0.0,2287.0,142.0,1.0,0.35625,0.0043375,,,,0.018665881092662026,0.018665881092662026,,-0.002195918367346939,-0.002195918367346939,18.320298964120383,0.1318569406641263,0.1318569406641263,,4890354.3761272505,0.054599850411368736,0.0005781566329248807,5233528.078454129,0.01297815663292488,,,0.17774218585013202,0.0585,0.003199999999999998,0.0232,0.0188625,0.02415224061238619,0.010213729012145064,0.0,0.0,8.4670819924213,12.842581245931797,0.0019218033727896962,0.0113070787131614
synb2b,M4,ACI-BUDGET-CRC,methods,,,0,11,0.03643683573675205,0.05161290742777637,0.031875,0.0037291084725440747,0.0,0.961502404196056,0.03849759580394402,,8298395.049029605,0.03769535180092561,171106.53331020352,719457.2963851938,0.008401084010840108,0.12534403470715835,0.01278473212950651,0.008059158123348842,1953.289608604274,936.5491393547732,198.76516999188826,0.6974477363088367,52.0,30.0,320.0,0.6703296703296703,0.5398230088495575,0.855072463768116,177.0,61.0,0.353125,0.0,0.6974477363088367,51.600717592592616,51.600717592592616,3.6933101851852257,0.14492753623188406,52.0,30.0,0.46017699115044247,320.0,0.6703296703296703,0.5398230088495575,0.855072463768116,177.0,61.0,0.0,0.020114451095178582,1.6221331528369825,0.55,0.425,18260953.385828167,30196598.358537275,0.0006419483478736302,0.00166836344588255,0.04015358216226629,,,,0.284375,1.817444766025889,0.3806183907996249,0.03570337850476229,0.01964482176965025,0.6660225087210506,80000.0,0.0,2273.0,142.0,1.0,0.353125,0.0050625,,,,0.01970272873194221,0.01970272873194221,,-0.003211638591117916,-0.003211638591117916,18.320298964120383,0.12534403470715835,0.12534403470715835,,4141831.034529829,0.05011119347664937,-0.00033129137310827783,5101270.005883541,0.012068708626891722,,,0.07186776787692073,0.071,0.002999999999999999,0.023,0.0179375,0.02074262277676657,0.010550575831501664,0.0,0.0,9.002337959827855,12.998064099811018,0.0018613356957566758,0.011329050288258398
synb2b,M4,ACI-BUDGET-CRC,methods,,,1,23,0.03587950773811024,0.05622009874036561,0.0441,0.0014339630399699986,0.0,0.953791376987732,0.04620862301226816,,7063421.837876093,0.036866991023093265,169612.49717836655,741806.3138028285,0.008466475488187901,0.13529572459744588,0.013179948656329368,0.008468002821942041,1956.6056287216231,965.397346857392,193.32801393665738,0.7626774847870182,38.0,30.0,320.0,0.7222222222222222,0.6724137931034483,0.8529411764705882,174.0,78.0,0.3625,0.0,0.7626774847870182,35.15824074074072,35.15824074074072,0.0,0.14705882352941177,38.0,30.0,0.3275862068965517,320.0,0.7222222222222222,0.6724137931034483,0.8529411764705882,174.0,78.0,0.0,0.020380924415733487,1.6436229367527007,0.725,0.475,17899534.97691352,30448876.723301068,0.000637573320762965,0.00158216227885914,0.038674699664699226,,,,0.3375,1.819281516182637,0.3610496734849634,0.03692822793125287,0.02029824829350141,0.6238620141333183,80000.0,0.0,2286.0,142.0,1.0,0.3625,0.00895,,,,0.02683705722070845,0.02683705722070845,,-0.0032163265306122436,-0.0032163265306122436,18.320298964120383,0.13529572459744588,0.13529572459744588,,4845981.781597551,0.05318340677708555,2.8380648774393308e-05,5248325.04363705,0.012428380648774393,,,0.07747704595670812,0.088,0.0083125,0.0283125,0.0193625,0.021008202950062158,0.009722412013305811,0.0,0.0,9.049666055943817,16.981824468821294,0.0018476566197381133,0.01131939804179686
synb2b,M4,ACI-BUDGET-CRC,methods,,,2,37,0.0453355414632705,0.05130827211495768,0.0359375,0.002391390808713624,0.0,0.955919175777548,0.04408082422245198,,6836745.084288545,0.0361880144207877,166534.69123495277,817770.5180686559,0.009453072248480757,0.12607837985769021,0.012631316947778077,0.008209997696014163,1961.0016764070963,945.6306920063879,190.6257519328104,0.7379807692307692,42.0,31.0,320.0,0.693069306930693,0.625,0.8509615384615384,177.0,70.0,0.35,0.0,0.7379807692307692,39.91767361111113,39.91767361111113,0.0,0.14903846153846154,42.0,31.0,0.375,320.0,0.693069306930693,0.625,0.8509615384615384,177.0,70.0,0.0,0.020191468542564726,1.628344237303607,0.6,0.425,17652063.8933498,30165342.868388563,0.0006130388286500845,0.0015502074534630504,0.037520455645511624,,,,0.315625,1.8198269158935523,0.3805989052628816,0.03553734743583673,0.019527872197882927,0.6652979346447705,80000.0,0.0,2265.0,142.0,1.0,0.35,0.0054,,,,0.02753524015110631,0.02753524015110631,,-0.0027061224489795914,-0.0027061224489795914,18.320298964120383,0.12607837985769021,0.12607837985769021,,4904915.434730354,0.05174992521687107,-3.7186659264635755e-05,5092632.856262248,0.012362813340735364,,,0.07790884558913841,0.0625,0.004137499999999999,0.0241375,0.0187375,0.020630987459292264,0.010282621543648224,0.0,0.0,8.477747993310913,12.81234226480592,0.001857957054726236,0.01136135059876333
synb2b,M4,ACI-BUDGET-CRC,methods,,,3,53,0.040719603634873966,0.048939749688884225,0.0408,0.0016770509831248422,0.0,0.9547471023376913,0.04525289766230844,,6534440.885791665,0.03439386744454243,164131.4820214058,658172.2508653526,0.008984481350394773,0.12568219178082193,0.012307621072354025,0.008183178566894168,1951.1507547460321,948.4609622168779,191.53658146790073,0.7477693004008794,39.0,32.0,320.0,0.6923076923076923,0.6486486486486487,0.84688995215311,177.0,72.0,0.346875,0.0,0.7477693004008794,36.940162037037055,36.940162037037055,0.0,0.15311004784688995,39.0,32.0,0.35135135135135137,320.0,0.6923076923076923,0.6486486486486487,0.84688995215311,177.0,72.0,0.0,0.020200005319290407,1.629032687039549,0.725,0.475,17339355.053720478,29650666.683683693,0.0006022447198570647,0.0014965682061900735,0.036510737816772616,,,,0.325,1.839043401025309,0.3976885545767018,0.035792894026036165,0.01946277831511796,0.6126237192466121,80000.0,0.0,2261.0,142.0,1.0,0.346875,0.00755,,,,0.019474662344678553,0.019474662344678553,,-0.0006593159775395603,-0.0006593159775395603,18.320298964120383,0.12568219178082193,0.12568219178082193,,4906790.762498096,0.05371963180926513,0.00029253936838482056,5239951.154565366,0.01269253936838482,,,0.07356978956998284,0.0785,0.006775,0.026775,0.019225,0.0201922679551653,0.01005999092619476,0.0,0.0,8.834748005028814,12.940002011018805,0.0018754729669407208,0.011310020971096187
synb2b,M4,ACI-BUDGET-CRC,methods,,,4,71,0.04057643237546879,0.050905004066920764,0.0304375,0.0013784048752090226,0.0,0.9549630196875888,0.04503698031241131,,7192577.647721767,0.03530183727034121,165538.5018076449,709484.0971773854,0.008675613392978175,0.12911982378854625,0.012566678995183564,0.007820981842899154,1955.7318725491405,926.5518929070577,196.6320875664614,0.7316622461846167,43.0,30.0,320.0,0.6875,0.6055045871559633,0.8578199052132701,181.0,66.0,0.340625,0.0,0.7316622461846167,41.791689814814845,41.791689814814845,0.0,0.14218009478672985,43.0,30.0,0.3944954128440367,320.0,0.6875,0.6055045871559633,0.8578199052132701,181.0,66.0,0.0,0.019888717888007577,1.603928861936095,0.6,0.475,17651477.79079353,29551608.99642975,0.0006189712636691318,0.0014926121095500198,0.03913179661153083,,,,0.3,1.8297810055016823,0.37956922943303345,0.03535497949155836,0.01932197316796655,0.5787725494715483,80000.0,0.0,2265.0,142.0,1.0,0.340625,0.0068875,,,,0.022894117647058822,0.022894117647058822,,-0.003211638591117916,-0.003211638591117916,18.320298964120383,0.12911982378854625,0.12911982378854625,,4570826.929054473,0.05128590765528651,-0.00023069914665183738,5178589.116839906,0.012169300853348162,,,0.07481587016612004,0.079,0.006162500000000001,0.0261625,0.019275,0.02039121268720524,0.010161358590484556,0.0,0.0,8.42483399901539,13.53930517914705,0.0018613045890404699,0.011316836166810024
synb2b,M4,ACI-BUDGET-CRC,methods,,,5,73,0.049105322156563824,0.051915395976916565,0.0402125,0.0015988276955319484,0.0,0.9530698315045674,0.04693016849543272,,7088978.6189594865,0.03671589215553448,166776.49929786264,703400.5245392316,0.008646311807619562,0.12700724478594952,0.012793300315324677,0.008076384615236609,1962.1404431478202,933.5875722591597,196.8160617122279,0.7558441558441558,38.0,30.0,320.0,0.7058823529411765,0.6545454545454545,0.8571428571428571,180.0,72.0,0.34375,0.0,0.7558441558441558,35.884317129629665,35.884317129629665,0.0,0.14285714285714285,38.0,30.0,0.34545454545454546,320.0,0.7058823529411765,0.6545454545454545,0.8571428571428571,180.0,72.0,0.0,0.020032434731748816,1.6155189299797432,0.825,0.45,17664606.570144087,30296075.86337279,0.00063621496119741,0.001578400411139432,0.03979850549786255,,,,0.31875,1.8143911719276444,0.37761897082440365,0.03556975708304718,0.01960423839874462,0.6691725055525805,80000.0,0.0,2292.0,142.0,1.0,0.34375,0.0066125,,,,0.02288773072747014,0.02288773072747014,,-0.0037265306122448976,-0.0037265306122448976,18.320298964120383,0.12700724478594952,0.12700724478594952,,4754268.344747465,0.05085003035822708,-0.00022167140029262337,5117959.081897903,0.012178328599707376,,,0.08048780532876125,0.0655,0.00605,0.02605,0.0194375,0.020716981937387174,0.009977976759304695,0.0,0.0,8.832499996060506,13.647312794928439,0.0018617219160252975,0.011324295907450642
synb2b,M4,ACI-BUDGET-CRC,methods,,,6,79,0.0398661221504953,0.05161962995492648,0.0269,0.0025409151894543822,0.0,0.9590997458596118,0.04090025414038786,,7550562.634082697,0.037087466770407834,166953.12444763753,690394.256428956,0.008562109268823049,0.1320141689373297,0.012596364800084553,0.0074985092827384095,1932.1439331149336,909.9917247207928,189.3913161810256,0.7120134488555541,48.0,30.0,320.0,0.6774193548387096,0.5675675675675675,0.8564593301435407,179.0,63.0,0.346875,0.0,0.7120134488555541,47.30935185185183,47.30935185185183,1.1025347222222308,0.14354066985645933,48.0,30.0,0.43243243243243246,320.0,0.6774193548387096,0.5675675675675675,0.8564593301435407,179.0,63.0,0.0,0.019679729747423828,1.587074979630954,0.45,0.375,17868888.59702217,29850508.689440854,0.0005915675228199026,0.0015543821202964943,0.035389276883181,,,,0.290625,1.8112485440741273,0.3782751903679282,0.03536720948239554,0.019526425347921823,0.6481729160377894,80000.0,0.0,2276.0,142.0,1.0,0.346875,0.0063625,,,,0.017838726790450926,0.017838726790450926,,-0.0027011740684022463,-0.0027011740684022463,18.320298964120383,0.1320141689373297,0.1320141689373297,,4617964.391465743,0.051801131289074126,-0.0013064300038400818,5009967.315044772,0.011093569996159918,,,0.07828979217243967,0.083,0.004799999999999999,0.0248,0.0184375,0.01956078526618435,0.009895532919265246,0.0,0.0,8.516999980201945,12.994217851082794,0.0019154901211742503,0.011210255578969049
synb2b,M4,ACI-BUDGET-CRC,methods,,,7,83,0.041373669323865506,0.05555092249293966,0.0393375,0.0015732132722552276,0.0,0.954367098399438,0.045632901600562034,,7414962.606849121,0.03683316343866803,176195.1370957304,717875.3643429076,0.009358656757500689,0.12852140921409214,0.01321582508661535,0.008798406812953432,1955.4810311286515,965.2525972393771,193.52300728489388,0.754969860202642,39.0,30.0,320.0,0.7115384615384616,0.6548672566371682,0.855072463768116,177.0,74.0,0.353125,0.0,0.754969860202642,36.333298611111104,36.333298611111104,0.0,0.14492753623188406,39.0,30.0,0.34513274336283184,320.0,0.7115384615384616,0.6548672566371682,0.855072463768116,177.0,74.0,0.0,0.02084688823677816,1.6812006642563033,0.675,0.475,18698924.0845135,30499853.46126175,0.0006360722589165581,0.0015742622022839436,0.037451045394048206,,,,0.325,1.822322167931583,0.3657167420752835,0.03702211929301706,0.020315902393394477,0.6079842891289008,80000.0,0.0,2287.0,142.0,1.0,0.353125,0.0075,,,,0.0276,0.0276,,-0.0027011740684022463,-0.0027011740684022463,18.320298964120383,0.12852140921409214,0.12852140921409214,,5114625.3398609385,0.053789004457652306,0.0004326180257510741,5451460.773460534,0.012832618025751074,,,0.08046160551106192,0.0895,0.006775,0.026775,0.019275,0.021368385806652363,0.010035841700504441,0.0,0.0,8.682079991558567,13.85012295388151,0.0018484523107133396,0.01136799480174127
synb2b,M4,ACI-BUDGET-CRC,methods,,,8,89,0.04686729574275668,0.05721692349312906,0.0412375,0.0013038404810405298,0.0,0.9526409278329505,0.04735907216704916,,6834180.424463067,0.036357458375807,156545.08107634305,701799.6506870363,0.00849514563106796,0.13974932126696832,0.013213815180244715,0.008582383354710291,1956.857957428342,943.231189743729,194.1261055077947,0.7345359713780766,43.0,30.0,320.0,0.6938775510204082,0.6126126126126126,0.8564593301435407,179.0,68.0,0.346875,0.0,0.7345359713780766,40.41281250000003,40.41281250000003,0.0,0.14354066985645933,43.0,30.0,0.38738738738738737,320.0,0.6938775510204082,0.6126126126126126,0.8564593301435407,179.0,68.0,0.0,0.020429349055724876,1.6475281496552319,0.8,0.425,16417998.155795138,29711598.483677015,0.0006570494908609917,0.0015907026642446407,0.04082347966046021,,,,0.30625,1.8761431937900475,0.34479442598914417,0.03701269606307902,0.019728076292678212,0.6279521373199584,80000.0,0.0,2316.0,142.0,1.0,0.346875,0.007175,,,,0.022534497816593883,0.022534497816593883,,-0.0027061224489795914,-0.0027061224489795914,18.320298964120383,0.13974932126696832,0.13974932126696832,,3744028.3039099136,0.05443860191772348,0.00016983240223463793,5137989.776735123,0.012569832402234637,,,0.08744965985413895,0.05,0.006724999999999998,0.026725,0.01955,0.0213142858615266,0.009813449041687,0.0,0.0,8.740333985770121,12.946956035448238,0.0018729060418015084,0.011345735586064049
synb2b,M4,ACI-BUDGET-CRC,methods,,,9,97,0.0408981463485946,0.058103612814988194,0.047225,0.001030776406404415,0.0,0.9519113746158342,0.04808862538416567,,7387891.430606427,0.038453601155671736,177916.12647174473,665386.5762956218,0.008866457509207474,0.13785041736227047,0.014052729784806057,0.009738817341136689,1945.8035144408,966.342505390726,189.42964294500027,0.7577755240027045,38.0,32.0,320.0,0.7090909090909091,0.6724137931034483,0.8431372549019608,172.0,78.0,0.3625,0.0,0.7577755240027045,35.15824074074072,35.15824074074072,0.0,0.1568627450980392,38.0,32.0,0.3275862068965517,320.0,0.7090909090909091,0.6724137931034483,0.8431372549019608,172.0,78.0,0.0,0.021622056104814727,1.7437142020011878,0.825,0.5,18734541.681204885,30281677.11177147,0.0006677571361510431,0.001668814774838885,0.0382517372291241,,,,0.34375,1.855873803909207,0.3627869865585484,0.039120399303035604,0.021079234601314223,0.5830206260901148,80000.0,0.0,2296.0,142.0,1.0,0.3625,0.01,,,,0.024860273972602737,0.024860273972602737,,-0.002190709545686575,-0.002190709545686575,18.320298964120383,0.13785041736227047,0.13785041736227047,,5295578.168203406,0.05608046327339226,0.0010585424961052445,5385685.506099431,0.013458542496105244,,,0.08266870200722964,0.0745,0.0097,0.0297,0.0197,0.022059773967375865,0.010265129501314736,0.0,0.0,8.8555000256747,13.854185086092912,0.0018877348452102486,0.011364248987214191
synb2b,M4,ACI-BUDGET-CRC,methods,,,10,101,0.04676075346766291,0.05616823517543162,0.0288625,0.0016507574019219177,0.0,0.9559997310529698,0.0440002689470301,,8011398.490540745,0.038742023701002735,172343.0936243986,884202.7955673899,0.00876128858336703,0.13085068870523417,0.012521084728052473,0.008299314049359647,1982.5063551602332,948.0170109890678,203.2902996673778,0.7417130048708995,43.0,27.0,320.0,0.7157894736842105,0.6126126126126126,0.8708133971291866,182.0,68.0,0.346875,0.0,0.7417130048708995,41.46865740740742,41.46865740740742,0.0,0.1291866028708134,43.0,27.0,0.38738738738738737,320.0,0.7157894736842105,0.6126126126126126,0.8708133971291866,182.0,68.0,0.0,0.02040521554157858,1.6455818985144017,0.6,0.425,18416323.424056277,30606931.948486045,0.0006475317812252945,0.00166269238329659,0.038942450893353055,,,,0.296875,1.7740253856132544,0.3586489553331955,0.0357371716978839,0.020144678868577796,0.6476135749535172,80000.0,0.0,2328.0,142.0,1.0,0.346875,0.00445,,,,0.017756165858912223,0.017756165858912223,,-0.002195918367346939,-0.002195918367346939,18.320298964120383,0.13085068870523417,0.13085068870523417,,4529664.04179338,0.05169799878714372,-0.0005797195622435011,4991058.096154759,0.011820280437756498,,,0.08229829964157107,0.052,0.0036249999999999998,0.023625,0.019175,0.02119298087312829,0.01065374609968258,0.0,0.0,8.5799980442971,13.689900052268058,0.0018316462944907958,0.01127278739883592
synb2b,M4,ACI-BUDGET-CRC,methods,,,11,103,0.042137043404359815,0.05417405274676307,0.0378,0.002003122562401013,0.0,0.9521909771473819,0.047809022852618274,,7297673.496457746,0.03823113683785421,170822.20577717878,748563.3167508941,0.008090614886731391,0.12610415512465376,0.013561414073293069,0.00878310305155271,1953.0926925432345,905.4704159620791,181.78088762980937,0.7284211876362704,45.0,30.0,320.0,0.6938775510204082,0.6017699115044248,0.855072463768116,177.0,68.0,0.353125,0.0,0.7284211876362704,43.16924768518521,43.16924768518521,0.0,0.14492753623188406,45.0,30.0,0.39823008849557523,320.0,0.6938775510204082,0.6017699115044248,0.855072463768116,177.0,68.0,0.0,0.02067704053230125,1.6675032687339717,0.75,0.45,18097544.680793904,30142544.320817113,0.0006485586859480255,0.001665082715264088,0.03944967040534608,,,,0.30625,1.8721615862219105,0.36870032407673337,0.03739453830732568,0.01997399080428159,0.6506965917092267,80000.0,0.0,2266.0,142.0,1.0,0.353125,0.0066625,,,,0.030823052294557098,0.030823052294557098,,-0.0016857142857142852,-0.0016857142857142852,18.320298964120383,0.12610415512465376,0.12610415512465376,,4767229.3681596555,0.051963930918538896,0.00029568947029809216,5284078.499425612,0.012695689470298092,,,0.08231232274358118,0.0635,0.005787500000000001,0.0257875,0.019125,0.020922605589765674,0.010055144708887506,0.0,0.0,8.851581980707124,14.816572066629307,0.0019406967393442564,0.011239480581357347
synb2b,M4,ACI-BUDGET-CRC,methods,,,12,107,0.038426366563510506,0.05038410253347779,0.0339875,0.0019557607215607946,0.0,0.9563215564875722,0.043678443512428035,,8217603.9313945025,0.03786161845087322,172661.86637695614,796084.9545209385,0.009165655748753202,0.12249409141583056,0.0126992397649243,0.008046893075169195,1976.592285666359,950.6457261427313,197.22052565062492,0.7390404758825811,42.0,30.0,320.0,0.696969696969697,0.6216216216216216,0.8564593301435407,179.0,69.0,0.346875,0.0,0.7390404758825811,40.18974537037036,40.18974537037036,0.0,0.14354066985645933,42.0,30.0,0.3783783783783784,320.0,0.696969696969697,0.6216216216216216,0.8564593301435407,179.0,69.0,0.0,0.02005148175037951,1.6170549798693155,0.675,0.45,18385123.14573804,30853504.816067547,0.0006139006102265689,0.0016000816532024751,0.03750318933306605,,,,0.309375,1.8093762166484288,0.38900755064255205,0.03546340530870995,0.019599796317871395,0.6160037006393719,80000.0,0.0,2302.0,142.0,1.0,0.346875,0.0051375,,,,0.02633431533006001,0.02633431533006001,,-0.0032163265306122436,-0.0032163265306122436,18.320298964120383,0.12249409141583056,0.12249409141583056,,4234728.161863407,0.05037285040328717,-0.0005957958214827964,5136706.097959191,0.011804204178517203,,,0.07390951463787973,0.042,0.004212500000000001,0.0242125,0.019075,0.020352876800356537,0.010048007714421579,0.0,0.0,9.595413954230025,18.390729916281998,0.0018371640865268457,0.011322466961400601
synb2b,M4,ACI-BUDGET-CRC,methods,,,13,109,0.046161547063960695,0.05576437732721805,0.0347375,0.0017446346322367902,0.0,0.9538113874152558,0.046188612584744417,,7686950.927456268,0.03795942960433822,166316.28136039825,692364.5197835295,0.007956844234659474,0.1195599109131403,0.012977384935412112,0.008500654960439719,1960.1207032404536,930.3481164815588,199.01874142621122,0.7264069264069264,45.0,29.0,320.0,0.6914893617021277,0.5909090909090909,0.861904761904762,181.0,65.0,0.34375,0.0,0.7264069264069264,43.98466435185185,43.98466435185185,0.0,0.1380952380952381,45.0,29.0,0.4090909090909091,320.0,0.6914893617021277,0.5909090909090909,0.861904761904762,181.0,65.0,0.0,0.020440791733833674,1.6484509462769092,0.725,0.475,17665037.839591272,29535703.744087692,0.0006441517114746593,0.0016492983423984978,0.04040060909726786,,,,0.29375,1.857182061728358,0.35305240789947895,0.03656373184642518,0.019687747690389442,0.6349314232791681,80000.0,0.0,2281.0,142.0,1.0,0.34375,0.0057125,,,,0.025792576654115114,0.025792576654115114,,-0.0037265306122448976,-0.0037265306122448976,18.320298964120383,0.1195599109131403,0.1195599109131403,,4023603.4889569897,0.05,0.00026310160427807545,5262118.903394483,0.012663101604278075,,,0.08529827266029104,0.055,0.0049499999999999995,0.02495,0.0192375,0.020863808699707782,0.010290299098290087,0.0,0.0,9.335083974292502,15.756661075283775,0.0018584920903153854,0.011293755028320196
synb2b,M4,ACI-BUDGET-CRC,methods,,,14,113,0.041156248682960445,0.05239974502344678,0.0353875,0.0014832396974191326,0.0,0.9529397566454123,0.04706024335458786,,7644832.87912209,0.03659762718680877,167903.93009487717,832994.7713936741,0.008358047991372337,0.13640621876735148,0.012688076976141096,0.007933767155094524,1955.205607571843,936.5509385210087,192.72980011274,0.7144057933531618,48.0,29.0,320.0,0.6847826086956522,0.5675675675675675,0.861244019138756,180.0,63.0,0.346875,0.0,0.7144057933531618,47.30935185185183,47.30935185185183,1.1025347222222308,0.13875598086124402,48.0,29.0,0.43243243243243246,320.0,0.6847826086956522,0.5675675675675675,0.861244019138756,180.0,63.0,0.0,0.019912469754465763,1.6058443350375615,0.65,0.45,17845130.409163065,30414861.457377225,0.0006260615012052734,0.001557661643650184,0.0394957417339706,,,,0.2875,1.8029893672613813,0.37043277338859065,0.03499707453397024,0.01941058287389039,0.6648367035575257,80000.0,0.0,2295.0,142.0,1.0,0.346875,0.0045875,,,,0.03079654427645788,0.03079654427645788,,-0.0027061224489795914,-0.0027061224489795914,18.320298964120383,0.13640621876735148,0.13640621876735148,,4523155.503385987,0.05393053016453382,-0.0007586561095655892,4844147.255261315,0.01164134389043441,,,0.07675236573120296,0.0535,0.0038125,0.0238125,0.019225,0.020505907051311296,0.010391196736937277,0.0,0.0,8.352834003744647,12.91825184947811,0.0019028633195011912,0.011281608421846221
synb2b,M4,ACI-BUDGET-CRC,methods,,,15,127,0.038758420952987115,0.054063311491637914,0.0342625,0.0019827380058898354,0.0,0.9562775087104778,0.04372249128952222,,7212050.277399192,0.03621448579431773,157948.21968853386,640833.661373477,0.008010862186014935,0.12717307060755337,0.01206953791543972,0.006436265039340023,1950.6055347989818,938.8922383727581,191.385582966197,0.7110961346145485,48.0,29.0,320.0,0.6777777777777778,0.5596330275229358,0.8625592417061612,182.0,61.0,0.340625,0.0,0.7110961346145485,47.82815972222227,47.82815972222227,3.6933101851852257,0.13744075829383887,48.0,29.0,0.44036697247706424,320.0,0.6777777777777778,0.5596330275229358,0.8625592417061612,182.0,61.0,0.0,0.018537100607340904,1.494927468333944,0.65,0.325,16806476.15775882,29707658.420681365,0.0005927360584611677,0.0015293872984440081,0.03869048749164027,,,,0.28125,1.7531608108407923,0.343475132541927,0.03255514976099327,0.01856940308024582,0.6093702915224146,80000.0,0.0,2281.0,142.0,1.0,0.340625,0.006025,,,,0.023467237687366166,0.023467237687366166,135.8561903472222,-0.003211638591117916,-0.003211638591117916,18.320298964120383,0.12717307060755337,0.12717307060755337,59.187486643518525,4672327.335062718,0.05027682178662277,-0.00242098590946079,4281264.883923436,0.00997901409053921,,,0.07519423925359697,0.074,0.0050125,0.0250125,0.0189875,0.0192347576696188,0.009932965795996727,0.0,0.0,8.347333961864933,12.87358219968155,0.0018641386854302028,0.011232125320365481
synb2b,M4,ACI-BUDGET-CRC,methods,,,16,131,0.03826358243120769,0.05221628218915237,0.0399125,0.001842213342694054,0.0,0.9539283458039977,0.04607165419600238,,6939603.892684483,0.034407576480207126,159930.3101889275,828437.2171285644,0.009033301874073075,0.11767226236798223,0.011838850743952207,0.0071488849523549695,1955.9095758055832,942.9047450918675,199.7574278026046,0.741991341991342,40.0,32.0,320.0,0.6862745098039216,0.6363636363636364,0.8476190476190476,178.0,70.0,0.34375,0.0,0.741991341991342,38.045289351851864,38.045289351851864,0.0,0.1523809523809524,40.0,32.0,0.36363636363636365,320.0,0.6862745098039216,0.6363636363636364,0.8476190476190476,178.0,70.0,0.0,0.019102526634607722,1.5405263415006227,0.675,0.45,16914291.378766418,29405202.243955754,0.0005741101789232034,0.0014740033441282148,0.036429824310802106,,,,0.31875,1.815495085186721,0.3579299253143419,0.03393118554950536,0.01868976998415591,0.6141996667139861,80000.0,0.0,2247.0,142.0,1.0,0.34375,0.00565,,,,0.016233171258779037,0.016233171258779037,,-0.00423673469387755,-0.00423673469387755,18.320298964120383,0.11767226236798223,0.11767226236798223,,4297949.068333495,0.04840919470239002,-0.0006441274267939504,4848301.2006198745,0.01175587257320605,,,0.07634511511468531,0.054,0.004762499999999999,0.0247625,0.0191125,0.019073573008763074,0.0094898417995994,0.0,0.0,8.80583404796198,13.372121994616464,0.0018885868571589352,0.011275630143857891
synb2b,M4,ACI-BUDGET-CRC,methods,,,17,137,0.042523750480469816,0.05371318694527767,0.031,0.0018131464364468746,0.0,0.9563330536054387,0.043666946394561326,,7366637.311479646,0.035559637842802784,165339.66207237364,684218.1732829192,0.008514664143803218,0.12053216630196936,0.012279348907416571,0.007408087583339801,1958.5745019796527,940.3994063550886,196.06204459291553,0.6991341991341992,51.0,29.0,320.0,0.6704545454545454,0.5363636363636364,0.861904761904762,181.0,59.0,0.34375,0.0,0.6991341991341992,50.46443287037039,50.46443287037039,6.329583333333346,0.1380952380952381,51.0,29.0,0.4636363636363636,320.0,0.6704545454545454,0.5363636363636364,0.861904761904762,181.0,59.0,0.0,0.019517266793009056,1.5739731284684724,0.7,0.45,17628095.775362425,29705464.313794143,0.0006022301842333324,0.001470455357501456,0.0387175179413853,,,,0.275,1.8367721324153976,0.3517555240236433,0.034703807766137074,0.018893910220916063,0.572213204515361,80000.0,0.0,2249.0,142.0,1.0,0.34375,0.006725,,,,0.024178805809575037,0.024178805809575037,,-0.0037221031138335876,-0.0037221031138335876,18.320298964120383,0.12053216630196936,0.12053216630196936,,4517679.429136276,0.050347747202902936,-0.000737006997795801,5059560.861463582,0.011662993002204199,,,0.08172863476700233,0.073,0.005925,0.025925,0.0192,0.019604268181696437,0.009973766724435998,0.0,0.0,8.498668001266196,14.993229683022948,0.0018759842165038286,0.011297449580290584
synb2b,M4,ACI-BUDGET-CRC,methods,,,18,139,0.046831914060903646,0.056050272912736884,0.0348125,0.0016163229875244614,0.0,0.95408499398357,0.045915006016429914,,7053477.160025837,0.03445973019901162,166025.03826339985,707726.6652799187,0.008358047991372337,0.11162669632925473,0.0120615909613209,0.007688164994425079,1957.8503282143674,939.2804463242408,201.3633797999404,0.70874861572536,47.0,29.0,320.0,0.6666666666666666,0.5523809523809524,0.8651162790697674,186.0,58.0,0.328125,0.0,0.70874861572536,48.151018518518526,48.151018518518526,7.561689814814827,0.13488372093023257,47.0,29.0,0.44761904761904764,320.0,0.6666666666666666,0.5523809523809524,0.8651162790697674,186.0,58.0,0.0,0.019651895806626404,1.5848303069860004,0.75,0.55,17637753.260339357,29474311.24579108,0.0005926191364188203,0.0015020584537300625,0.03799235582580961,,,,0.271875,1.8851634393037953,0.33060620822124764,0.03493314967535092,0.018530568197446046,0.6863770523672736,80000.0,0.0,2211.0,142.0,1.0,0.328125,0.004975,,,,0.012451431658562941,0.012451431658562941,,-0.0032163265306122436,-0.0032163265306122436,18.320298964120383,0.11162669632925473,0.11162669632925473,,4401546.311845168,0.046276432730616,0.0005842349568974739,5475003.123188437,0.012984234956897473,,,0.08494338311432811,0.0495,0.004324999999999999,0.024325,0.01935,0.019930289853121223,0.010410163327368266,0.0,0.0,9.004500083392486,12.964020952349529,0.0018642310365887904,0.0112805470791928
synb2b,M4,ACI-BUDGET-CRC,methods,,,19,149,0.0420941522563912,0.04826168211823379,0.0347,0.002358495283014151,0.0,0.9563370126976605,0.04366298730233951,,6620235.03826284,0.035534358836568816,167037.2905639625,868231.5401903033,0.009580353528538659,0.1318569406641263,0.013075344968021397,0.008521482745676752,1941.1417499557385,923.2501315384194,184.70347005183518,0.7191654910008123,46.0,32.0,320.0,0.6767676767676768,0.5929203539823009,0.8454106280193237,175.0,67.0,0.353125,0.0,0.7191654910008123,44.359837962962956,44.359837962962956,0.0,0.15458937198067632,46.0,32.0,0.40707964601769914,320.0,0.6767676767676768,0.5929203539823009,0.8454106280193237,175.0,67.0,0.0,0.020534016480033807,1.6559690709704684,0.475,0.425,17718400.94909624,29662071.140518006,0.0006218856708785314,0.0015120153304683031,0.036941061687956835,,,,0.309375,1.8500424589985336,0.41425920790890397,0.03698761435853183,0.019992846206650844,0.6571847587322814,80000.0,0.0,2287.0,142.0,1.0,0.353125,0.0046,,,,0.01916768325307651,0.01916768325307651,,-0.002195918367346939,-0.002195918367346939,18.320298964120383,0.1318569406641263,0.1318569406641263,,4890354.3761272505,0.054599850411368736,0.00022167076692694403,5339579.994515847,0.012621670766926944,,,0.0752840911885696,0.06,0.003300000000000001,0.0233,0.0187,0.020694017747120524,0.010091677471389658,0.0,0.0,8.586832002038136,12.97887803753838,0.0019079180272317117,0.011253085663781904
synb2b,M5,ACI-BUDGET-CRC-IAP,methods,,,0,11,0.7869759211947399,0.7397765894486144,0.023775,0.00427346463656832,0.002802488355159938,0.9832468821856515,0.013950629459188594,40.08462808607416,8570516.03282274,0.0384288608587674,174767.67996213253,730328.5019686806,0.008488278092158448,0.12549359391965256,0.012925585308082622,0.008473192732160052,29861.144991047535,37210.71581307861,5500.827563825131,0.9392501389423282,11.0,5.0,320.0,0.9532710280373832,0.9026548672566371,0.9758454106280193,202.0,102.0,0.353125,0.0023375,0.9392501389423282,10.046944444444478,10.046944444444478,0.0,0.024154589371980676,11.0,5.0,0.09734513274336283,320.0,0.9532710280373832,0.9026548672566371,0.9758454106280193,202.0,102.0,0.0,0.020564011676396998,1.6583880384191128,0.275,0.45,18754707.097748235,30196598.358537275,0.0006439397172308401,0.0016563508434451733,0.03920859102517003,0.001166377774710044,0.0027301919645966936,0.08450591713873326,0.334375,1.8012151957060287,0.027072658950674185,0.036074232349005454,0.020027719305835252,0.6393216075380648,80000.0,187.0,2273.0,142.0,1.0,0.353125,0.003225,0.048370583433692396,0.024009770228090865,0.1609365824344619,0.01964476093591048,0.01964476093591048,,-0.003211638591117916,-0.003211638591117916,18.320298964120383,0.12549359391965256,0.12549359391965256,,4141831.034529829,0.05013349154553545,6.0070656427831104e-05,5312031.528426986,0.01246007065642783,0.013626204673805445,0.01386494119222129,1.155739927476498,0.06,0.0002500000000000002,0.02025,0.017025,0.02265926262913696,0.009607985123501464,0.1881724652612914,0.15423739618427115,18.080500012729317,29.373362999758683,6.239573727594987e-05,0.011779380955804632
synb2b,M5,ACI-BUDGET-CRC-IAP,methods,,,1,23,0.6053034295855797,0.8576464928783264,0.03925,0.0015988276955319484,0.002584889794980332,0.9797528279162375,0.01766228228878233,40.15075917709849,7700066.52237259,0.03808273145108339,175678.30131691077,816175.0010404648,0.008740781207320403,0.1353777777777778,0.013575756417274727,0.008649623837194989,29391.236398617897,36385.44933541216,5285.036915511542,0.8832826233941853,14.0,23.0,320.0,0.816,0.8793103448275862,0.8872549019607843,181.0,102.0,0.3625,0.0022875,0.8832826233941853,12.806342592592614,12.806342592592614,0.0,0.11274509803921569,14.0,23.0,0.1206896551724138,320.0,0.816,0.8793103448275862,0.8872549019607843,181.0,102.0,0.0,0.020774979756010142,1.6754015932266244,0.5,0.5,18637878.857707765,30448876.723301068,0.0006385158494961359,0.0015944083731804955,0.038011104520472155,0.001117865366508099,0.0026505761958580043,0.0865417028397107,0.390625,1.8235147341565763,0.024004784371082288,0.037541826821402044,0.020587619128159186,0.582646340194356,80000.0,183.0,2286.0,142.0,1.0,0.3625,0.005925,0.05073649206648343,0.04210825959814884,0.1637189594511379,0.027375624681285057,0.027375624681285057,,-0.003211638591117916,-0.003211638591117916,18.320298964120383,0.1353777777777778,0.1353777777777778,,4845981.781597551,0.05319148936170213,-4.042511742678376e-05,5275655.5526971575,0.012359574882573216,0.01298787512917264,0.013303142346461,1.268548936525814,0.0725,0.0050375,0.0250375,0.0191125,0.02088440554666205,0.008388156508196699,0.1935584026584281,0.15334742988270128,17.695083981379867,24.14762610802427,6.498289784992514e-05,0.011780500952411435
synb2b,M5,ACI-BUDGET-CRC-IAP,methods,,,2,37,0.7540560608015672,0.9121667210643425,0.0296625,0.002300815072968708,0.0021894827888049484,0.9812859729641809,0.01652454424701433,40.61402768716243,7132036.367749831,0.03690086235710943,171079.43583860257,817268.5159970908,0.009441596978688967,0.12545557986870898,0.012835686146343247,0.00851111424984187,29930.115782042794,37150.19523286138,5726.530924664227,0.9340659340659341,11.0,7.0,320.0,0.9351851851851852,0.9017857142857143,0.9663461538461539,201.0,101.0,0.35,0.002225,0.9340659340659341,5.553611111111138,5.553611111111138,0.0,0.03365384615384615,11.0,7.0,0.09821428571428571,320.0,0.9351851851851852,0.9017857142857143,0.9663461538461539,201.0,101.0,0.0,0.02052905327309026,1.6555688123459888,0.5,0.425,18231918.87073555,30165342.868388563,0.0006264242081420307,0.001552156386950468,0.03798544923814751,0.0010966977798710404,0.0027245386989581447,0.07893660710865164,0.3375,1.810162520644193,0.02170969386439714,0.0358463954579596,0.019802860267597814,0.6554598320105568,80000.0,178.0,2265.0,142.0,1.0,0.35,0.0041625,0.04035988495107625,0.012488629119478185,0.14998967860241216,0.02778311291963377,0.02778311291963377,,-0.00266639344262295,-0.00266639344262295,18.320298964120383,0.12545557986870898,0.12545557986870898,,4951123.613536095,0.05180416229974547,0.00023698921077223815,5331490.373452531,0.012636989210772238,0.01350881457783169,0.013775637436995681,1.3395107931842418,0.0585,0.0028000000000000004,0.0228,0.0186375,0.02246437282367946,0.009369028336478645,0.1878557349775263,0.14957837194936632,17.927748034708202,23.79208177444525,6.0851642961106866e-05,0.011789471649578451
synb2b,M5,ACI-BUDGET-CRC-IAP,methods,,,3,53,0.788394434237992,0.8206388466816715,0.03185,0.0024685522072664377,0.0024444673666371283,0.9803742491583616,0.017181283475001263,39.63055931232212,6523936.575207,0.034475792875900614,166826.22474356016,726709.9109677492,0.009169363538295576,0.12598550247116969,0.012288251026109538,0.008571266319332624,29733.780711020376,37146.05407629939,5498.743691486096,0.9587912087912087,6.0,6.0,320.0,0.9464285714285714,0.9464285714285714,0.9711538461538461,202.0,106.0,0.35,0.0020875,0.9587912087912087,5.553611111111138,5.553611111111138,0.0,0.028846153846153848,6.0,6.0,0.05357142857142857,320.0,0.9464285714285714,0.9464285714285714,0.9711538461538461,202.0,106.0,0.0,0.020495741571998367,1.652882384838578,0.55,0.525,17743540.6833132,29650666.683683693,0.0006089081508584369,0.0014939131927120869,0.036329985262201644,0.0011132707615042709,0.002470575491960094,0.08080656218263757,0.35,1.8319456942811438,0.023946959125921475,0.036001039405536,0.019651804918629327,0.6039342015215897,80000.0,167.0,2261.0,142.0,1.0,0.35,0.00535,0.04659751011054788,0.027360768385122254,0.15857009129794453,0.01885,0.01885,,-0.0006593159775395603,-0.0006593159775395603,18.320298964120383,0.12598550247116969,0.12598550247116969,,4917293.461157454,0.054005128978729826,0.0007503473476238032,5575600.735980996,0.013150347347623803,0.013744232280036819,0.013942599154377042,1.2576024200557432,0.068,0.003912499999999999,0.0239125,0.0185625,0.022225211245901898,0.009359132406110365,0.1870682918660489,0.1535612055556819,18.171915988205,24.255618990282528,6.251272071908581e-05,0.01178996846247267
synb2b,M5,ACI-BUDGET-CRC-IAP,methods,,,4,71,0.6617540033082663,0.8589167507067864,0.031075,0.002942150573984955,0.002814651149699265,0.9810692678904936,0.016116080959806975,38.88139156018204,7500554.939338898,0.03621936392141806,168249.21916575494,772045.9861850203,0.009036957108173725,0.12911982378854625,0.012931853677181443,0.007873720675097232,29539.646853278275,36737.438021141046,5285.852516592322,0.8626244619331276,16.0,27.0,320.0,0.775,0.8532110091743119,0.8720379146919431,184.0,93.0,0.340625,0.0022375,0.8626244619331276,14.733472222222247,14.733472222222247,0.0,0.12796208530805686,16.0,27.0,0.14678899082568808,320.0,0.775,0.8532110091743119,0.8720379146919431,184.0,93.0,0.0,0.020104400878334844,1.6213226514786165,0.475,0.45,17943896.342224374,29551608.99642975,0.0006283655063863558,0.0014920410923072952,0.039207342665810704,0.0011139332886667278,0.002556914209756193,0.0852684048149779,0.375,1.8255507403758144,0.022759677324511965,0.035687085513649304,0.019548668094704742,0.5756712467402673,80000.0,179.0,2265.0,142.0,1.0,0.340625,0.0052,0.04777590999165457,0.029035490548479218,0.1597101162429344,0.02316910569105691,0.02316910569105691,,-0.003211638591117916,-0.003211638591117916,18.320298964120383,0.12911982378854625,0.12911982378854625,,4590657.527477678,0.05145178275913946,-0.00045133182357381604,5080637.88922278,0.011948668176426184,0.012842837747904389,0.013082529559947818,1.2730320238419752,0.072,0.0034625000000000003,0.0234625,0.0182625,0.019964004570809372,0.008830781759368592,0.18806557712363167,0.15463613134837542,17.855254031019285,24.615500274812803,6.502016195545122e-05,0.011771457158248233
synb2b,M5,ACI-BUDGET-CRC-IAP,methods,,,5,73,0.9258436506980388,0.7979758393806162,0.0255625,0.002345207879911715,0.0027038053295457744,0.9794764578708312,0.017819736799623134,40.53755973846179,7877894.278191315,0.038833063209076174,175802.67666704216,734741.3548067621,0.008893680097021964,0.12677808219178083,0.013095189463530466,0.008880233724502192,30038.036238308796,37365.75529129396,5722.548788596519,0.9363636363636363,14.0,0.0,320.0,1.0,0.8727272727272727,1.0,210.0,96.0,0.34375,0.0021875,0.9363636363636363,12.88504629629631,12.88504629629631,0.0,0.0,14.0,0.0,0.12727272727272726,320.0,1.0,0.8727272727272727,1.0,210.0,96.0,0.0,0.02091645192093869,1.6868106387853783,0.625,0.475,18823211.610402122,30296075.86337279,0.0006583954774403172,0.001577183106866495,0.03963349041124379,0.0011422302523931972,0.0029035719708614943,0.07889490145731089,0.3,1.8038866906519102,0.025417943282269286,0.036588061702599366,0.02028290462599773,0.6076828689871889,80000.0,175.0,2292.0,142.0,1.0,0.34375,0.0048625,0.04485012509932307,0.018227989453772783,0.15602821560785887,0.025087335359675784,0.025087335359675784,,-0.0032163265306122436,-0.0032163265306122436,18.320298964120383,0.12677808219178083,0.12677808219178083,,4761404.459407568,0.050986342943854325,0.00032042713407500444,5449171.517996479,0.012720427134075004,0.013976145176256236,0.014186945807741116,1.2895290814924856,0.062,0.0037125000000000005,0.0237125,0.01885,0.0239002236639768,0.010046577249583855,0.18359563979406565,0.15266348801073987,18.702250003116205,27.240919915493578,6.065669876167614e-05,0.011794702981018267
synb2b,M5,ACI-BUDGET-CRC-IAP,methods,,,6,79,0.7668559639960965,0.8318475461425467,0.0214875,0.002960152023123137,0.00219036208012651,0.9812553858103066,0.016554252109566965,39.58260626585742,7632129.347778235,0.03773952582007145,170955.56734222537,732993.473133424,0.00889967637540453,0.1320141689373297,0.012365178830771987,0.008083056612902952,29851.028509202562,36768.68676957858,5503.7325180568,0.888378809431441,20.0,9.0,320.0,0.91,0.8198198198198198,0.9569377990430622,200.0,91.0,0.346875,0.0020625,0.888378809431441,18.657824074074085,18.657824074074085,0.0,0.0430622009569378,20.0,9.0,0.18018018018018017,320.0,0.91,0.8198198198198198,0.9569377990430622,200.0,91.0,0.0,0.020160083295373204,1.6258131689817101,0.425,0.425,18360368.944664102,29850508.689440854,0.0006106682635868562,0.0015603011668253314,0.03684409172364226,0.0011251475867205714,0.002812404014494098,0.0822738823488669,0.3125,1.8099416776348296,0.02360815642461383,0.035544335096106154,0.019638386990764412,0.631104260964606,80000.0,165.0,2276.0,142.0,1.0,0.346875,0.004875,0.03729563616980724,0.0035056969659471187,0.14641015437094268,0.02008730964467005,0.02008730964467005,,-0.0027011740684022463,-0.0027011740684022463,18.320298964120383,0.1320141689373297,0.1320141689373297,,4611353.03648933,0.051770306456411785,-0.0006880216481332715,5383893.087263115,0.011711978351866728,0.013380801603901786,0.013615324369771415,1.2783464307464434,0.0715,0.0029500000000000012,0.02295,0.018075,0.02257319524841651,0.009318162701761057,0.19342961350481402,0.15639026346163235,18.02325196331367,25.06046723923646,6.236021829279848e-05,0.011780764249270012
synb2b,M5,ACI-BUDGET-CRC-IAP,methods,,,7,83,0.6519113656265748,0.8291856360942993,0.0358125,0.002706473720544872,0.0023756495530422492,0.9807245857059895,0.016899764740968357,38.79235615628022,8027370.833081117,0.038111933515127906,182941.8018613241,825678.428686456,0.010025062656641603,0.1296824295010846,0.013554074517836256,0.00908509923943875,29488.560967741967,36537.69835541319,5508.559085366377,0.8716172887007823,11.0,33.0,320.0,0.7555555555555555,0.9026548672566371,0.8405797101449275,174.0,102.0,0.353125,0.0021125,0.8716172887007823,10.046944444444478,10.046944444444478,0.0,0.15942028985507245,11.0,33.0,0.09734513274336283,320.0,0.7555555555555555,0.9026548672566371,0.8405797101449275,174.0,102.0,0.0,0.02136463993442536,1.7229548334214002,0.65,0.5,19487552.61940425,30499853.46126175,0.0006578395455187796,0.0015888829952497199,0.03910287427681998,0.0010817824792072822,0.0025030386957992207,0.07900621616226537,0.421875,1.8203074750144919,0.024944238872398584,0.03765015595898414,0.020683404576297967,0.5908710983113237,80000.0,169.0,2287.0,142.0,1.0,0.353125,0.0056375,0.0517614618062051,0.04594416311422136,0.16514763438858335,0.02867505070993915,0.02867505070993915,,-0.002876190476190475,-0.002876190476190475,18.320298964120383,0.1296824295010846,0.1296824295010846,,5146324.908299895,0.054110301768990635,0.0004000345363495087,5488178.449336782,0.012800034536349508,0.01332134603024931,0.013586754604990422,1.2556867416059931,0.071,0.004337500000000001,0.0243375,0.0187,0.02023745724318693,0.008744227278933293,0.1869533568640692,0.15121937385610715,17.37317201332189,27.158458315534517,6.320910867862144e-05,0.01178018057928102
synb2b,M5,ACI-BUDGET-CRC-IAP,methods,,,8,89,0.6522243707728941,0.9326306073201969,0.0403875,0.0007786205751198716,0.0017935409893144343,0.9791864962825635,0.019019962728121946,39.69568951657961,7787556.298938619,0.038569964120963605,164100.58340832277,693741.7227419105,0.008358047991372337,0.1396633126059921,0.013850573329159621,0.008868239875058286,29485.066482689574,36389.60301021511,5500.58945838915,0.7722943722943723,26.0,46.0,320.0,0.6461538461538462,0.7636363636363637,0.780952380952381,164.0,84.0,0.34375,0.0017875,0.7722943722943723,23.202291666666667,23.202291666666667,0.0,0.21904761904761905,26.0,46.0,0.23636363636363636,320.0,0.6461538461538462,0.7636363636363637,0.780952380952381,164.0,84.0,0.0,0.021094352672040007,1.7011574735516135,0.85,0.45,17268718.159093607,29711598.483677015,0.0006811679937694821,0.0016132029184297708,0.04205613436522345,0.0010868204276349009,0.0023969172782021624,0.0810796149103286,0.40625,1.8757675803179856,0.02170920498072332,0.037978045367668765,0.020246669025610634,0.5689676744091563,80000.0,143.0,2316.0,142.0,1.0,0.34375,0.005325,0.042481511768530954,0.025198792276477082,0.15203538930554014,0.024731230925737535,0.024731230925737535,,-0.0016857142857142852,-0.0016857142857142852,18.320298964120383,0.1396633126059921,0.1396633126059921,,3741013.067629911,0.05442176870748299,7.483148034666959e-05,5046407.069783168,0.01247483148034667,0.012963543446182073,0.013157306711698784,1.3877318097299367,0.047,0.005112499999999999,0.0251125,0.0197875,0.01899439728366794,0.009264350514978667,0.18184382848504357,0.15027648099253105,17.756252025719732,29.45970294356812,6.332122844142275e-05,0.01177973286624627
synb2b,M5,ACI-BUDGET-CRC-IAP,methods,,,9,97,0.7640922799222309,0.9186084821947962,0.035975,0.0013601470508735444,0.002198020888124615,0.9787614857786,0.019040493333275253,39.22732649002675,7463538.287949558,0.038548287881894606,179392.1710722836,743861.5999205387,0.009299191374663073,0.1383230255839822,0.013920831243654636,0.010012298075649764,29530.839706703424,36914.37595976071,5041.431653348226,0.964418526031102,2.0,11.0,320.0,0.912,0.9827586206896551,0.946078431372549,193.0,114.0,0.3625,0.001975,0.964418526031102,1.8294212962962888,1.8294212962962888,0.0,0.05392156862745098,2.0,11.0,0.017241379310344827,320.0,0.912,0.9827586206896551,0.946078431372549,193.0,114.0,0.0,0.021795516502130588,1.7577029437202087,0.75,0.525,19039509.2173085,30281677.11177147,0.0006667124510486963,0.0016704624373471953,0.03767607444665184,0.0011478277802782456,0.002491689671009051,0.08001380246984863,0.390625,1.847935745854344,0.023058671608478853,0.039142774149246023,0.021181891327693,0.5619294460518468,80000.0,158.0,2296.0,142.0,1.0,0.3625,0.0059125,0.05267769559004132,0.055402197326859276,0.16727861723242005,0.025205932203389826,0.025205932203389826,,-0.002190709545686575,-0.002190709545686575,18.320298964120383,0.1383230255839822,0.1383230255839822,,5229045.673852319,0.05620715917745621,0.0013380191693290744,5603063.655586084,0.013738019169329074,0.014410791952393443,0.014610004834063665,1.3733314966512513,0.0595,0.005362499999999999,0.0253625,0.01945,0.022710688804694016,0.009328712794211689,0.18960442824428012,0.15520488624048467,18.6913340294268,27.35092477349099,6.64030414093516e-05,0.011785784776866077
synb2b,M5,ACI-BUDGET-CRC-IAP,methods,,,10,101,0.7200973681442066,0.8301886928835845,0.028775,0.0023809136901618254,0.0016219628795970404,0.9805163849174747,0.017861652202928315,41.5306330063455,8445187.002985094,0.04009464125847295,175632.1040158942,874632.829687067,0.008762469668374224,0.13140165289256198,0.013056789547234321,0.008460947769835928,29997.117705686338,37178.18526551457,5986.879756835942,0.8724729514203198,23.0,10.0,320.0,0.8979591836734694,0.7927927927927928,0.9521531100478469,199.0,88.0,0.346875,0.001925,0.8724729514203198,21.49456018518515,21.49456018518515,0.0,0.04784688995215311,23.0,10.0,0.2072072072072072,320.0,0.8979591836734694,0.7927927927927928,0.9521531100478469,199.0,88.0,0.0,0.020683228998517003,1.6680023385900808,0.5,0.475,18772808.335951567,30606931.948486045,0.0006500745917954419,0.0016373453145432215,0.038097982526576875,0.001177104423147728,0.002862409736003188,0.08377431255875374,0.30625,1.774732316267762,0.024679066085379366,0.036361215486950586,0.020488281615008697,0.6324785824324615,80000.0,154.0,2328.0,142.0,1.0,0.346875,0.00305,0.04212568011394357,0.015408975730556548,0.1524107889984182,0.01948259109311741,0.01948259109311741,,-0.0032163265306122436,-0.0032163265306122436,34.11741043402779,0.13140165289256198,0.13140165289256198,,4553327.937255962,0.05183388905729009,-0.0007548546505382111,4899660.566023447,0.011645145349461788,0.013441357744950427,0.013636729337667557,1.2517149190014003,0.0485,0.0018124999999999981,0.0218125,0.0187625,0.02308270956710163,0.009434568131193961,0.18056891900951602,0.14867141985186932,17.29050400899723,24.617426389013417,5.977049500524768e-05,0.011787718902915844
synb2b,M5,ACI-BUDGET-CRC-IAP,methods,,,11,103,0.7181850674385694,0.7977308546122062,0.0332875,0.002431563283157566,0.0020681872582892775,0.9791044832699427,0.01882732947176818,39.676537794539044,7516460.464975432,0.03844142259414226,172850.08259517228,789893.306935438,0.008222132362852136,0.1265811738648948,0.01361881598676734,0.008904293834439083,29715.511199419867,36954.62357817653,5491.9283940501455,0.9168369954011242,9.0,18.0,320.0,0.8536585365853658,0.9210526315789473,0.912621359223301,188.0,105.0,0.35625,0.001825,0.9168369954011242,8.248055555555538,8.248055555555538,0.0,0.08737864077669903,9.0,18.0,0.07894736842105263,320.0,0.8536585365853658,0.9210526315789473,0.912621359223301,188.0,105.0,0.0,0.02095172795717356,1.6896554804172226,0.525,0.475,18372617.71394683,30142544.320817113,0.0006610722528576203,0.0016490356022468575,0.03993089674614346,0.0011323849129229212,0.0027216535030666943,0.08201348817120958,0.384375,1.8427988133848043,0.025448140407884266,0.037410228962236274,0.02030076679587293,0.6320793107267948,80000.0,146.0,2266.0,142.0,1.0,0.35625,0.0048625,0.04183622499088546,0.013610544074722708,0.15198932571819207,0.03070344827586207,0.03070344827586207,,-0.0016857142857142852,-0.0016857142857142852,18.320298964120383,0.1265811738648948,0.1265811738648948,,4737815.735128371,0.051916323102763784,0.00048189449728406816,5328448.206907589,0.012881894497284068,0.013366033033596274,0.013634321346959024,1.2427173796815185,0.058,0.0035624999999999997,0.0235625,0.0187,0.021129710100778958,0.009057310438479906,0.19021151681137063,0.15335520912856837,18.265001999679953,24.798660132219084,6.271773883041215e-05,0.011780977407224334
synb2b,M5,ACI-BUDGET-CRC-IAP,methods,,,12,107,0.7281331540882849,0.7888126335523321,0.0306375,0.0025458299236201937,0.00214305219692707,0.981186517414552,0.016670430388520813,39.54264573974106,8598195.598207235,0.038402966298086476,177538.06169075647,819190.0035595145,0.009568733153638815,0.1228253756260434,0.012819769659416997,0.008360627737118468,29805.648495728074,37061.49780306428,5494.548134009816,0.9642857142857143,8.0,0.0,320.0,1.0,0.9285714285714286,1.0,208.0,104.0,0.35,0.0019375,0.9642857142857143,2.88850694444443,2.88850694444443,0.0,0.0,8.0,0.0,0.07142857142857142,320.0,1.0,0.9285714285714286,1.0,208.0,104.0,0.0,0.02036496542294444,1.6423359212051967,0.55,0.5,18962882.42396097,30853504.816067547,0.0006228781488217643,0.0015972308284496546,0.03763024591024283,0.0011386354665500562,0.00270510932953983,0.08201249794893135,0.325,1.801068235472251,0.02525265026995032,0.035876576048037186,0.019919609563615524,0.6006653770965397,80000.0,155.0,2302.0,142.0,1.0,0.35,0.0034625,0.04161500635414922,0.012764321095780589,0.15178706971970182,0.027355351681957185,0.027355351681957185,,-0.002195918367346939,-0.002195918367346939,18.320298964120383,0.1228253756260434,0.1228253756260434,,4277498.814623873,0.05060790273556231,-0.00036822760280244386,5267998.007570345,0.012031772397197556,0.013527372093888181,0.013723145918395947,1.2039291295407792,0.0415,0.0020499999999999997,0.02205,0.0185875,0.02303230337900527,0.009154288033974176,0.1862038116654527,0.1527972552301801,18.937831977382302,25.216366144595668,6.244961127917394e-05,0.011784551652127327
synb2b,M5,ACI-BUDGET-CRC-IAP,methods,,,13,109,0.8357372703449532,0.8486115579189992,0.0233625,0.002311655251113366,0.0025912275709681844,0.9797325181143322,0.017676254314699706,38.95829822730555,8128200.62616422,0.038826851495315104,171125.45885874983,696299.7467153603,0.00795469866522853,0.12004296048970506,0.013368338049620936,0.009012712714422536,29933.45130819916,37323.364381133826,5498.352259057389,0.9090909090909092,20.0,0.0,320.0,1.0,0.8181818181818182,1.0,210.0,90.0,0.34375,0.002325,0.9090909090909092,18.670358796296284,18.670358796296284,0.0,0.0,20.0,0.0,0.18181818181818182,320.0,1.0,0.8181818181818182,1.0,210.0,90.0,0.0,0.021035598705501618,1.696419250443679,0.525,0.525,18326115.90408007,29535703.744087692,0.0006513016373052321,0.0016234921461440825,0.039535026946994414,0.0011261544593040736,0.0026263142422383785,0.0803010020223679,0.28125,1.8393703025892278,0.023845077691431123,0.037220041633885106,0.02023520852842494,0.6026345974026587,80000.0,186.0,2281.0,142.0,1.0,0.34375,0.0037875,0.0462330074785934,0.01996249309760441,0.15791103151066815,0.026567611336032387,0.026567611336032387,,-0.0037265306122448976,-0.0037265306122448976,18.320298964120383,0.12004296048970506,0.12004296048970506,,4044866.7769922344,0.05028866605894865,0.000713430107755415,5456748.754208254,0.013113430107755415,0.013638113662315657,0.013889773544810616,1.3368151267110555,0.0515,0.0025249999999999995,0.022525,0.0187375,0.024469389770775684,0.009914263484487587,0.18805596987407225,0.15473536323830742,19.251834019087255,24.86980718560517,6.226595211941349e-05,0.011786484849199558
synb2b,M5,ACI-BUDGET-CRC-IAP,methods,,,14,113,0.7141330919516636,0.8447060835975244,0.0319125,0.0020706279240848657,0.0018694486085007096,0.9797895755561731,0.018340975835326335,39.67193928625849,8205817.741542883,0.0382731369603553,172795.15989370766,801545.6233507377,0.008221024258760107,0.1369614658523043,0.013031783454713383,0.008301121609975048,29712.93064574825,36906.60061422833,5284.536885454202,0.9331436699857752,9.0,11.0,320.0,0.9026548672566371,0.918918918918919,0.9473684210526315,198.0,102.0,0.346875,0.001875,0.9331436699857752,8.346354166666686,8.346354166666686,0.0,0.05263157894736842,9.0,11.0,0.08108108108108109,320.0,0.9026548672566371,0.918918918918919,0.9473684210526315,198.0,102.0,0.0,0.02039956277244413,1.6451260300358168,0.65,0.45,18423757.964143045,30414861.457377225,0.0006346358469356599,0.0015531172791472805,0.03896621088869573,0.0011227401474528504,0.0026713395238145707,0.08245485478734953,0.353125,1.7998037657596877,0.023519466944057627,0.035756767666233646,0.019867036810616353,0.6404653716108778,80000.0,150.0,2295.0,142.0,1.0,0.346875,0.0035625,0.052018940302746904,0.04894031158718358,0.1658593237595969,0.03134364191251272,0.03134364191251272,,-0.0027061224489795914,-0.0027061224489795914,18.320298964120383,0.1369614658523043,0.1369614658523043,,4505224.723595666,0.054025262517120684,-0.0006696060560571291,4911169.875653759,0.01173039394394287,0.01305653022003109,0.013319507020566132,1.2745598056345806,0.0485,0.0024875,0.0224875,0.018925,0.021429928547130186,0.009028992666481309,0.19061934624015903,0.15318090212262955,18.075668049277738,24.1204918542644,6.462219100069252e-05,0.011781324171095174
synb2b,M5,ACI-BUDGET-CRC-IAP,methods,,,15,127,0.7675737515856649,0.7478868577158856,0.02325,0.0024596747752497687,0.0027533331888494354,0.9807073076323325,0.016539359178818158,39.58029885641247,7611251.309891272,0.03749919598636393,161530.43039936898,694563.2743177233,0.00836368541750978,0.12740263157894738,0.01205682238682949,0.0069884685607590575,29933.19540033792,37277.329984921795,5499.298023162053,0.9220183486238532,17.0,0.0,320.0,1.0,0.8440366972477065,1.0,211.0,92.0,0.340625,0.0020625,0.9220183486238532,15.695300925925949,15.695300925925949,0.0,0.0,17.0,0.0,0.1559633027522936,320.0,1.0,0.8440366972477065,1.0,211.0,92.0,0.0,0.019164035797218672,1.5454867578402156,0.5,0.325,17326658.83065401,29707658.420681365,0.0006044983685005956,0.00152541327857273,0.03792563884605052,0.0011121981937272413,0.0027415629026279822,0.08072940179822921,0.2875,1.7364149871051706,0.025510455246999804,0.033128947306454624,0.01907893421358041,0.5859979902362922,80000.0,165.0,2281.0,142.0,1.0,0.340625,0.004475,0.04752741919457939,0.021685488256617633,0.15966752970308992,0.024674657186389032,0.024674657186389032,135.8561903472222,-0.003211638591117916,-0.003211638591117916,18.320298964120383,0.12740263157894738,0.12740263157894738,59.187486643518525,4678364.601974554,0.05046421084156933,-0.0020418240598945037,4342479.6444704635,0.010358175940105496,0.013017935465018256,0.013209370753304977,1.1387797114027922,0.0665,0.0030500000000000006,0.02305,0.018575,0.022632992552517356,0.009408611260477874,0.18469479722925647,0.15371842082413092,18.09608403709717,23.919256649678573,6.236716038144312e-05,0.011781109203309607
synb2b,M5,ACI-BUDGET-CRC-IAP,methods,,,16,131,0.7209775279444401,0.7942804840781326,0.03385,0.001730245647299828,0.002503794792638239,0.9791107100420516,0.018385495165310062,39.377216686936485,7046046.77366836,0.03486163863266414,162141.61224952794,805387.0145620193,0.008764832793959008,0.1178170283806344,0.011809223662233914,0.007554010467795756,29719.13470580105,37200.80127876744,5497.907064409158,0.9863636363636363,3.0,0.0,320.0,1.0,0.9727272727272728,1.0,210.0,107.0,0.34375,0.0023125,0.9863636363636363,2.795023148148175,2.795023148148175,0.0,0.0,3.0,0.0,0.02727272727272727,320.0,1.0,0.9727272727272728,1.0,210.0,107.0,0.0,0.019457461553692827,1.5691501252978086,0.65,0.475,17223028.913797885,29405202.243955754,0.0005821935893242234,0.0014798089385768501,0.03660659217961405,0.0010145440846255815,0.002537260386561892,0.07724990606780585,0.334375,1.8070509551497906,0.023798736275364527,0.03415845248568702,0.01890287176924435,0.6103593208101948,80000.0,185.0,2247.0,142.0,1.0,0.34375,0.0047875,0.051326786387480304,0.04185466487678988,0.16502103103925786,0.016362198253723675,0.016362198253723675,,-0.00423673469387755,-0.00423673469387755,18.320298964120383,0.1178170283806344,0.1178170283806344,,4305652.788691891,0.04858361254949741,-0.0001522379808203446,5065942.336875616,0.012247762019179655,0.012921156084455073,0.013140126968736182,1.207189796685648,0.0515,0.004,0.024,0.0192125,0.02188374928459881,0.008700882996143517,0.19150500868506184,0.1534269839278306,18.126084003597498,24.301322647370398,6.250948362637787e-05,0.011793489428199045
synb2b,M5,ACI-BUDGET-CRC-IAP,methods,,,17,137,0.8330924717331106,0.8454883584957554,0.0208,0.003836502313305702,0.0021656796300487447,0.981845567668346,0.01598875270160536,40.06514423725619,8076927.344731836,0.03734939759036145,172292.92894062327,678624.2898255842,0.00835692141798086,0.12023621353880024,0.012541917178551815,0.008093147589056424,30031.788285671966,37414.89196750945,5496.593120872061,0.8590909090909091,31.0,0.0,320.0,1.0,0.7181818181818181,1.0,210.0,79.0,0.34375,0.002075,0.8590909090909091,27.6581481481482,27.6581481481482,0.0,0.0,31.0,0.0,0.2818181818181818,320.0,1.0,0.7181818181818181,1.0,210.0,79.0,0.0,0.020228020228020227,1.631291953872599,0.375,0.5,18505660.735308226,29705464.313794143,0.0006262618550410677,0.0014900898218853612,0.03885641261051917,0.0010921616162333876,0.00259730822965427,0.07944810715091295,0.246875,1.818892021821409,0.023112661459844894,0.035543853340352524,0.01954148619815237,0.5367147034245467,80000.0,166.0,2249.0,142.0,1.0,0.34375,0.0041875,0.05088255398275773,0.036732464655541114,0.16419419832333823,0.026022649140546007,0.026022649140546007,,-0.0037221031138335876,-0.0037221031138335876,18.320298964120383,0.12023621353880024,0.12023621353880024,,4508658.627142135,0.05006806837089699,-0.00021911168643761955,5241450.473608673,0.01218088831356238,0.013301565035211994,0.013511434368436926,1.3185527924702476,0.067,0.001850000000000001,0.02185,0.0176625,0.023999465347701684,0.010209003356980238,0.18506948092395417,0.15374608571668474,18.565918027888983,24.774003379861828,6.219689997565593e-05,0.011783226955705085
synb2b,M5,ACI-BUDGET-CRC-IAP,methods,,,18,139,0.8932767680701326,0.7960022487105051,0.0250625,0.0017730623226497144,0.002211317294700283,0.9796852621524594,0.018103420552840265,39.135493646737196,7524673.553730717,0.03561979738013809,170249.9915476975,707726.6652799187,0.008358047991372337,0.11232035794183445,0.012406200498435434,0.008096699288759761,29882.74962998778,37084.74760684231,5503.183650187851,0.9142857142857144,18.0,0.0,320.0,1.0,0.8285714285714286,1.0,215.0,87.0,0.328125,0.0021125,0.9142857142857144,16.773877314814854,16.773877314814854,0.0,0.0,18.0,0.0,0.17142857142857143,320.0,1.0,0.8285714285714286,1.0,215.0,87.0,0.0,0.020112988439608726,1.6220151967426393,0.55,0.525,18212743.349375412,29474311.24579108,0.0006139682787892303,0.0015224952958709228,0.03877744584586324,0.001135290934859189,0.002381556777116197,0.08623376023426162,0.271875,1.8785955345064538,0.023785817140429405,0.0355685086534423,0.01893356393119868,0.6525701052610857,80000.0,169.0,2211.0,142.0,1.0,0.328125,0.0038125,0.044365921548973446,0.01639388143918492,0.15548664326730124,0.013607139214686386,0.013607139214686386,,-0.0032163265306122436,-0.0032163265306122436,18.320298964120383,0.11232035794183445,0.11232035794183445,,4401546.311845168,0.04633323105247008,0.0008241947485914756,5578796.818519605,0.013224194748591475,0.013158502505612865,0.013410689647539711,1.3058082633030705,0.0465,0.0029,0.0229,0.0190875,0.02318577358306568,0.009855369414440601,0.18883048699851887,0.15550522980257403,17.448918049922213,24.042021382483654,6.23048941950134e-05,0.011791407300509163
synb2b,M5,ACI-BUDGET-CRC-IAP,methods,,,19,149,0.7878828929558305,0.7794842805091035,0.02465,0.003145433197510321,0.00233503753881435,0.9815950339295924,0.01606992853159339,38.8229520623733,7138064.691076094,0.03687085446742099,172473.11692314353,850902.7191730876,0.009433962264150943,0.1313908496732026,0.013136838542431292,0.009007038580422618,29834.05739797678,37200.85190524558,5283.160051894452,0.937659683188554,12.0,4.0,320.0,0.9622641509433962,0.8947368421052632,0.9805825242718447,202.0,102.0,0.35625,0.00215,0.937659683188554,10.976921296296325,10.976921296296325,0.0,0.019417475728155338,12.0,4.0,0.10526315789473684,320.0,0.9622641509433962,0.8947368421052632,0.9805825242718447,202.0,102.0,0.0,0.02105991565588646,1.6983802948295534,0.45,0.45,18437883.797827438,29662071.140518006,0.0006346379039049536,0.0015176712970687164,0.03704402976961791,0.001137793443353646,0.0025950994015501616,0.08071488223511707,0.33125,1.845600116563994,0.026109917779520167,0.03756215276011812,0.020352270474521126,0.619529163129455,80000.0,172.0,2287.0,142.0,1.0,0.35625,0.0035625,0.042729552080728796,0.013662042268383318,0.15353534908119387,0.020169974554707377,0.020169974554707377,,-0.0027061224489795914,-0.0027061224489795914,18.320298964120383,0.1313908496732026,0.1313908496732026,,4875983.074064543,0.05440956651718983,0.0005928030061779516,5572933.31351371,0.012992803006177951,0.013837761580879493,0.014030948975185255,1.238115437588216,0.0535,0.0015249999999999986,0.021525,0.0179625,0.02313374716932162,0.009454990641490059,0.1865799013784154,0.15506606255865318,17.608748050406575,24.70850293757394,6.426083745441788e-05,0.011772441540248504
synb2b,M5_oracle,M5 with oracle propensity,methods,,,0,11,1.0335387616641207,1.110028205644132,0.011425,0.005012484413940856,0.002674891364614542,0.9848342216232162,0.012490887012169154,,9201067.327674683,0.03969003969003969,184172.40028490731,730328.5019686806,0.008488278092158448,0.12520504201680674,0.013284938723818746,0.00903086510300022,30176.2988444274,37561.954546519395,5128.677072027637,0.747787610619469,57.0,0.0,320.0,1.0,0.49557522123893805,1.0,207.0,56.0,0.353125,0.0023,0.747787610619469,58.07484953703704,58.07484953703704,10.167442129629649,0.0,57.0,0.0,0.504424778761062,320.0,1.0,0.49557522123893805,1.0,207.0,56.0,0.0,0.021302033784999872,1.7179059504032155,0.3,0.475,19932115.791681428,30196598.358537275,0.0006456063184330379,0.0016465418453652553,0.037181302952327626,0.001290854459872648,0.0028234344251837026,0.09393512218219444,0.175,1.7873909160923014,0.018758710697305135,0.03721830120999051,0.020822697975527,0.6007886003021528,80000.0,184.0,2273.0,142.0,1.0,0.353125,0.003075,,,,0.019547261663286006,0.019547261663286006,,-0.003211638591117916,-0.003211638591117916,18.320298964120383,0.12520504201680674,0.12520504201680674,,4274666.055221591,0.050837496326770495,0.0005600503302925445,5726053.906816472,0.012960050330292544,0.014682474785822214,0.014439496116939118,1.6418327107333115,0.06,0.0,0.019325,0.01625,0.027422654423267023,0.011958465396296093,0.16875233225285594,0.15924321158903662,17.44408201193437,22.64428268012125,6.500816595279499e-05,0.011799691868678724
synb2b,M5_oracle,M5 with oracle propensity,methods,,,1,23,0.7375409611347553,1.0567981423923045,0.0253375,0.002205107707119995,0.002600233619174493,0.9805946726594935,0.016805093721331897,,8169381.625919349,0.038860759493670884,179978.25429630792,847335.8571089393,0.009030866693624478,0.1353777777777778,0.013518727861837995,0.009033208206840707,29778.821026829075,37055.20465519258,4899.09535499777,0.8122887085868831,39.0,8.0,320.0,0.9058823529411765,0.6637931034482759,0.9607843137254902,196.0,77.0,0.3625,0.0023375,0.8122887085868831,33.29321759259261,33.29321759259261,0.0,0.0392156862745098,39.0,8.0,0.33620689655172414,320.0,0.9058823529411765,0.6637931034482759,0.9607843137254902,196.0,77.0,0.0,0.02117087076484511,1.7073282874875089,0.525,0.5,19279749.937322997,30448876.723301068,0.0006382475822843445,0.0015742223052674926,0.03650426897768206,0.0011181503369129188,0.002703990641374461,0.08384076290677922,0.265625,1.8033368668816758,0.019887077660838314,0.037900057798952266,0.021016626729585427,0.5459783487741622,80000.0,187.0,2286.0,142.0,1.0,0.3625,0.0055875,,,,0.02719390862944162,0.02719390862944162,,-0.0032163265306122436,-0.0032163265306122436,18.320298964120383,0.1353777777777778,0.1353777777777778,,4845981.781597551,0.05319148936170213,0.0001980203110939719,5417050.6726971585,0.012598020311093971,0.013919563239449638,0.013883665419148957,1.5183536534593747,0.071,0.004337500000000001,0.0243375,0.01875,0.024577090212004216,0.009962154586722425,0.17868961831013078,0.16072471151862544,17.730002000462264,21.63234210049268,6.786530394670623e-05,0.011802296429480401
synb2b,M5_oracle,M5 with oracle propensity,methods,,,2,37,1.0128413417696944,1.0750641008357604,0.0144875,0.003010398644698074,0.0022683636363114356,0.9827276953485584,0.01500394101513028,,8210966.456295109,0.0385343087790111,181999.86906414366,817268.5159970908,0.009432691011992993,0.1261606874328679,0.013110127813219716,0.009059732358282956,30216.919711289556,37622.85180136119,5370.759603127751,0.7517170329670331,54.0,3.0,320.0,0.9508196721311475,0.5178571428571429,0.9855769230769231,205.0,58.0,0.35,0.002275,0.7517170329670331,50.7166666666667,50.7166666666667,3.6933101851852257,0.014423076923076924,54.0,3.0,0.48214285714285715,320.0,0.9508196721311475,0.5178571428571429,0.9855769230769231,205.0,58.0,0.0,0.021264226749518778,1.7148569959289337,0.4,0.45,19634276.10933155,30165342.868388563,0.0006275553884024484,0.0015620687836495084,0.03565653351479657,0.0011897313815545285,0.0026857589938795324,0.08681753292651012,0.190625,1.7859562907918993,0.019284801822305932,0.03702715686507086,0.020732398130893163,0.6193865519356084,80000.0,182.0,2265.0,142.0,1.0,0.35,0.0039875,,,,0.02778311291963377,0.02778311291963377,,-0.0027011740684022463,-0.0027011740684022463,18.320298964120383,0.1261606874328679,0.1261606874328679,,5072624.078115104,0.052427762883526956,0.0005281255272481869,5533417.058924247,0.012928125527248186,0.01443251546244456,0.014277654871977824,1.635304438923226,0.0585,0.001912500000000001,0.0219125,0.017925,0.026388601415695993,0.011653210231807978,0.17040360364184604,0.157258595981903,17.695414018817246,20.692549159866758,6.322908554816378e-05,0.011809066469787535
synb2b,M5_oracle,M5 with oracle propensity,methods,,,3,53,0.9383308776007548,1.039161249058845,0.018875,0.0029261749776799064,0.002624189446221306,0.981617026525053,0.015758784028725457,,7467705.548180417,0.03680090897613938,174119.98601630793,726709.9109677492,0.009169363538295576,0.12598550247116969,0.012689173952562458,0.009068245837530414,30057.117756600717,37445.51283591705,5121.4138898408855,0.8219319798267166,39.0,1.0,320.0,0.9863013698630136,0.6486486486486487,0.9952153110047847,208.0,72.0,0.346875,0.0022125,0.8190247252747254,37.75670138888893,37.75670138888893,0.0,0.004807692307692308,40.0,1.0,0.35714285714285715,320.0,0.9863013698630136,0.6428571428571429,0.9951923076923077,207.0,72.0,0.0,0.02118160107984633,1.7081936354714782,0.425,0.525,18709741.050671972,29650666.683683693,0.0006100314902526331,0.0015095045621789404,0.03453926299326293,0.0011820558381555343,0.002629679329278445,0.08538901448353321,0.228125,1.8228066840808563,0.019590305592652024,0.03710776233405747,0.020357486429104756,0.5440925215477574,80000.0,177.0,2261.0,142.0,0.996875,0.35,0.004575,,,,0.018627466937945064,0.018627466937945064,,-0.0006593159775395603,-0.0006593159775395603,18.320298964120383,0.12598550247116969,0.12598550247116969,,4917293.461157454,0.054005128978729826,0.0008100676406352716,5598032.130366353,0.013210067640635271,0.01444113491845731,0.014267926264167974,1.5641829627870485,0.068,0.002599999999999998,0.0226,0.018025,0.025635475408296284,0.01088177650486566,0.17021288385300629,0.15896073421813917,17.952836002223194,21.887226261897013,6.532229536846217e-05,0.011804871860642272
synb2b,M5_oracle,M5 with oracle propensity,methods,,,4,71,0.7772183306259142,1.0758651416294212,0.021,0.0034323825544364953,0.0028345299404094813,0.982171060728185,0.01499440933140554,,7769019.088582405,0.03684111090119025,172366.2099278586,772045.9861850203,0.009036957108173725,0.12728597726042232,0.012968458537752945,0.008289326714945663,29768.044152666847,37139.71332740385,4889.328344336372,0.7346406365494151,47.0,21.0,320.0,0.7469879518072289,0.5688073394495413,0.9004739336492891,190.0,62.0,0.340625,0.002275,0.7346406365494151,46.399768518518556,46.399768518518556,2.2649189814815145,0.0995260663507109,47.0,21.0,0.43119266055045874,320.0,0.7469879518072289,0.5688073394495413,0.9004739336492891,190.0,62.0,0.0,0.020534495090708108,1.6560076686054925,0.4,0.5,18513259.701617125,29551608.99642975,0.0006290877169809069,0.0015095870158016186,0.03785171393506094,0.0011621456763714379,0.00254464311076897,0.09293752793401672,0.259375,1.816242226452983,0.018632199887889642,0.03640790922532796,0.020045734371252077,0.5426820040946951,80000.0,182.0,2265.0,142.0,1.0,0.340625,0.0048375,,,,0.02316910569105691,0.02316910569105691,,-0.003211638591117916,-0.003211638591117916,18.320298964120383,0.12728597726042232,0.12728597726042232,,4597627.163185414,0.051362683438155136,4.5656806751342635e-05,5374567.463664284,0.012445656806751342,0.013653026758340597,0.013513388417931803,1.541577351968131,0.072,0.0026499999999999996,0.02265,0.0178125,0.0218856374036363,0.010581383002858298,0.17333130099796806,0.16176480988886618,18.02391797536984,21.509695823770016,6.809075478136215e-05,0.011795771451761567
synb2b,M5_oracle,M5 with oracle propensity,methods,,,5,73,1.1356460810047906,1.0624413765444531,0.0158625,0.0023075961518428654,0.002639921291773606,0.9800445516101776,0.01731552709804884,,8391644.806689668,0.039496966632962587,182765.7748050878,734741.3548067621,0.008893680097021964,0.12764149377593362,0.013382980415192897,0.009168024676164621,30265.70715241636,37691.8517289844,5362.994362290363,0.7545454545454545,54.0,0.0,320.0,1.0,0.509090909090909,1.0,210.0,56.0,0.34375,0.0021875,0.7545454545454545,55.31841435185186,55.31841435185186,10.167442129629649,0.0,54.0,0.0,0.4909090909090909,320.0,1.0,0.509090909090909,1.0,210.0,56.0,0.0,0.021430328771025676,1.728252320244006,0.6,0.475,19707058.375868864,30296075.86337279,0.0006629138349222416,0.0016224687251193,0.038330973048544485,0.0013052975924724704,0.0029174919487391757,0.09586079331283918,0.175,1.7792309353302695,0.01971104188330757,0.03726034550063651,0.020941826471626665,0.5924500596418124,80000.0,175.0,2292.0,142.0,1.0,0.34375,0.0048,,,,0.025087335359675784,0.025087335359675784,,-0.0032163265306122436,-0.0032163265306122436,18.320298964120383,0.12764149377593362,0.12764149377593362,,4974117.260056667,0.052568697729988054,0.0005425199847735058,5606554.954315767,0.012942519984773505,0.014739662611438853,0.01447728879545535,1.6644301480975119,0.062,0.003599999999999999,0.0236,0.0188,0.027606506733417285,0.011833434004979973,0.16512356949629103,0.15692541204151492,17.70391798345372,21.635274203727022,6.309825185109986e-05,0.011810380101888528
synb2b,M5_oracle,M5 with oracle propensity,methods,,,6,79,0.9039573765946358,1.111933469855731,0.014325,0.004090385067447807,0.002162194078902733,0.9832259232346168,0.014611882686480428,,8043555.152465574,0.03880503144654088,174439.21204457612,732993.473133424,0.00889967637540453,0.1317784548422198,0.012576020837048483,0.008359858244131307,30129.59809771869,37525.00232463574,5127.5469697129,0.7880081037975775,46.0,2.0,320.0,0.9701492537313433,0.5855855855855856,0.9904306220095693,207.0,65.0,0.346875,0.0020125,0.7880081037975775,41.46865740740742,41.46865740740742,1.1025347222222308,0.009569377990430622,46.0,2.0,0.4144144144144144,320.0,0.9701492537313433,0.5855855855855856,0.9904306220095693,207.0,65.0,0.0,0.0205485640529203,1.6571422623322822,0.375,0.425,18830842.36097114,29850508.689440854,0.0006070325299358946,0.0015725730114866622,0.03457756653940223,0.001157284961851803,0.002572222196819537,0.08786306225336914,0.209375,1.7787105763756241,0.018301535598104227,0.036196920279912975,0.020350089981288216,0.6181024269689342,80000.0,161.0,2276.0,142.0,1.0,0.346875,0.0049125,,,,0.02000506329113924,0.02000506329113924,,-0.0027011740684022463,-0.0027011740684022463,18.320298964120383,0.1317784548422198,0.1317784548422198,,4611353.03648933,0.05174721189591078,-0.0005730404351309178,5442940.698882814,0.011826959564869082,0.013846271839280408,0.013767083633179508,1.6282987106393632,0.0715,0.002149999999999999,0.02215,0.0172375,0.02557281942152075,0.010711239744414255,0.1761118439821947,0.1591405474149767,17.613752046599984,21.94509138877038,6.514491684054959e-05,0.011802099086633374
synb2b,M5_oracle,M5 with oracle propensity,methods,,,7,83,0.7897662494238921,1.0428809699126198,0.0195625,0.0030475399915341557,0.0024282261026041347,0.9815857365911028,0.015986037306293017,,8448140.812778143,0.03909452046156756,186585.29017770858,864022.6175058696,0.010111905082917622,0.1296824295010846,0.013565318817306831,0.00949399876214794,29948.886075846283,37221.03405836322,5140.240103667372,0.8193749732803215,37.0,7.0,320.0,0.9156626506024096,0.672566371681416,0.966183574879227,200.0,76.0,0.353125,0.00215,0.8193749732803215,34.30675925925925,34.30675925925925,0.0,0.033816425120772944,37.0,7.0,0.3274336283185841,320.0,0.9156626506024096,0.672566371681416,0.966183574879227,200.0,76.0,0.0,0.021707218851894673,1.750582165475377,0.475,0.5,20086052.05792069,30499853.46126175,0.0006577082653529088,0.001618918175895095,0.03748328039741442,0.0012011648199490676,0.0026465446843136286,0.09165671449710167,0.259375,1.8052846152470314,0.020234591958945294,0.038095604980757085,0.021102270887930964,0.560702174361945,80000.0,172.0,2287.0,142.0,1.0,0.353125,0.0053875,,,,0.02867505070993915,0.02867505070993915,,-0.0027011740684022463,-0.0027011740684022463,18.320298964120383,0.1296824295010846,0.1296824295010846,,5146324.908299895,0.054110301768990635,0.0006279291553133518,5627563.719336783,0.013027929155313351,0.014227319493819387,0.014102631383768275,1.5249128022280363,0.071,0.0035875000000000004,0.0235875,0.0182,0.02512612542021411,0.010346383452325494,0.1725514808796773,0.15908985411222565,17.27691598352976,22.05008951947093,6.553576643444144e-05,0.011803350339896884
synb2b,M5_oracle,M5 with oracle propensity,methods,,,8,89,0.7709443836863259,1.0970701863893233,0.02475,0.0016027320424824606,0.0018809891964078765,0.9798951837764863,0.018223827027105784,,8055795.471940406,0.03933970020871545,169232.5466000594,693741.7227419105,0.008358047991372337,0.14028002165674067,0.013933579766721946,0.009268453241042942,29818.886744475003,37010.79690508941,5124.747767132726,0.7274882538040433,52.0,16.0,320.0,0.7866666666666666,0.5315315315315315,0.9234449760765551,193.0,59.0,0.346875,0.00185,0.7274882538040433,51.480555555555554,51.480555555555554,6.329583333333346,0.07655502392344497,52.0,16.0,0.46846846846846846,320.0,0.7866666666666666,0.5315315315315315,0.9234449760765551,193.0,59.0,0.0,0.021510297482837528,1.7347014099062523,0.7,0.5,18045369.075231444,29711598.483677015,0.0006777663785730724,0.0016335772756450582,0.039738395006904674,0.0012831745966525782,0.0027299477125664745,0.10299503041848974,0.234375,1.8605931916530676,0.018883348895324375,0.038544716682877,0.020716359092248133,0.5481887806859692,80000.0,148.0,2316.0,142.0,1.0,0.346875,0.00485,,,,0.024731230925737535,0.024731230925737535,,-0.0016857142857142852,-0.0016857142857142852,18.320298964120383,0.14028002165674067,0.14028002165674067,,3981580.2842279505,0.05575924228536511,0.0003623126338329775,5314251.596321179,0.012762312633832977,0.013896606300700772,0.013714433532830052,1.6106229656106041,0.047,0.0041624999999999995,0.0241625,0.0193125,0.02385016773871348,0.010583598742226903,0.16865921385758534,0.1594048586007847,18.91858596354723,24.207205881830305,6.588075882656812e-05,0.011804257978635912
synb2b,M5_oracle,M5 with oracle propensity,methods,,,9,97,0.9113836791806688,1.0721099479340253,0.0181125,0.0016992645467966427,0.002263735311123272,0.9801127874633516,0.017623477225525052,,8303411.6552368095,0.03949447077409163,185754.2254922888,743861.5999205387,0.009299191374663073,0.1383230255839822,0.014087604014876859,0.010237299753728248,29933.983974673643,37343.02752425958,4640.076317332448,0.7992731575388776,46.0,1.0,320.0,0.9859154929577465,0.603448275862069,0.9950980392156863,203.0,70.0,0.3625,0.0020375,0.7992731575388776,43.56112268518518,43.56112268518518,0.0,0.004901960784313725,46.0,1.0,0.39655172413793105,320.0,0.9859154929577465,0.603448275862069,0.9950980392156863,203.0,70.0,0.0,0.022254248951557407,1.7946974960933393,0.65,0.525,19972659.857604034,30281677.11177147,0.0006657155687265687,0.001630033507101858,0.03607779451868793,0.001316087204756321,0.0027467744839311456,0.09385955191043195,0.221875,1.8112888285356485,0.0203765948490495,0.03956932526106718,0.021845950042687187,0.5225328841969406,80000.0,163.0,2296.0,142.0,1.0,0.3625,0.00545,,,,0.024844897959183675,0.024844897959183675,,-0.002190709545686575,-0.002190709545686575,18.320298964120383,0.1383230255839822,0.1383230255839822,,5229045.673852319,0.05620715917745621,0.001389743481115889,5696340.928594366,0.013789743481115889,0.015213198276915793,0.014957149026088098,1.5964086849904953,0.0595,0.0046,0.0246,0.01915,0.028113827569501475,0.011253472273975983,0.17326915801194503,0.16267913746173665,18.0945839965716,22.233673344017006,6.988988392630953e-05,0.011796481552016742
synb2b,M5_oracle,M5 with oracle propensity,methods,,,10,101,0.933150185554228,1.181602835884977,0.016275,0.0028646553021262435,0.0015864741949038164,0.9815830328763264,0.016830492928769664,,8571034.119482309,0.04045695531431457,182672.73955187682,874632.829687067,0.008762469668374224,0.134839263803681,0.013196185189646253,0.009025564191881798,30249.09132680078,37595.31959226515,5591.247065768909,0.7150954782533729,59.0,8.0,320.0,0.8666666666666667,0.46846846846846846,0.9617224880382775,201.0,52.0,0.346875,0.00195,0.7150954782533729,61.777222222222235,61.777222222222235,15.570405092592637,0.03827751196172249,59.0,8.0,0.5315315315315315,320.0,0.8666666666666667,0.46846846846846846,0.9617224880382775,201.0,52.0,0.0,0.02142533497313742,1.7278495946078565,0.375,0.5,19693374.83599116,30606931.948486045,0.000660492011080954,0.001696735209054688,0.037322396544302264,0.0013324725258971322,0.0030076415115766093,0.10110380531984617,0.1875,1.7560433708416376,0.01793625940378674,0.03721676660050456,0.021193534976683,0.614134851194545,80000.0,156.0,2328.0,142.0,1.0,0.346875,0.0028,,,,0.01948259109311741,0.01948259109311741,,-0.0032163265306122436,-0.0032163265306122436,34.11741043402779,0.134839263803681,0.134839263803681,,5060501.931831031,0.05494181764619237,-0.00019505869390176733,5187205.954990756,0.012204941306098232,0.014376763065592687,0.014172533114455991,1.68799051774646,0.0485,0.0009624999999999981,0.0209625,0.0181625,0.02510442321511608,0.011958663715978441,0.16596427188380172,0.1553313525997462,16.923832008615136,25.949360057711605,6.18453460822075e-05,0.011814705242356702
synb2b,M5_oracle,M5 with oracle propensity,methods,,,11,103,0.9340845313030613,1.0434852904955143,0.02115,0.0035698389319407677,0.002083543703663734,0.9807792352991889,0.0171372209971475,,7967581.299608092,0.03895121643766545,176472.29246950138,789893.306935438,0.008222132362852136,0.1265811738648948,0.01374236863967591,0.009150677190848734,30027.667216702757,37405.656067176344,5113.8793499588755,0.7992675864418328,43.0,5.0,320.0,0.9342105263157895,0.6228070175438597,0.9757281553398058,201.0,71.0,0.35625,0.0018625,0.7992675864418328,40.573055555555584,40.573055555555584,0.0,0.024271844660194174,43.0,5.0,0.37719298245614036,320.0,0.9342105263157895,0.6228070175438597,0.9757281553398058,201.0,71.0,0.0,0.021226507121024907,1.7118150904052345,0.425,0.475,18926251.3636335,30142544.320817113,0.0006589493181073323,0.0016190432042349657,0.03829563212917015,0.0012048320417006734,0.0026030583940798964,0.09137605133448302,0.2375,1.817088211518068,0.019943045669487142,0.03781410502441846,0.020810274803790097,0.615007047677653,80000.0,149.0,2266.0,142.0,1.0,0.35625,0.00435,,,,0.03070344827586207,0.03070344827586207,,-0.0016857142857142852,-0.0016857142857142852,18.320298964120383,0.1265811738648948,0.1265811738648948,,4737815.735128371,0.051916323102763784,0.0006284159741557042,5430961.021961598,0.013028415974155704,0.014193737209824387,0.014068064834975679,1.5901242113677467,0.058,0.0021375000000000005,0.0221375,0.0177875,0.02525409873176947,0.010795010528303903,0.17364643369173502,0.15910302371142976,18.760165956337005,111.79656606167559,6.534204751630911e-05,0.011804510708425305
synb2b,M5_oracle,M5 with oracle propensity,methods,,,12,107,0.9359732042379004,1.0595802088906254,0.0199875,0.002783882181415011,0.0020472372842040513,0.9814676673872046,0.016485095328591225,,9439224.507948969,0.04057823991884352,184761.8199407222,819190.0035595145,0.009568733153638815,0.1228253756260434,0.013131141518385398,0.008946041470732972,30084.271455133647,37483.85999063751,5123.247183376811,0.8616071428571428,31.0,0.0,320.0,1.0,0.7232142857142857,1.0,208.0,81.0,0.35,0.0019375,0.8616071428571428,28.791516203703736,28.791516203703736,0.0,0.0,31.0,0.0,0.2767857142857143,320.0,1.0,0.7232142857142857,1.0,208.0,81.0,0.0,0.021083828365678334,1.7003087391676077,0.55,0.5,19880738.2637027,30853504.816067547,0.0006264447126895458,0.0016057690461289958,0.03597370751638542,0.0012593574407813192,0.002770727911524074,0.09164643472447989,0.253125,1.7921593401432294,0.01941895296633259,0.03687535989992934,0.020575938240503917,0.5765047782496152,80000.0,155.0,2302.0,142.0,1.0,0.35,0.003025,,,,0.02731486761710794,0.02731486761710794,,-0.002195918367346939,-0.002195918367346939,18.320298964120383,0.1228253756260434,0.1228253756260434,,4277498.814623873,0.05060790273556231,-0.0001435908310184683,5344824.937570345,0.012256409168981531,0.014470757250817746,0.014232398762082436,1.5712767812499682,0.0415,0.0013999999999999985,0.0214,0.018375,0.02498912127320569,0.010673697432466066,0.16978652761428067,0.15904971955477817,18.252165958983824,22.408964193891734,6.514397687980387e-05,0.011809137334153093
synb2b,M5_oracle,M5 with oracle propensity,methods,,,13,109,1.0750090770193903,1.1635275882634821,0.0126125,0.0026995369973386177,0.0025884235030593,0.9812851339546237,0.016126442542317078,,8615490.20480988,0.03969706532029031,183372.42857623656,696299.7467153603,0.00795469866522853,0.12236263399693723,0.013813037888982194,0.009570546759582257,30196.940831791166,37593.64668892132,5127.70017876094,0.7272727272727273,60.0,0.0,320.0,1.0,0.45454545454545453,1.0,210.0,50.0,0.34375,0.0023375,0.7272727272727273,63.82538194444447,63.82538194444447,18.674409722222265,0.0,60.0,0.0,0.5454545454545454,320.0,1.0,0.45454545454545453,1.0,210.0,50.0,0.0,0.021876249564667792,1.7642136745699832,0.475,0.525,19795972.554201655,29535703.744087692,0.000657383616973982,0.0016576741341591302,0.038251476606017305,0.001261836937864359,0.00263173622227424,0.09338939628383736,0.15625,1.8357534582630044,0.017959889401763466,0.03836142206686571,0.020896826801112718,0.572779225220698,80000.0,187.0,2281.0,142.0,1.0,0.34375,0.0035625,,,,0.026567611336032387,0.026567611336032387,,-0.0037265306122448976,-0.0037265306122448976,18.320298964120383,0.12236263399693723,0.12236263399693723,,4669615.816709036,0.05384503137312126,0.0010776006074411544,5814566.785967382,0.013477600607441154,0.014499109906500877,0.014311881989807384,1.7897558766615767,0.0515,0.0018624999999999996,0.0218625,0.0183,0.027706180540040416,0.012118347012945346,0.17083154093881792,0.15896779409977796,18.182167987106368,21.747527430416085,6.496230329985843e-05,0.011803049870830614
synb2b,M5_oracle,M5 with oracle propensity,methods,,,14,113,0.8699020745582554,1.0470957125468778,0.023275,0.002347871376374779,0.0018403982116667501,0.9801534347565891,0.018006167031744194,,8569875.92515071,0.03906941459097231,175055.52097832604,801545.6233507377,0.008221024258760107,0.13687857935627082,0.013198386614838136,0.00848527992112096,29833.647419439025,37154.260047080556,4884.634655851526,0.823203586361481,35.0,8.0,320.0,0.9047619047619048,0.6846846846846847,0.9617224880382775,201.0,76.0,0.346875,0.001875,0.823203586361481,31.618807870370347,31.618807870370347,0.0,0.03827751196172249,35.0,8.0,0.3153153153153153,320.0,0.9047619047619048,0.6846846846846847,0.9617224880382775,201.0,76.0,0.0,0.020656627606545398,1.6658570650439837,0.575,0.45,18778263.197643347,30414861.457377225,0.0006393882855019186,0.0015652409915447008,0.037945991903541906,0.0011727866969380753,0.002653306759051975,0.09086208315884783,0.2625,1.776485012390173,0.019443810540591605,0.036168401063690646,0.020359530652627262,0.6327216350320909,80000.0,150.0,2295.0,142.0,1.0,0.346875,0.0034625,,,,0.03134364191251272,0.03134364191251272,,-0.0027061224489795914,-0.0027061224489795914,18.320298964120383,0.13687857935627082,0.13687857935627082,,4505224.723595666,0.054017041996348145,-0.0006752434648897992,4901616.925546235,0.0117247565351102,0.013746373851717087,0.013636937136026192,1.549118968199787,0.0485,0.0022625000000000006,0.0222625,0.0188,0.023485290679571263,0.01033787490730709,0.17644319315671847,0.16160977165920393,17.79966795584187,21.1534041329287,6.785865012924066e-05,0.011799183781065568
synb2b,M5_oracle,M5 with oracle propensity,methods,,,15,127,0.9605119714452948,1.0999214490918359,0.0133625,0.0035812009158939966,0.0026602890632296135,0.9828025860721223,0.014537124864647961,,7842534.166041272,0.03810485142893193,168688.83096358366,694563.2743177233,0.00836368541750978,0.1283942238267148,0.01228274783312239,0.007631255100295278,30140.83492864192,37479.64026908162,5112.874957232243,0.7293577981651376,59.0,0.0,320.0,1.0,0.45871559633027525,1.0,211.0,50.0,0.340625,0.002075,0.7293577981651376,62.809259259259306,62.809259259259306,18.674409722222265,0.0,59.0,0.0,0.5412844036697247,320.0,1.0,0.45871559633027525,1.0,211.0,50.0,0.0,0.020019865072301125,1.6145052477662198,0.35,0.4,18220774.86494432,29707658.420681365,0.0006174214403173528,0.001573661360275749,0.036802410456881846,0.001265419264942461,0.0028719180320919474,0.09590087104857814,0.15625,1.727829987911333,0.01810052170489761,0.03439962996828498,0.01990915206296921,0.5572159202470314,80000.0,166.0,2281.0,142.0,1.0,0.340625,0.0040375,,,,0.024674657186389032,0.024674657186389032,135.8561903472222,-0.003211638591117916,-0.003211638591117916,18.320298964120383,0.1283942238267148,0.1283942238267148,59.187486643518525,4926403.4736844255,0.052225778295024734,-0.0012783370264851743,4757273.950900897,0.011121662973514825,0.013989220577537398,0.013780761130039768,1.5787438980347448,0.0665,0.0016375,0.0216375,0.0176,0.025640026346999908,0.011673024226175228,0.16810584531554867,0.1589558659174516,17.456165980547667,32.388938118820086,6.514021049257793e-05,0.011800099456002487
synb2b,M5_oracle,M5 with oracle propensity,methods,,,16,131,0.8898578649992509,1.0358126898996647,0.018075,0.0020600364074452667,0.002495812971842839,0.9802716351329499,0.017232551895207202,,7930123.933973899,0.037404435458393885,169185.3767280844,805387.0145620193,0.008764832793959008,0.11745571587125417,0.012344032305131418,0.008179258351133808,30119.64118886239,37567.317842375705,5120.462207504251,0.8090909090909091,42.0,0.0,320.0,1.0,0.6181818181818182,1.0,210.0,68.0,0.34375,0.00235,0.8090909090909091,39.13390046296297,39.13390046296297,0.0,0.0,42.0,0.0,0.38181818181818183,320.0,1.0,0.6181818181818182,1.0,210.0,68.0,0.0,0.020300878752871846,1.6371676413606329,0.575,0.5,18189623.693707623,29405202.243955754,0.0005903153429004917,0.0015045663358702866,0.03465901235324761,0.0011194761084340893,0.0026199399882120265,0.08526499789093364,0.2125,1.7868910130799727,0.019161010444511985,0.03546481506736369,0.01984721776972553,0.5319434143385526,80000.0,188.0,2247.0,142.0,1.0,0.34375,0.004225,,,,0.0166519877675841,0.0166519877675841,,-0.00423673469387755,-0.00423673469387755,18.320298964120383,0.11745571587125417,0.11745571587125417,,4305652.788691891,0.04854664434637042,5.0505007728629536e-05,5148459.956479812,0.012450505007728629,0.013832942065491358,0.013685712572443583,1.5310287788797288,0.0515,0.003137499999999998,0.0231375,0.0189125,0.025183999266108675,0.010683325719273065,0.17265944844223724,0.15894120559788108,18.414504011161625,22.472349675372243,6.512814386579145e-05,0.011807286913382842
synb2b,M5_oracle,M5 with oracle propensity,methods,,,17,137,0.9751711953874551,1.1894425568409153,0.0131,0.004089621009335707,0.0021189085292776743,0.9828274238514669,0.015053667619255175,,8226334.448173211,0.037744171392564585,179767.55421397625,678624.2898255842,0.00835692141798086,0.12236263399693723,0.013020078474629234,0.00848790791922523,30142.162747433245,37475.9569715535,5119.995012367313,0.6995670995670995,64.0,4.0,320.0,0.92,0.41818181818181815,0.9809523809523809,206.0,46.0,0.34375,0.002075,0.6995670995670995,69.09305555555557,69.09305555555557,24.958206018518524,0.01904761904761905,64.0,4.0,0.5818181818181818,320.0,0.92,0.41818181818181815,0.9809523809523809,206.0,46.0,0.0,0.020847837858745263,1.6812772466730053,0.35,0.475,19417760.423200384,29705464.313794143,0.0006313852911066633,0.0015258863047780031,0.03755844374808829,0.0011598109422307473,0.002449990218967648,0.09244855531948679,0.15625,1.807885329005073,0.017050079961187823,0.03666407845352799,0.020280090703377298,0.5219793061468264,80000.0,166.0,2249.0,142.0,1.0,0.34375,0.00405,,,,0.026022649140546007,0.026022649140546007,,-0.0037221031138335876,-0.0037221031138335876,18.320298964120383,0.12236263399693723,0.12236263399693723,,5006793.949884447,0.053292894280762566,-2.694882679675145e-06,5506007.735317139,0.012397305117320324,0.013755239588858261,0.013612393790298572,1.7678603381134115,0.067,0.0014249999999999992,0.021425,0.017375,0.02491301379410585,0.011774189039181994,0.1724944878446355,0.1589955687891319,17.551586002809927,22.170495209284127,6.520800228850577e-05,0.011799913453319082
synb2b,M5_oracle,M5 with oracle propensity,methods,,,18,139,1.0399305855590364,1.1137520737171474,0.013325,0.0022597013076953334,0.0021527988685586907,0.9810977742623009,0.01674942686914036,,7786865.094967622,0.036426767676767675,180902.35314066094,707726.6652799187,0.008358047991372337,0.11783493360572012,0.013015107332316261,0.008710852024279934,30194.66206030599,37585.61145331393,5130.382323015103,0.7333333333333334,56.0,0.0,320.0,1.0,0.4666666666666667,1.0,215.0,49.0,0.328125,0.0021125,0.7333333333333334,60.84381944444448,60.84381944444448,20.254490740740778,0.0,56.0,0.0,0.5333333333333333,320.0,1.0,0.4666666666666667,1.0,215.0,49.0,0.0,0.021009542748673185,1.6943179636026762,0.475,0.55,19524633.40025027,29474311.24579108,0.000623407819548794,0.0015330353076083909,0.03751354523594047,0.0011260669765641212,0.002338787937629489,0.08562893898904395,0.153125,1.8688006406985953,0.01773351754339434,0.036910199188483296,0.019750741938254858,0.6281510534096831,80000.0,169.0,2211.0,142.0,1.0,0.328125,0.0035125,,,,0.013607139214686386,0.013607139214686386,,-0.0032163265306122436,-0.0032163265306122436,18.320298964120383,0.11783493360572012,0.11783493360572012,,5225991.387381825,0.05065144195578978,0.0011580334515965546,5804050.252620906,0.013558033451596554,0.01392792486716075,0.013809725017801993,1.7214467889358727,0.0465,0.002175,0.022175,0.0186625,0.026059017248075494,0.011793353829060606,0.17190367720699196,0.1589636863773108,17.36708404496312,21.494337844778784,6.498913605880383e-05,0.011803320945734781
synb2b,M5_oracle,M5 with oracle propensity,methods,,,19,149,0.9576068260647318,1.046810548730256,0.016275,0.0032882366094914763,0.0022637963044009773,0.982277549075559,0.015458654620040074,,7520934.389662741,0.03763339016227821,176166.162175813,850902.7191730876,0.009433962264150943,0.1316217391304348,0.013332112842413164,0.009297838235771171,29986.44030569889,37319.24642741814,4892.416768028075,0.7729517969681485,49.0,5.0,320.0,0.9285714285714286,0.5701754385964912,0.9757281553398058,201.0,65.0,0.35625,0.0021375,0.7729517969681485,45.289814814814804,45.289814814814804,0.0,0.024271844660194174,49.0,5.0,0.4298245614035088,320.0,0.9285714285714286,0.5701754385964912,0.9757281553398058,201.0,65.0,0.0,0.02141784863857542,1.7272458579496308,0.425,0.475,18953389.201113608,29662071.140518006,0.0006390694258450363,0.001535711482446319,0.03631991536636791,0.0012337887515875092,0.0027024954527732825,0.09150948685042816,0.21875,1.8356992667498444,0.019845873905046458,0.03813641390590176,0.02077487015257315,0.5954147538992214,80000.0,171.0,2287.0,142.0,1.0,0.35625,0.00335,,,,0.020169974554707377,0.020169974554707377,,-0.0027061224489795914,-0.0027061224489795914,18.320298964120383,0.1316217391304348,0.1316217391304348,,4881861.592332471,0.05452644158948312,0.0007865345195579142,5699690.499945307,0.013186534519557914,0.014417135697881913,0.014240748483283666,1.6045787062320342,0.0535,0.001174999999999999,0.021175,0.017825,0.025951259208234583,0.011060758648999013,0.17364219190728802,0.16130057226161332,18.16024602157995,22.185749066411518,6.751506591330252e-05,0.011797403035468576
synb2b,M5_legacy,M5_legacy,methods,,,0,11,0.7869759211947399,0.794420987385255,0.021825,0.004989363686884331,0.0027837784504766844,0.984498119059468,0.012718102490055429,84.54725434393931,8712950.554026248,0.038947639927779214,175857.02204021305,730328.5019686806,0.008488278092158448,0.12549359391965256,0.013025133544657308,0.008572740968734735,30012.230208626042,37305.88818498765,5500.827563825131,0.9259758026591425,14.0,5.0,320.0,0.9519230769230769,0.8761061946902655,0.9758454106280193,202.0,99.0,0.353125,0.0023375,0.9259758026591425,12.861828703703736,12.861828703703736,0.0,0.024154589371980676,14.0,5.0,0.12389380530973451,320.0,0.9519230769230769,0.8761061946902655,0.9758454106280193,202.0,99.0,0.0,0.02071663439169255,1.6706963219106896,0.275,0.45,18897141.618951745,30196598.358537275,0.0006454336910901221,0.0016563508434451733,0.03887842026153822,0.0011451040740993203,0.0026648589721889443,0.08086407262603615,0.325,1.7974952141661884,0.025419532843573806,0.03629827751466322,0.020193810380463823,0.6366957267127991,80000.0,187.0,2273.0,142.0,1.0,0.353125,0.00315,0.04965529624876116,0.03384333107306845,0.16230105619214769,0.019547261663286006,0.019547261663286006,,-0.003211638591117916,-0.003211638591117916,18.320298964120383,0.12549359391965256,0.12549359391965256,,4141831.034529829,0.05013349154553545,6.0070656427831104e-05,5312031.528426986,0.01246007065642783,0.013726015006363498,0.01394717724822195,1.2122463619177202,0.06,0.0,0.0195375,0.0163875,0.0228847168229203,0.009810518777938036,0.18365821667356902,0.1519324516847646,18.231334048323333,59.24408593447879,6.225107455799739e-05,0.011775273563260014
synb2b,M5_legacy,M5_legacy,methods,,,1,23,0.6053034295855797,0.9622401389380504,0.0374875,0.0018940696924875811,0.0026538723974249626,0.9799764262418574,0.01736970136071758,86.89820103146182,7822077.9846063275,0.03834156485573174,176588.49990311524,816175.0010404648,0.008740781207320403,0.1353777777777778,0.013629421106691237,0.008703288526611497,29527.80421208495,36426.75676513672,5285.036915511542,0.8660412440838404,18.0,23.0,320.0,0.8099173553719008,0.8448275862068966,0.8872549019607843,181.0,98.0,0.3625,0.002325,0.8660412440838404,16.57815972222221,16.57815972222221,0.0,0.11274509803921569,18.0,23.0,0.15517241379310345,320.0,0.8099173553719008,0.8448275862068966,0.8872549019607843,181.0,98.0,0.0,0.020863966935580017,1.682577978675808,0.45,0.5,18759890.319941506,30448876.723301068,0.0006408467483890398,0.0015944083731804955,0.037952967995518214,0.0010971712792881747,0.002647490144184344,0.08416870135455853,0.378125,1.8203397647505348,0.021504447256691015,0.03766727557773857,0.02069244231606434,0.5780673338295437,80000.0,186.0,2286.0,142.0,1.0,0.3625,0.0057125,0.050155934198929344,0.04571702768464876,0.16283721672813878,0.02719390862944162,0.02719390862944162,,-0.003211638591117916,-0.003211638591117916,18.320298964120383,0.1353777777777778,0.1353777777777778,,4845981.781597551,0.05319148936170213,-4.042511742678376e-05,5275655.5526971575,0.012359574882573216,0.013046166220319143,0.013344026660143669,1.3645531175943086,0.0725,0.0046124999999999985,0.0246125,0.0189,0.021080636798287217,0.008619158802293603,0.1901643787513315,0.15120221156770813,17.650582012720406,23.97672057908494,6.485180077391214e-05,0.011777275395076175
synb2b,M5_legacy,M5_legacy,methods,,,2,37,0.7540560608015672,0.9233785644818789,0.0247875,0.002686773157525585,0.002218949505174441,0.9817887507876301,0.01599229970719571,87.30961245277733,7471039.217704862,0.03728769441009956,173542.88928865272,817268.5159970908,0.009441596978688967,0.12545557986870898,0.012918121963673567,0.008593550067172193,30131.971270235324,37401.14283037479,5726.530924664227,0.9258241758241759,15.0,3.0,320.0,0.97,0.8660714285714286,0.9855769230769231,205.0,97.0,0.35,0.00225,0.9258241758241759,13.875104166666688,13.875104166666688,0.0,0.014423076923076924,15.0,3.0,0.13392857142857142,320.0,0.97,0.8660714285714286,0.9855769230769231,205.0,97.0,0.0,0.020693979933110368,1.6688693494443845,0.5,0.425,18570921.72069058,30165342.868388563,0.0006264222299792274,0.001552156386950468,0.037120733844848534,0.0010569612245122277,0.0023985782260179667,0.07275678365050284,0.3125,1.7923867710262524,0.02177732821697026,0.03604260024601168,0.020108718067236714,0.638468306529898,80000.0,180.0,2265.0,142.0,1.0,0.35,0.0041875,0.04000456041911501,0.012264813783915316,0.14923742837150764,0.02778311291963377,0.02778311291963377,,-0.00266639344262295,-0.00266639344262295,18.320298964120383,0.12545557986870898,0.12545557986870898,,4951123.613536095,0.05180416229974547,0.00023698921077223815,5331490.373452531,0.012636989210772238,0.013703370726706179,0.013924125453205176,1.3425818859903977,0.0585,0.002599999999999998,0.0226,0.0184125,0.023228548220552273,0.009733531961393852,0.18126244539198968,0.14798376919331363,17.808995995437726,23.002660245401785,6.067255484605422e-05,0.011783705606226179
synb2b,M5_legacy,M5_legacy,methods,,,3,53,0.788394434237992,0.8626704231127913,0.0266875,0.002619637379485947,0.0025255388322157563,0.9807534136750775,0.016721047492706635,87.86896701534958,6918876.699807665,0.03547352575430329,169816.61394543637,726709.9109677492,0.009169363538295576,0.12598550247116969,0.012484806822789027,0.008767822116012113,30023.90310683729,37242.004733751775,5498.743691486096,0.9642857142857143,8.0,0.0,320.0,1.0,0.9285714285714286,1.0,208.0,104.0,0.35,0.00215,0.9642857142857143,6.4340277777777715,6.4340277777777715,0.0,0.0,8.0,0.0,0.07142857142857142,320.0,1.0,0.9285714285714286,1.0,208.0,104.0,0.0,0.020773610838405655,1.6752911966456174,0.5,0.525,18138480.807913862,29650666.683683693,0.0006096770187612679,0.0014938234653839929,0.035762585659652256,0.001079579096811624,0.0023813121004155023,0.07481086794472441,0.325,1.8296197672135586,0.02308756790731257,0.036440467332752045,0.019916961975246634,0.5752388765521766,80000.0,172.0,2261.0,142.0,1.0,0.35,0.004925,0.044888458342201676,0.026056214644823206,0.15579470153134142,0.018627466937945064,0.018627466937945064,,-0.0006593159775395603,-0.0006593159775395603,18.320298964120383,0.12598550247116969,0.12598550247116969,,4917293.461157454,0.054005128978729826,0.0007503473476238032,5575600.735980996,0.013150347347623803,0.013915405156227799,0.014080356427761655,1.3002693156457206,0.068,0.003300000000000001,0.0233,0.018375,0.023033457973639187,0.00965046408119723,0.17990264967121974,0.1503569729125198,17.852165998192504,24.9323188373819,6.224622631077565e-05,0.011780210885194712
synb2b,M5_legacy,M5_legacy,methods,,,4,71,0.6617540033082663,0.8641887337782533,0.0306875,0.0029769951293208393,0.0028113213961165947,0.9811763410806589,0.016012337523224705,86.48099867284921,7605925.4393480895,0.03633229040291169,169159.58446068916,772045.9861850203,0.009036957108173725,0.12911982378854625,0.01295514287557487,0.007897009873490658,29636.567466999306,36740.35244046544,5285.852516592322,0.8488629940432193,19.0,27.0,320.0,0.7692307692307693,0.8256880733944955,0.8720379146919431,184.0,90.0,0.340625,0.0022375,0.8488629940432193,17.654236111111118,17.654236111111118,0.0,0.12796208530805686,19.0,27.0,0.1743119266055046,320.0,0.7692307692307693,0.8256880733944955,0.8720379146919431,184.0,90.0,0.0,0.020134845637231065,1.6237778739702473,0.475,0.45,18049266.84223357,29551608.99642975,0.0006286129032304676,0.0014920410923072952,0.03916222918843961,0.0010823324076332935,0.0024374299734538562,0.08221584935276673,0.365625,1.8263711429934986,0.02264480798401217,0.035740965416656896,0.019569387938355158,0.5716610861292655,80000.0,179.0,2265.0,142.0,1.0,0.340625,0.0052,0.047726743867782896,0.034324262506046456,0.15954750238197848,0.02316910569105691,0.02316910569105691,,-0.003211638591117916,-0.003211638591117916,18.320298964120383,0.12911982378854625,0.12911982378854625,,4590657.527477678,0.05145178275913946,-0.00045133182357381604,5080637.88922278,0.011948668176426184,0.012886112781741973,0.013092464144043314,1.2787540935911463,0.072,0.003425000000000001,0.023425,0.018225,0.02006048837225905,0.008968437152022814,0.18414899827188533,0.1525342264365837,18.0247500538826,25.188397706951946,6.49256476751072e-05,0.011766415930509842
synb2b,M5_legacy,M5_legacy,methods,,,5,73,0.9258436506980388,0.8663581803793774,0.0242625,0.002350531854708632,0.0026933843936092867,0.9796063807445446,0.017700234861845958,87.74687032250998,7918846.7832010975,0.03888996201146095,176022.57618142452,734741.3548067621,0.008893680097021964,0.12677808219178083,0.013105404172229834,0.00889044843320156,30236.33395559441,37365.75529129396,5722.548788596519,0.9090909090909092,20.0,0.0,320.0,1.0,0.8181818181818182,1.0,210.0,90.0,0.34375,0.0021875,0.9090909090909092,16.711423611111115,16.711423611111115,0.0,0.0,20.0,0.0,0.18181818181818182,320.0,1.0,0.8181818181818182,1.0,210.0,90.0,0.0,0.02095280393975416,1.6897422532059807,0.625,0.475,18864164.115411907,30296075.86337279,0.0006597018589849388,0.001577183106866495,0.03945589906224386,0.0010971455767932428,0.0026368251711828866,0.07472866378822318,0.28125,1.7967166803996786,0.023517854087592886,0.03660789623258479,0.020374885273754674,0.6061461400208086,80000.0,175.0,2292.0,142.0,1.0,0.34375,0.004925,0.042315011957763535,0.017824815337223004,0.15228818837536245,0.025087335359675784,0.025087335359675784,,-0.0032163265306122436,-0.0032163265306122436,18.320298964120383,0.12677808219178083,0.12677808219178083,,4761404.459407568,0.050986342943854325,0.00032042713407500444,5449171.517996479,0.012720427134075004,0.014063088031667944,0.0142318001940833,1.3618467356541968,0.062,0.00375,0.02375,0.018825,0.024438610669425,0.01027708293006278,0.1775231905165061,0.1486970914122098,18.268421990796924,24.464979141484946,6.046201107262663e-05,0.01178745355020524
synb2b,M5_legacy,M5_legacy,methods,,,6,79,0.7668559639960965,0.9036795720178118,0.0178875,0.00380542376089707,0.0021210688051270478,0.9826237923961969,0.015255138798675918,87.0140969827685,7931084.069483146,0.03845664886854818,173265.31495904847,732993.473133424,0.00889967637540453,0.1320141689373297,0.012505512195999194,0.008223389978130158,30153.363280173686,37469.54065738416,5503.7325180568,0.8963963963963963,23.0,0.0,320.0,1.0,0.7927927927927928,1.0,209.0,88.0,0.346875,0.0020375,0.8963963963963963,21.49456018518515,21.49456018518515,0.0,0.0,23.0,0.0,0.2072072072072072,320.0,1.0,0.7927927927927928,1.0,209.0,88.0,0.0,0.02038304048100347,1.6437935871776994,0.375,0.425,18659323.666369013,29850508.689440854,0.0006095274408609328,0.0015603011668253314,0.035585104194562754,0.0010918088960907017,0.0026212722328588507,0.0746855472840036,0.275,1.7913356195398618,0.022154576476074325,0.035863682312325736,0.020020638188134727,0.6202526832794519,80000.0,163.0,2276.0,142.0,1.0,0.346875,0.00485,0.03908067196920972,0.013357329919278332,0.14832801423522374,0.02000506329113924,0.02000506329113924,,-0.0027011740684022463,-0.0027011740684022463,18.320298964120383,0.1320141689373297,0.1320141689373297,,4611353.03648933,0.051770306456411785,-0.0006880216481332715,5383893.087263115,0.011711978351866728,0.013590279570115542,0.013800079802931572,1.3425535526146515,0.0715,0.0023124999999999986,0.0223125,0.0174625,0.02406434477429492,0.009709196360260464,0.18386949090648413,0.15167848382469332,18.254997994517908,24.365994834806774,6.206398950987399e-05,0.01177214837963181
synb2b,M5_legacy,M5_legacy,methods,,,7,83,0.6519113656265748,0.885112847961947,0.0355625,0.002706473720544872,0.0023713335193184678,0.9807607889109744,0.016867877569707077,86.01098977725862,8051932.172291289,0.03819219297108027,183137.28823140502,825678.428686456,0.010025062656641603,0.1296824295010846,0.013571525731937591,0.009102550453540085,29534.40144932921,36546.032543744586,5508.559085366377,0.8494933948954726,16.0,33.0,320.0,0.7461538461538462,0.8584070796460177,0.8405797101449275,174.0,97.0,0.353125,0.0021125,0.8494933948954726,14.759155092592607,14.759155092592607,0.0,0.15942028985507245,16.0,33.0,0.1415929203539823,320.0,0.7461538461538462,0.8584070796460177,0.8405797101449275,174.0,97.0,0.0,0.021385426717244478,1.7246311868745547,0.65,0.5,19512113.958614424,30499853.46126175,0.0006583037304686038,0.0015888829952497199,0.03908562892710177,0.0010612321826925608,0.0023454178136175434,0.0770738207879474,0.40625,1.8198573543600698,0.023399168473253962,0.037690892137844906,0.020710904647303217,0.5913044731447592,80000.0,169.0,2287.0,142.0,1.0,0.353125,0.005525,0.05095925780615776,0.04845018953791812,0.16400394593241763,0.02867505070993915,0.02867505070993915,,-0.002876190476190475,-0.002876190476190475,18.320298964120383,0.1296824295010846,0.1296824295010846,,5146324.908299895,0.054110301768990635,0.0004000345363495087,5488178.449336782,0.012800034536349508,0.013348549200097986,0.013594157235075167,1.3106662265099702,0.071,0.004225,0.024225,0.0187,0.020446115097178082,0.00894807036753546,0.18470175678474213,0.1502483363267626,17.562832013936713,25.232819942757487,6.316205965625628e-05,0.011778502340228623
synb2b,M5_legacy,M5_legacy,methods,,,8,89,0.6522243707728941,0.9464578188787365,0.0402125,0.0007786205751198716,0.001792020522248625,0.9792037539764415,0.019004225501309698,87.8097363513602,7828407.235321553,0.03866342337728844,164450.85998734704,693741.7227419105,0.008358047991372337,0.1396633126059921,0.013869442950774353,0.008887109496673018,29501.77379719653,36390.896588212985,5500.58945838915,0.7722943722943723,26.0,46.0,320.0,0.6461538461538462,0.7636363636363637,0.780952380952381,164.0,84.0,0.34375,0.0017875,0.7722943722943723,23.202291666666667,23.202291666666667,0.0,0.21904761904761905,26.0,46.0,0.23636363636363636,320.0,0.6461538461538462,0.7636363636363637,0.780952380952381,164.0,84.0,0.0,0.021117021276595746,1.7029855868222377,0.85,0.45,17309569.095476545,29711598.483677015,0.0006816629131382555,0.0016132029184297708,0.04204913489108309,0.001077702014351322,0.002269058519860176,0.08022848289094879,0.40625,1.876572113249344,0.02140718943327824,0.03802123100067603,0.020261001819344458,0.5689676744091563,80000.0,143.0,2316.0,142.0,1.0,0.34375,0.0052875,0.0418073696309607,0.02747972574367706,0.1513035520926629,0.024731230925737535,0.024731230925737535,,-0.0016857142857142852,-0.0016857142857142852,18.320298964120383,0.1396633126059921,0.1396633126059921,,3741013.067629911,0.05442176870748299,7.483148034666959e-05,5046407.069783168,0.01247483148034667,0.012976662792736455,0.013163618790680271,1.4015908889809727,0.047,0.005075,0.025075,0.0197875,0.018995314792566224,0.009275768442581215,0.18100554561291038,0.14995880369498427,18.294082023203373,25.61174139787909,6.33056566275967e-05,0.011778683647234814
synb2b,M5_legacy,M5_legacy,methods,,,9,97,0.7640922799222309,1.0206047238612888,0.0291875,0.0015186342548487441,0.0022239564705583007,0.9792595442568462,0.01851649927259544,87.97293375895643,7775699.028380736,0.038722423444188345,181411.769257636,743861.5999205387,0.009299191374663073,0.1383230255839822,0.013966029318438733,0.010057496150433862,29850.987296171003,37084.23316994651,5041.431653348226,0.9452332657200812,11.0,3.0,320.0,0.9722222222222222,0.9051724137931034,0.9852941176470589,201.0,105.0,0.3625,0.0020125,0.9452332657200812,2.7593981481481364,2.7593981481481364,0.0,0.014705882352941176,11.0,3.0,0.09482758620689655,320.0,0.9722222222222222,0.9051724137931034,0.9852941176470589,201.0,105.0,0.0,0.02195218076720967,1.770337158645941,0.7,0.525,19351669.957739677,30281677.11177147,0.0006705673226011018,0.0016701839068270115,0.037468169610805235,0.0011200678075848763,0.0024585531428322053,0.07489454322319593,0.3375,1.8314051299107716,0.021002943203566115,0.0392574565263583,0.021435703048549925,0.5288316806539985,80000.0,161.0,2296.0,142.0,1.0,0.3625,0.0056125,0.05460562528445099,0.0670311988806168,0.16951385541048591,0.024844897959183675,0.024844897959183675,,-0.002190709545686575,-0.002190709545686575,18.320298964120383,0.1383230255839822,0.1383230255839822,,5229045.673852319,0.05620715917745621,0.0013380191693290744,5603063.655586084,0.013738019169329074,0.014563035463227406,0.0147347302627573,1.4593948158767704,0.0595,0.004924999999999999,0.024925,0.0193125,0.02441622004520115,0.009741906416340726,0.18376465152132113,0.15259940804226466,18.565833976026624,26.354865944013,6.611446018313326e-05,0.01177828453384784
synb2b,M5_legacy,M5_legacy,methods,,,10,101,0.7200973681442066,0.8761595649041837,0.02865,0.0023979157616563595,0.0016187333046049903,0.9805848670658256,0.017796399629569287,86.85943352079498,8446947.832058474,0.040130359767397275,175634.278095292,874632.829687067,0.008762469668374224,0.13140165289256198,0.013064857676350055,0.008469015898951663,30042.509499101114,37178.18526551457,5986.879756835942,0.8724729514203198,23.0,10.0,320.0,0.8979591836734694,0.7927927927927928,0.9521531100478469,199.0,88.0,0.346875,0.001925,0.8724729514203198,21.49456018518515,21.49456018518515,0.0,0.04784688995215311,23.0,10.0,0.2072072072072072,320.0,0.8979591836734694,0.7927927927927928,0.9521531100478469,199.0,88.0,0.0,0.020693365525929035,1.668819800478148,0.5,0.475,18774569.16502495,30606931.948486045,0.0006502292644603194,0.0016373453145432215,0.03808149630089382,0.001156766045072092,0.0026595137684457537,0.08219706322955024,0.30625,1.7746694031113095,0.023395866529737856,0.03637808248030228,0.020498512239251473,0.6311944040265841,80000.0,154.0,2328.0,142.0,1.0,0.346875,0.0030875,0.04685079343795676,0.02868833894777305,0.15825187274799657,0.01948259109311741,0.01948259109311741,,-0.0032163265306122436,-0.0032163265306122436,34.11741043402779,0.13140165289256198,0.13140165289256198,,4553327.937255962,0.05183388905729009,-0.0007548546505382111,4899660.566023447,0.011645145349461788,0.013457755051979488,0.013641146398400767,1.2980901877397124,0.0485,0.0018374999999999989,0.0218375,0.01875,0.023091914923014982,0.00943734905928975,0.17874374693483647,0.14761675007270889,19.298081955639645,41.27659701684024,5.9724346506600884e-05,0.011790128169274144
synb2b,M5_legacy,M5_legacy,methods,,,11,103,0.7181850674385694,0.8562393998992461,0.032375,0.002677452147098058,0.0020327519382282444,0.9795113789422281,0.01845586911954378,87.2574853236829,7636698.878702011,0.03868157586789754,173838.3625707308,789893.306935438,0.008222132362852136,0.1265811738648948,0.01366431336102344,0.00894979120869518,29825.704075638616,37011.06928839608,5491.9283940501455,0.9080650655765627,11.0,18.0,320.0,0.8512396694214877,0.9035087719298246,0.912621359223301,188.0,103.0,0.35625,0.0018125,0.9080650655765627,8.248055555555538,8.248055555555538,0.0,0.08737864077669903,11.0,18.0,0.09649122807017543,320.0,0.8512396694214877,0.9035087719298246,0.912621359223301,188.0,103.0,0.0,0.021020190446086374,1.6951766488779334,0.525,0.475,18492856.12767341,30142544.320817113,0.0006611953371890325,0.0016490356022468575,0.03972256336255929,0.0011027557121989124,0.0026173982886147154,0.07868242108485568,0.378125,1.842375988552737,0.023783230335018432,0.03751840048112879,0.02036413886972173,0.6317735327277132,80000.0,145.0,2266.0,142.0,1.0,0.35625,0.00495,0.036670707368688334,0.0072136580693504685,0.14462016984673834,0.03070344827586207,0.03070344827586207,,-0.0016857142857142852,-0.0016857142857142852,18.320298964120383,0.1265811738648948,0.1265811738648948,,4737815.735128371,0.051916323102763784,0.00048189449728406816,5328448.206907589,0.012881894497284068,0.013432716585770723,0.013671026905598543,1.302883164650991,0.058,0.003487500000000001,0.0234875,0.0185375,0.02124013190264503,0.009169046221537386,0.18610307134780313,0.15134355557821122,18.328167992876843,38.71676111477428,6.261034625643701e-05,0.011776386381381414
synb2b,M5_legacy,M5_legacy,methods,,,12,107,0.7281331540882849,0.8088727643104773,0.0288125,0.002602883016964074,0.0021625368224011655,0.9813917064183606,0.016445756759238282,87.25950398797315,8837497.696095003,0.0391976927110645,179526.260859131,819190.0035595145,0.009568733153638815,0.1228253756260434,0.012976618586284188,0.008517476663985663,29942.82236660752,37113.54028723081,5494.548134009816,0.9508928571428572,11.0,0.0,320.0,1.0,0.9017857142857143,1.0,208.0,101.0,0.35,0.00195,0.9508928571428572,9.162893518518558,9.162893518518558,0.0,0.0,11.0,0.0,0.09821428571428571,320.0,1.0,0.9017857142857143,1.0,208.0,101.0,0.0,0.0205602571672243,1.6580852554213146,0.525,0.5,19202184.52184874,30853504.816067547,0.0006233751264936668,0.0015972308284496546,0.037229214597874365,0.0011127535384726146,0.0026726035691037606,0.07844527063672163,0.315625,1.805420786269435,0.024809223230794448,0.036230290610589924,0.020067504975088416,0.5919154305548011,80000.0,156.0,2302.0,142.0,1.0,0.35,0.0033125,0.042428477174898394,0.01651525911172517,0.15260576534051346,0.02731486761710794,0.02731486761710794,,-0.002195918367346939,-0.002195918367346939,18.320298964120383,0.1228253756260434,0.1228253756260434,,4277498.814623873,0.05060790273556231,-0.00036822760280244386,5267998.007570345,0.012031772397197556,0.013626064856294279,0.013800167741229137,1.2276697153608487,0.0415,0.0018124999999999981,0.0218125,0.0185,0.023330112525364155,0.009319694813450194,0.18184098144331884,0.15072257943960227,17.385998013196513,24.3609496881254,6.232185185646955e-05,0.011780601415745509
synb2b,M5_legacy,M5_legacy,methods,,,13,109,0.8357372703449532,0.908035090672678,0.0220875,0.0025347583711273153,0.0025799139192018506,0.9802520766425329,0.017168009438265224,87.22144101246343,8328527.826070531,0.039174469711446586,172801.725586062,696299.7467153603,0.00795469866522853,0.12004296048970506,0.013437690918012887,0.009082065582814483,30115.131138236018,37402.22926530436,5498.352259057389,0.8772727272727272,27.0,0.0,320.0,1.0,0.7545454545454545,1.0,210.0,83.0,0.34375,0.002325,0.8772727272727272,25.109884259259275,25.109884259259275,0.0,0.0,27.0,0.0,0.24545454545454545,320.0,1.0,0.7545454545454545,1.0,210.0,83.0,0.0,0.021133825847893785,1.7043407941849826,0.475,0.525,18526443.103986382,29535703.744087692,0.0006519955978967088,0.0016453677862481111,0.039330362141617434,0.0010827429682077646,0.002540861171746769,0.07633175249897432,0.259375,1.8396533844957828,0.022373435472677776,0.0373741489012697,0.020315864508092273,0.5988264493840706,80000.0,186.0,2281.0,142.0,1.0,0.34375,0.003525,0.04461123942666887,0.02151602741116388,0.15548530989383372,0.026567611336032387,0.026567611336032387,,-0.0037265306122448976,-0.0037265306122448976,18.320298964120383,0.12004296048970506,0.12004296048970506,,4044866.7769922344,0.05028866605894865,0.000713430107755415,5456748.754208254,0.013113430107755415,0.013719709173457096,0.013931077020756006,1.3995897072437224,0.0515,0.0020750000000000005,0.022075,0.01855,0.025081994478071974,0.010204928059252794,0.1823343100910051,0.15105288938991612,18.59507997869514,25.22749805590138,6.208943692047104e-05,0.011778604198922953
synb2b,M5_legacy,M5_legacy,methods,,,14,113,0.7141330919516636,0.9024687215645754,0.031025,0.0021994317447922773,0.0018638884772822267,0.9799640922544051,0.018172019268312807,87.16882596333355,8199393.127246615,0.03834654881060705,172645.048082502,801545.6233507377,0.008221024258760107,0.1369614658523043,0.013050797857562158,0.00832013601282382,29794.165003213846,36906.60061422833,5284.536885454202,0.9151256519677572,13.0,11.0,320.0,0.8990825688073395,0.8828828828828829,0.9473684210526315,198.0,98.0,0.346875,0.001875,0.9151256519677572,12.118171296296282,12.118171296296282,0.0,0.05263157894736842,13.0,11.0,0.11711711711711711,320.0,0.8990825688073395,0.8828828828828829,0.9473684210526315,198.0,98.0,0.0,0.020432059783180717,1.6477467567081223,0.6,0.45,18417333.349846777,30414861.457377225,0.0006359014453356078,0.0015531172791472805,0.03884943281118924,0.001094567006777183,0.0024522926987777492,0.07967288152362559,0.340625,1.7960739126663046,0.022086204301158933,0.03579954020883488,0.019932108559880927,0.6371980446991083,80000.0,150.0,2295.0,142.0,1.0,0.346875,0.00345,0.0518068937361192,0.05096301217873808,0.165295777522966,0.03134364191251272,0.03134364191251272,,-0.0027061224489795914,-0.0027061224489795914,18.320298964120383,0.1369614658523043,0.1369614658523043,,4505224.723595666,0.054025262517120684,-0.0006696060560571291,4911169.875653759,0.01173039394394287,0.013115268625641819,0.013351882211367664,1.3289493297015342,0.0485,0.0023250000000000007,0.022325,0.018875,0.021670122647243748,0.009200870769474682,0.18738265723056474,0.1517528175255105,18.362918053753674,25.903548076166775,6.454485337982939e-05,0.011778666896556664
synb2b,M5_legacy,M5_legacy,methods,,,15,127,0.7675737515856649,0.8125038986008478,0.0220375,0.0026645825188948455,0.0027383928495525144,0.9812563963479835,0.01600521080246428,86.71067885781792,7691902.865993375,0.03780332056194125,162142.0886922861,694563.2743177233,0.00836368541750978,0.12740263157894738,0.01211715541686485,0.007048801590794418,30066.46232181793,37315.88105186204,5499.298023162053,0.9036697247706422,21.0,0.0,320.0,1.0,0.8073394495412844,1.0,211.0,88.0,0.340625,0.0020625,0.9036697247706422,19.422592592592594,19.422592592592594,0.0,0.0,21.0,0.0,0.1926605504587156,320.0,1.0,0.8073394495412844,1.0,211.0,88.0,0.0,0.019253064467805177,1.5526664893391273,0.45,0.325,17407310.386756115,29707658.420681365,0.0006057997721699347,0.00152541327857273,0.0377074317031547,0.0010851666541771402,0.0024537375345075065,0.07786433379842343,0.275,1.7344896220058101,0.02360625379467978,0.03326781143225288,0.01918017323953838,0.5830153573406526,80000.0,165.0,2281.0,142.0,1.0,0.340625,0.00445,0.04570737047177345,0.024250524809300594,0.15696310627350035,0.024674657186389032,0.024674657186389032,135.8561903472222,-0.003211638591117916,-0.003211638591117916,18.320298964120383,0.12740263157894738,0.12740263157894738,59.187486643518525,4678364.601974554,0.05046421084156933,-0.0020418240598945037,4342479.6444704635,0.010358175940105496,0.013095761010966775,0.013259362798990192,1.2040385040071893,0.0665,0.002825000000000001,0.022825,0.018375,0.022934070920979897,0.009602794929189714,0.18036959446996897,0.15113728675898774,17.9270819935482,24.702510004863147,6.223829776820894e-05,0.01177559434675505
synb2b,M5_legacy,M5_legacy,methods,,,16,131,0.7209775279444401,0.8515580887503467,0.0282625,0.001987460691435179,0.0025822145347162867,0.9797102178192556,0.017707567646028127,88.58737655795778,7484062.811550997,0.03622616699539776,165520.17910043427,805387.0145620193,0.008764832793959008,0.1178170283806344,0.012052807694424657,0.007797594499986499,30012.809700103826,37200.80127876744,5497.907064409158,0.9681818181818183,7.0,0.0,320.0,1.0,0.9363636363636364,1.0,210.0,103.0,0.34375,0.0023625,0.9681818181818183,2.795023148148175,2.795023148148175,0.0,0.0,7.0,0.0,0.06363636363636363,320.0,1.0,0.9363636363636364,1.0,210.0,103.0,0.0,0.01982393303682712,1.5987042771634774,0.575,0.475,17661044.951680522,29405202.243955754,0.0005849956330682055,0.0014798089385768501,0.03585139500889569,0.000999281550370645,0.0026337181426432242,0.07125282916140288,0.321875,1.8057719413903583,0.022575605737286824,0.03471495375230654,0.019224439674025328,0.565425023790118,80000.0,189.0,2247.0,142.0,1.0,0.34375,0.0042375,0.04410184783765208,0.02143147308661986,0.1546904391378762,0.0166519877675841,0.0166519877675841,,-0.00423673469387755,-0.00423673469387755,18.320298964120383,0.1178170283806344,0.1178170283806344,,4305652.788691891,0.04858361254949741,-0.0001522379808203446,5065942.336875616,0.012247762019179655,0.013110299460105999,0.013313576628668087,1.2650540703654611,0.0515,0.0032125,0.0232125,0.018975,0.022158553732850764,0.00906003100131458,0.1845177010225742,0.15052942712528614,18.069331999868155,25.13296481803991,6.224084546187613e-05,0.011781037544876267
synb2b,M5_legacy,M5_legacy,methods,,,17,137,0.8330924717331106,0.8705293412375019,0.0195,0.003714835124201342,0.0021848006923594577,0.9817876818937165,0.016027517413924063,85.49983347887233,8144582.501727654,0.037556018430852746,172833.61997216352,678624.2898255842,0.00835692141798086,0.12023621353880024,0.012598715199707868,0.008149945610212478,30168.540838117857,37456.95007235412,5496.593120872061,0.8409090909090908,35.0,0.0,320.0,1.0,0.6818181818181818,1.0,210.0,75.0,0.34375,0.0020875,0.8409090909090908,29.54684027777779,29.54684027777779,0.0,0.0,35.0,0.0,0.3181818181818182,320.0,1.0,0.6818181818181818,1.0,210.0,75.0,0.0,0.02029290332632235,1.6365244618001895,0.375,0.5,18580350.31700959,29705464.313794143,0.0006268594006815094,0.0014994783374089268,0.03863384938291291,0.0010665675061919816,0.0024410471629644397,0.07676921089220663,0.234375,1.8162958536131761,0.02256001597408345,0.03567051732833136,0.019639155844226385,0.5323148513317977,80000.0,167.0,2249.0,142.0,1.0,0.34375,0.0042,0.0481098770988766,0.030412438556016805,0.16004646375172213,0.026022649140546007,0.026022649140546007,,-0.0037221031138335876,-0.0037221031138335876,18.320298964120383,0.12023621353880024,0.12023621353880024,,4508658.627142135,0.05006806837089699,-0.00020461939807843096,5248484.898314217,0.012195380601921569,0.013382400662382873,0.013559702628495927,1.3439006896395247,0.067,0.0019249999999999996,0.021925,0.017725,0.02435582649605606,0.010398711435768027,0.18082443334237402,0.15111731332376277,17.721584008540958,24.972429742920212,6.20625873785214e-05,0.011776227055266937
synb2b,M5_legacy,M5_legacy,methods,,,18,139,0.8932767680701326,0.7971349287587356,0.021825,0.00206155281280883,0.0021664048937708132,0.9802223214568676,0.017611273649361645,87.80146784843048,7717696.34010889,0.03626450263107842,171648.16766016948,707726.6652799187,0.008358047991372337,0.11232035794183445,0.01253687391271569,0.008227372703040017,30128.508501137214,37400.31326240013,5503.183650187851,0.8904761904761904,23.0,0.0,320.0,1.0,0.780952380952381,1.0,215.0,82.0,0.328125,0.0021,0.8904761904761904,21.515856481481478,21.515856481481478,0.0,0.0,23.0,0.0,0.21904761904761905,320.0,1.0,0.780952380952381,1.0,215.0,82.0,0.0,0.020301261336391117,1.6371984948702514,0.55,0.525,18405766.135753583,29474311.24579108,0.0006175527843953672,0.0015193409592074926,0.03845247867736337,0.0011106796032967214,0.002263889876908249,0.08190753655364078,0.25625,1.8693488234787794,0.024064429677831855,0.035858965949857734,0.019182597436858097,0.6445294125541088,80000.0,168.0,2211.0,142.0,1.0,0.328125,0.003775,0.046149075370429456,0.023559529442127164,0.1576698396660288,0.013607139214686386,0.013607139214686386,,-0.0032163265306122436,-0.0032163265306122436,18.320298964120383,0.11232035794183445,0.11232035794183445,,4401546.311845168,0.04633323105247008,0.0008241947485914756,5578796.818519605,0.013224194748591475,0.013298710004966584,0.01352653670805217,1.303705849945606,0.0465,0.0026499999999999996,0.02265,0.018875,0.02358271470218033,0.010176940273197745,0.18270060800499435,0.15177044141231746,17.569913994520903,26.23525529401377,6.206840791741472e-05,0.011783098629819745
synb2b,M5_legacy,M5_legacy,methods,,,19,149,0.7878828929558305,0.8337586953234803,0.023725,0.0030953594298562485,0.0023273637250390724,0.9816532100606906,0.01601942621427039,86.35585683374569,7178746.0459837625,0.03701786176546725,172740.03738573185,850902.7191730876,0.009433962264150943,0.1313908496732026,0.013168325893840071,0.009038525931831397,29937.81391612492,37200.85190524558,5283.160051894452,0.9288877533639925,14.0,4.0,320.0,0.9615384615384616,0.8771929824561403,0.9805825242718447,202.0,100.0,0.35625,0.00215,0.9288877533639925,12.859293981481471,12.859293981481471,0.0,0.019417475728155338,14.0,4.0,0.12280701754385964,320.0,0.9615384615384616,0.8771929824561403,0.9805825242718447,202.0,100.0,0.0,0.021104806626231005,1.702000534373468,0.425,0.45,18478565.1527351,29662071.140518006,0.0006348439476935749,0.0015176712970687164,0.036918427728760715,0.0011213964982796129,0.002578279888141706,0.07891654145121738,0.325,1.8446050456004817,0.024471144084036733,0.037635530542516886,0.02040302916457937,0.6196018483957115,80000.0,172.0,2287.0,142.0,1.0,0.35625,0.0034625,0.04140820330190739,0.01379654124449346,0.1513997080166956,0.020169974554707377,0.020169974554707377,,-0.0027061224489795914,-0.0027061224489795914,18.320298964120383,0.1313908496732026,0.1313908496732026,,4875983.074064543,0.05440956651718983,0.0005928030061779516,5572933.31351371,0.012992803006177951,0.01387816623940369,0.01405487464080211,1.2956456180152407,0.0535,0.0014249999999999992,0.021425,0.0179625,0.023293973553825807,0.00954679424690287,0.18364212269952604,0.1531465470200357,18.07483402080834,24.311138000921346,6.416131897981474e-05,0.011770469023908083
synb2b,M5_strictmatch,M5_strictmatch,methods,,,0,11,0.7869759211947399,0.444043961236754,0.011775,0.00443846820423443,0.0026385089735580392,0.9843745891247629,0.012986901901679124,0.4872644117335627,9120661.841503527,0.039424478671483805,185526.05757733763,730328.5019686806,0.008488278092158448,0.1289265306122449,0.013485918200654654,0.009083018042821788,15572.330134989288,13554.953051233546,746.5083308419504,0.691056389209525,66.0,7.0,320.0,0.8703703703703703,0.415929203539823,0.966183574879227,200.0,47.0,0.353125,0.0023,0.691056389209525,71.32268518518521,71.32268518518521,23.415277777777817,0.033816425120772944,66.0,7.0,0.584070796460177,320.0,0.8703703703703703,0.415929203539823,0.966183574879227,200.0,47.0,0.0,0.021449894487621596,1.7298302006146449,0.275,0.5,20070765.126260728,30196598.358537275,0.0006492000429499015,0.001642724805812768,0.03744049834958731,0.008886734678439184,0.02875746646204829,0.5303098889387582,0.16875,1.7967453438063241,0.04694950790946178,0.037457909927967444,0.02084764547023372,0.6005647070804121,80000.0,184.0,2273.0,142.0,1.0,0.353125,0.0030625,0.10784189745520938,0.34167008228305,0.2613571066195228,0.019346031746031743,0.019346031746031743,,-0.003211638591117916,-0.003211638591117916,18.320298964120383,0.1289265306122449,0.1289265306122449,,4571396.9959720485,0.05302272402458196,0.0004577441077441083,5648377.786816472,0.012857744107744108,0.020597885474060107,0.014280028474491323,0.791720616510231,0.06,0.0,0.0198375,0.016775,0.025019508304886598,0.012397696602940178,0.4847644030238455,0.4861987929504872,18.62058197730221,22.768664160976186,0.0005696250653782817,0.011609172520343847
synb2b,M5_strictmatch,M5_strictmatch,methods,,,1,23,0.6053034295855797,0.5002802832314207,0.04805,0.001555233101499579,0.00240612224638298,0.9791907947084689,0.018403083045147987,0.22364600808908922,7034461.814492115,0.03663911845730027,170661.24790623132,816175.0010404648,0.008740781207320403,0.1353777777777778,0.01329219353211398,0.008366060952034241,14759.08430640249,12825.572526072496,846.8673098239879,0.892156862745098,0.0,44.0,320.0,0.725,1.0,0.7843137254901961,160.0,116.0,0.3625,0.0022,0.892156862745098,0.0,0.0,0.0,0.21568627450980393,0.0,44.0,0.0,320.0,0.725,1.0,0.7843137254901961,160.0,116.0,0.0,0.020329397890674207,1.6394675718285652,0.55,0.5,17972274.149827287,30448876.723301068,0.0006352161426901906,0.0015947363419358622,0.038764254991824454,0.005083140245865839,0.01903985346997914,0.3042918247674431,0.5,1.8265940302458707,0.04038290750045329,0.03690226346397323,0.020202772402035038,0.6455064029117732,80000.0,176.0,2286.0,142.0,1.0,0.3625,0.006675,0.10884248314402162,0.34922101059682564,0.2624736700722873,0.02764160166406656,0.02764160166406656,,-0.003211638591117916,-0.003211638591117916,18.320298964120383,0.1353777777777778,0.1353777777777778,,4845981.781597551,0.05319148936170213,-4.042511742678376e-05,5275655.5526971575,0.012359574882573216,0.015281802692609902,0.013148097004624337,0.8661685539080559,0.0725,0.0058625,0.0258625,0.0191875,0.01878146059394608,0.0072679238822683885,0.5018499263848661,0.49436425430829445,17.71391596412286,22.45507499203086,0.0005144007986680794,0.011670798907959124
synb2b,M5_strictmatch,M5_strictmatch,methods,,,2,37,0.7540560608015672,0.4376991006364854,0.0151875,0.0026220221204253788,0.0022516972952018543,0.9823785108052995,0.015369791899498603,0.3161862678303624,7945993.30395248,0.038072690043511645,186276.7031370548,817268.5159970908,0.009441596978688967,0.1295091373149566,0.013378608969330788,0.00922920213593686,16753.5519078672,13657.705215969081,836.225280709413,0.7002060439560439,65.0,4.0,320.0,0.9215686274509803,0.41964285714285715,0.9807692307692307,204.0,47.0,0.35,0.0022875,0.7002060439560439,70.43863425925929,70.43863425925929,23.415277777777817,0.019230769230769232,65.0,4.0,0.5803571428571429,320.0,0.9215686274509803,0.41964285714285715,0.9807692307692307,204.0,47.0,0.0,0.02157519628513407,1.7399351842850057,0.45,0.45,20097192.48836667,30165342.868388563,0.0006338913215453828,0.0015674919484051641,0.03584924380986848,0.008022559183142574,0.03012798989912511,0.460514729855662,0.159375,1.7980703504549014,0.047616239402365576,0.037474636336465396,0.020841585162106994,0.6078984453657985,80000.0,183.0,2265.0,142.0,1.0,0.35,0.0039875,0.09950123882444237,0.33699339959299834,0.25046234219998653,0.02778311291963377,0.02778311291963377,,-0.00266639344262295,-0.00266639344262295,18.320298964120383,0.1295091373149566,0.1295091373149566,,5691217.244416057,0.05553157819018846,0.0006394353100300093,5642713.424001043,0.013039435310030009,0.021040288639870612,0.014289185363678703,0.7903540098951242,0.0585,0.002412499999999998,0.0224125,0.018425,0.026143298039884487,0.01224033892959244,0.44893125325886296,0.45865056491028283,17.66533200861886,22.22297224914655,0.0005109595188521269,0.011613201825833922
synb2b,M5_strictmatch,M5_strictmatch,methods,,,3,53,0.788394434237992,0.39608538241813634,0.0144875,0.0027260319147067963,0.0024031510231554217,0.9815887075221078,0.016008141454736908,0.39096066725253387,7256044.329469789,0.036262825823720604,180740.26143636683,726709.9109677492,0.009169363538295576,0.1287042944785276,0.013003336406550858,0.009286351699773945,14530.335338572715,9043.302470606857,818.5636157952077,0.7050137362637363,65.0,2.0,320.0,0.9591836734693877,0.41964285714285715,0.9903846153846154,206.0,47.0,0.35,0.0021125,0.7050137362637363,70.43863425925929,70.43863425925929,23.415277777777817,0.009615384615384616,65.0,2.0,0.5803571428571429,320.0,0.9591836734693877,0.41964285714285715,0.9903846153846154,206.0,47.0,0.0,0.021584035568422685,1.740648029711507,0.525,0.525,19487271.05968083,29650666.683683693,0.000611985175543107,0.0014965120627302086,0.034309302950675566,0.014718365609553044,0.048818784240966806,0.8751487367834427,0.153125,1.834883885495398,0.05173268408708509,0.03759779827565597,0.020490559960149736,0.5354171816099584,80000.0,169.0,2261.0,142.0,1.0,0.35,0.0050125,0.10670948720631304,0.4086688898398991,0.25955485075520734,0.018866017426960535,0.018866017426960535,,-0.0006593159775395603,-0.0006593159775395603,18.320298964120383,0.1287042944785276,0.1287042944785276,,5642383.828591863,0.056952876553917314,0.001096103237797538,5862132.990651429,0.013496103237797537,0.025733223521023193,0.014397390603765997,0.7387874498310855,0.068,0.0033749999999999995,0.023375,0.0183625,0.026846160259829315,0.01218334742652828,0.49923904268195984,0.5100207844270838,19.386664003832266,24.63433904515114,0.0005398467924694321,0.011834031796128977
synb2b,M5_strictmatch,M5_strictmatch,methods,,,4,71,0.6617540033082663,0.45758274670228266,0.040975,0.001987460691435179,0.0026437597578360533,0.9794333763613206,0.017922863880843472,0.2793936886718344,6781100.746735459,0.03463262257232107,163549.33692587764,772045.9861850203,0.009036957108173725,0.1299895253682488,0.01265385676238659,0.007619963720575637,16147.677857357681,12945.346836687326,822.5805152761468,0.632657941649637,62.0,35.0,320.0,0.573170731707317,0.43119266055045874,0.8341232227488151,176.0,47.0,0.340625,0.002125,0.632657941649637,67.55012731481486,67.55012731481486,23.415277777777817,0.16587677725118483,62.0,35.0,0.5688073394495413,320.0,0.573170731707317,0.43119266055045874,0.8341232227488151,176.0,47.0,0.0,0.019678234277356734,1.5869543772061883,0.525,0.45,17302837.616932336,29551608.99642975,0.0006189159886342893,0.001490620285064051,0.039774204323634724,0.004220263477924792,0.014260370745023484,0.3446247787220307,0.25625,1.8352371032861832,0.04181519625417116,0.03511526588653443,0.019133912355878642,0.6384539586304191,80000.0,170.0,2265.0,142.0,1.0,0.340625,0.0054375,0.10514613705408817,0.3453527316068705,0.25804972040359864,0.02329580962234868,0.02329580962234868,,-0.003211638591117916,-0.003211638591117916,18.320298964120383,0.1299895253682488,0.1299895253682488,,4650449.4355073385,0.051946107784431136,-0.00041465833153696806,5099241.448504517,0.011985341668463032,0.01575845948113979,0.012865453818341852,0.814424564062088,0.072,0.004337500000000001,0.0243375,0.0189,0.018971024121704278,0.010884345098148241,0.45109271524957334,0.4620133385855453,18.635416025063023,24.014343135640956,0.0005239232378598934,0.01166115281635546
synb2b,M5_strictmatch,M5_strictmatch,methods,,,5,73,0.9258436506980388,0.38358819866418625,0.013275,0.00223327114341273,0.0027194735568635544,0.9801767312384266,0.017103795204709702,0.3126613034307086,8391644.806689668,0.039514446481633686,185790.83458681262,734741.3548067621,0.008893680097021964,0.12746727922409393,0.013511627992710159,0.009316791388133624,16733.688746528976,13804.46732251635,815.8183319892684,0.7136363636363636,63.0,0.0,320.0,1.0,0.42727272727272725,1.0,210.0,47.0,0.34375,0.002225,0.7136363636363636,68.56625000000003,68.56625000000003,23.415277777777817,0.0,63.0,0.0,0.5727272727272728,320.0,1.0,0.42727272727272725,1.0,210.0,47.0,0.0,0.021631883459035023,1.7445067305673405,0.55,0.475,20066106.394485846,30296075.86337279,0.000665277739144583,0.0016191864528185115,0.03808463092391029,0.00872170899044266,0.027304404354268022,0.5240648576010944,0.146875,1.7771388150213592,0.05511208308403077,0.037569327084578184,0.021140344674834333,0.5884022765079727,80000.0,178.0,2292.0,142.0,1.0,0.34375,0.004525,0.10469559618380372,0.3432268176892506,0.257372672381534,0.025087335359675784,0.025087335359675784,,-0.0032163265306122436,-0.0032163265306122436,18.320298964120383,0.12746727922409393,0.12746727922409393,,5328701.37867365,0.05382271870013057,0.000559556880404221,5611018.854315767,0.01295955688040422,0.022081011520783345,0.014607821529774771,0.722072453472015,0.062,0.003349999999999999,0.02335,0.018825,0.027772008439612552,0.012520934844374861,0.446849055499767,0.4612762703594099,18.603169999551028,23.83708465960808,0.0005197854165202479,0.011691444881970336
synb2b,M5_strictmatch,M5_strictmatch,methods,,,6,79,0.7668559639960965,0.36571378988819103,0.0107,0.004065095324835569,0.002264546727305051,0.9837896017818167,0.01394585149087819,0.4066394256816548,7942746.054423505,0.038478577305233845,180122.83659573077,732993.473133424,0.00889967637540453,0.1315471007121058,0.012869605270713161,0.008672521405830115,16015.211015190385,13666.601759716868,758.1302344685732,0.709319367214104,64.0,1.0,320.0,0.9791666666666666,0.42342342342342343,0.9952153110047847,208.0,47.0,0.346875,0.0021125,0.709319367214104,69.62209490740742,69.62209490740742,23.415277777777817,0.004784688995215311,64.0,1.0,0.5765765765765766,320.0,0.9791666666666666,0.42342342342342343,0.9952153110047847,208.0,47.0,0.0,0.021038012447919346,1.69661390709027,0.35,0.475,19487584.3770968,29850508.689440854,0.0006160224819497562,0.0015638525180549246,0.03475977118603506,0.011543302970781297,0.033010524972242425,0.7630370808223965,0.15,1.7916278434576978,0.056310599700815846,0.03689600055767671,0.0205935628274622,0.6041671313594644,80000.0,169.0,2276.0,142.0,1.0,0.346875,0.00485,0.10308652727782604,0.336104762019938,0.2550576056009794,0.01974285714285714,0.01974285714285714,,-0.0027011740684022463,-0.0027011740684022463,18.320298964120383,0.1315471007121058,0.1315471007121058,,5133958.078687292,0.05476122390620532,-0.00022411204340420064,5677886.770852576,0.012175887956595799,0.023900485478727432,0.014078354737058704,0.6840564304763407,0.0715,0.002100000000000001,0.0221,0.01725,0.026484445940562124,0.011866786439653481,0.4724855731366794,0.4771908663358291,18.744251923635602,22.93320808385033,0.0005524479054416111,0.011649596233965064
synb2b,M5_strictmatch,M5_strictmatch,methods,,,7,83,0.6519113656265748,0.3630257976516846,0.044475,0.0021722683996228463,0.002311747511508599,0.9800383620771251,0.01764989041136637,0.4694223998138985,7490615.443915166,0.03651226158038147,179016.56445310413,825678.428686456,0.010025062656641603,0.1296824295010846,0.013233259322198432,0.008764284043800924,16248.195914115175,13207.700151792702,842.185295364553,0.8792270531400966,0.0,50.0,320.0,0.6932515337423313,1.0,0.7584541062801933,157.0,113.0,0.353125,0.0020625,0.8792270531400966,0.0,0.0,0.0,0.24154589371980675,0.0,50.0,0.0,320.0,0.6932515337423313,1.0,0.7584541062801933,157.0,113.0,0.0,0.020889784695062537,1.6846600560534304,0.7,0.5,18950797.2302383,30499853.46126175,0.0006497578839326711,0.0015888829952497199,0.03946357221837834,0.008869196837458385,0.03519363104057798,0.5160706301023084,0.509375,1.8250148063096954,0.05570895406449987,0.036908711600891896,0.02022378748560612,0.6396117018959251,80000.0,165.0,2287.0,142.0,1.0,0.353125,0.006,0.10492953000166697,0.34955596981179693,0.25789664683380564,0.028541658137154556,0.028541658137154556,,-0.002876190476190475,-0.002876190476190475,18.320298964120383,0.1296824295010846,0.1296824295010846,,5146324.908299895,0.054110301768990635,0.0004000345363495087,5488178.449336782,0.012800034536349508,0.021695753248360004,0.013419162873753741,0.6795535925702725,0.071,0.005062500000000001,0.0250625,0.0190625,0.018697452889900955,0.00773623113785626,0.4449854115785189,0.45785973189396356,17.15741603402421,25.879203554941345,0.0005129726667386862,0.011606188931485482
synb2b,M5_strictmatch,M5_strictmatch,methods,,,8,89,0.6522243707728941,0.4928449629720607,0.0551,0.0006661456297237113,0.0017742186076291151,0.9785705325502891,0.019655248842081766,0.41594301802059525,6606060.1657646485,0.03596922863677317,155230.50808645098,693741.7227419105,0.008358047991372337,0.1396633126059921,0.013321080774931155,0.008338747320829818,14014.704402107584,8912.430081764856,877.7851508826303,0.8216450216450217,1.0,73.0,320.0,0.5989010989010989,0.990909090909091,0.6523809523809524,137.0,109.0,0.34375,0.00175,0.8216450216450217,0.0,0.0,0.0,0.3476190476190476,1.0,73.0,0.00909090909090909,320.0,0.5989010989010989,0.990909090909091,0.6523809523809524,137.0,109.0,0.0,0.02030888969962301,1.6378136854534686,0.85,0.45,16087222.025919637,29711598.483677015,0.000664293769560149,0.0016125620442332346,0.042547661840951156,0.0072128074507396,0.024064321375986766,0.4610362934076292,0.56875,1.8840227947596306,0.03960751775215405,0.03677681379007624,0.0195203656199756,0.6457157099918613,80000.0,140.0,2316.0,142.0,1.0,0.34375,0.00545,0.10676921345330143,0.41167333960536245,0.2597694344565861,0.02364531410916581,0.02364531410916581,,-0.0016857142857142852,-0.0016857142857142852,18.320298964120383,0.1396633126059921,0.1396633126059921,,3741013.067629911,0.05442176870748299,7.483148034666959e-05,5046407.069783168,0.01247483148034667,0.017477431001795996,0.012865329713702828,0.8826802192137161,0.047,0.0052625,0.0252625,0.0198125,0.016979935003090325,0.0071727274542346805,0.49654457774070043,0.5089448430159683,18.58775003347546,24.837928035994995,0.0005115821526916407,0.011776830497358358
synb2b,M5_strictmatch,M5_strictmatch,methods,,,9,97,0.7640922799222309,0.6149585331798072,0.0157875,0.0012599603168354154,0.002049106636800864,0.9798249095477368,0.0181259838154622,0.4236524953435849,8278351.381812913,0.039352444330688505,191064.39966154896,743861.5999205387,0.009299191374663073,0.14066122448979593,0.014351413771811192,0.01044288060380632,14438.14496903276,8596.41050457786,853.2025337265084,0.6829783637592968,69.0,8.0,320.0,0.8545454545454545,0.4051724137931034,0.9607843137254902,196.0,47.0,0.3625,0.00195,0.6829783637592968,74.08208333333334,74.08208333333334,23.415277777777817,0.0392156862745098,69.0,8.0,0.5948275862068966,320.0,0.8545454545454545,0.4051724137931034,0.9607843137254902,196.0,47.0,0.0,0.022699299068447715,1.830588634552235,0.725,0.525,20579564.078257374,30281677.11177147,0.0006640639159456477,0.0016375948501153152,0.03610315740761435,0.005896421605604834,0.020335858421267144,0.3341880521204563,0.171875,1.8396287540034753,0.035468707397093506,0.04012558552785969,0.0218117842747004,0.5019495647175036,80000.0,156.0,2296.0,142.0,1.0,0.3625,0.005975,0.1100338769499502,0.4203812175635551,0.26421132699445915,0.025205932203389826,0.025205932203389826,,-0.002190709545686575,-0.002190709545686575,18.320298964120383,0.14066122448979593,0.14066122448979593,,5806482.487256059,0.05991316931982634,0.0014485971413446264,5750868.609267864,0.013848597141344626,0.016849325607208594,0.014916751460041304,1.0428867187517155,0.0595,0.0053999999999999986,0.0254,0.019425,0.02704301288520121,0.01254480466184195,0.5024885940791409,0.5115921236998608,18.77574805985205,28.426018625032164,0.0005283297951023378,0.011688547878348289
synb2b,M5_strictmatch,M5_strictmatch,methods,,,10,101,0.7200973681442066,0.4812612033395693,0.0348,0.0022304708023195463,0.0016411417572393275,0.9803249398757091,0.01803391836705149,0.43780083332407155,7817194.301573063,0.03808057823584527,173930.78828684962,874632.829687067,0.008762469668374224,0.13244978540772534,0.012774372466099571,0.008187846117464795,16563.56877902163,13565.784011461517,840.3510124772355,0.6853959222380275,64.0,11.0,320.0,0.8103448275862069,0.42342342342342343,0.9473684210526315,198.0,47.0,0.346875,0.001925,0.6853959222380275,69.62209490740742,69.62209490740742,23.415277777777817,0.05263157894736842,64.0,11.0,0.5765765765765766,320.0,0.8103448275862069,0.42342342342342343,0.9473684210526315,198.0,47.0,0.0,0.02028740490278952,1.6360810405475419,0.525,0.475,18520106.146997124,30606931.948486045,0.000636858932884896,0.0016512873718600423,0.03860585962784968,0.006781675418022723,0.023933988947887837,0.5014489209854824,0.18125,1.7920044628043426,0.041426864353138956,0.03572744849537128,0.01993714258917676,0.6593027689962694,80000.0,154.0,2328.0,142.0,1.0,0.346875,0.0034375,0.10416652364450095,0.34595978816248035,0.25686755046652376,0.01948259109311741,0.01948259109311741,,-0.0032163265306122436,-0.0032163265306122436,34.11741043402779,0.13244978540772534,0.13244978540772534,,4874106.585017277,0.052804295942720764,-0.0006524438346767279,4954172.4307197165,0.011747556165323272,0.018673055254456016,0.013382601273496655,0.8444469323021834,0.0485,0.0022375,0.0222375,0.0188,0.023995497907397995,0.01117700680967664,0.44016757282868835,0.4573671031454134,18.29107996309176,27.873257732135244,0.0005069803599862818,0.011620008277031057
synb2b,M5_strictmatch,M5_strictmatch,methods,,,11,103,0.7181850674385694,0.8400031119365806,0.0197,0.0029790938219532467,0.002061942918044266,0.9809679591938031,0.016970097888152486,0.34337292633182126,7874966.363198352,0.03884171841338233,182483.44823665058,789893.306935438,0.008222132362852136,0.13031151885830786,0.013974319560403532,0.009259797408075273,14377.233984580882,9123.379343704537,770.0473469525858,0.6575966615568046,67.0,20.0,320.0,0.7014925373134329,0.41228070175438597,0.9029126213592233,186.0,47.0,0.35625,0.00185,0.6575966615568046,72.25266203703706,72.25266203703706,23.415277777777817,0.0970873786407767,67.0,20.0,0.5877192982456141,320.0,0.7014925373134329,0.41228070175438597,0.9029126213592233,186.0,47.0,0.0,0.021619936075669775,1.7435432319088529,0.45,0.475,19605842.54078363,30142544.320817113,0.0006579087791311941,0.0016161682387584558,0.038080755938817976,0.006280542868879872,0.021294943637528357,0.34668795315306866,0.209375,1.819186736325242,0.02498925152310851,0.03818663800308344,0.020991049044377083,0.6067441580794679,80000.0,148.0,2266.0,142.0,1.0,0.35625,0.00415,0.10658947353064135,0.4082938156997806,0.2593782000451422,0.03070344827586207,0.03070344827586207,,-0.0016857142857142852,-0.0016857142857142852,18.320298964120383,0.13031151885830786,0.13031151885830786,,5471087.143469766,0.054210755181910424,0.0007438569538684766,5469895.727180074,0.013143856953868476,0.016184972551396965,0.013967361764666194,1.2787321005120995,0.058,0.0023749999999999986,0.022375,0.018225,0.022111313935483472,0.012123498963264647,0.5058429197133293,0.5106462912540821,18.78016404225491,24.27405826980248,0.0005658510902711299,0.011849367356077584
synb2b,M5_strictmatch,M5_strictmatch,methods,,,12,107,0.7281331540882849,0.36830058957409717,0.017125,0.0022734885088779313,0.0020465284732638445,0.9813490235919562,0.016604447934780102,0.34651561580123336,9264154.357681673,0.03975849444408761,191889.15014065095,819190.0035595145,0.009568733153638815,0.12862564102564103,0.013441987975171035,0.009182920085552649,15969.597452461916,13621.663752556527,857.332253667155,0.7074175824175825,65.0,1.0,320.0,0.9791666666666666,0.41964285714285715,0.9951923076923077,207.0,47.0,0.35,0.001925,0.7074175824175825,70.43863425925929,70.43863425925929,23.415277777777817,0.004807692307692308,65.0,1.0,0.5803571428571429,320.0,0.9791666666666666,0.41964285714285715,0.9951923076923077,207.0,47.0,0.0,0.021512208405191975,1.73485551654774,0.6,0.5,20705246.736962568,30853504.816067547,0.0006365218137951348,0.0016143076827264354,0.036077017989410334,0.008892769733897412,0.0273618228529731,0.5475986532974589,0.15,1.8055132917624945,0.05672935482079859,0.037723410400370756,0.020893454826658272,0.5607960301286437,80000.0,154.0,2302.0,142.0,1.0,0.35,0.00345,0.10616358456694654,0.3414229085240489,0.25896033369614,0.02739328165374677,0.02739328165374677,,-0.002195918367346939,-0.002195918367346939,18.320298964120383,0.12862564102564103,0.12862564102564103,,5155075.808134094,0.055844907407407406,-5.301368122326115e-05,5466826.567587286,0.012346986318776738,0.021166634310192767,0.014201842750046387,0.6837903746576975,0.0415,0.0023374999999999993,0.0223375,0.0188875,0.02704332111349887,0.012046078512874434,0.47116748512568496,0.47667444130551334,17.479084024671465,23.312801188440062,0.0005027630988060133,0.011543614960471968
synb2b,M5_strictmatch,M5_strictmatch,methods,,,13,109,0.8357372703449532,0.7106876231002118,0.01345,0.002656360291827899,0.0026119752771729256,0.980991313461088,0.016396711261738847,0.3003911997169812,8548176.793311592,0.03958637315231872,182582.6836757408,696299.7467153603,0.00795469866522853,0.12236263399693723,0.013856884013063777,0.00951619817181477,14546.57121363344,9120.908785081025,816.9888280663416,0.7112554112554113,63.0,1.0,320.0,0.9791666666666666,0.42727272727272725,0.9952380952380953,209.0,47.0,0.34375,0.0023625,0.7112554112554113,68.56625000000003,68.56625000000003,23.415277777777817,0.004761904761904762,63.0,1.0,0.5727272727272728,320.0,0.9791666666666666,0.42727272727272725,0.9952380952380953,209.0,47.0,0.0,0.021820811114410775,1.7597428318073207,0.475,0.55,19699229.190099783,29535703.744087692,0.000658680050072484,0.0016557237322157366,0.03857581699671322,0.0068983648257532944,0.02152923942635669,0.42272563972202565,0.15,1.8432278005777165,0.02930361615907143,0.038386541124434854,0.020825717316331434,0.5777920789237407,80000.0,189.0,2281.0,142.0,1.0,0.34375,0.0035625,0.10802218823642641,0.41061296308677375,0.26142173539689223,0.02660709219858156,0.02660709219858156,,-0.0037265306122448976,-0.0037265306122448976,18.320298964120383,0.12236263399693723,0.12236263399693723,,4723810.444105446,0.053855038983540285,0.000991631286568236,5730942.205967382,0.013391631286568235,0.016812805779460222,0.014178182302510679,1.186277602840492,0.0515,0.0019999999999999983,0.022,0.0184375,0.027382693732095675,0.012135594860436935,0.5014735995484502,0.510222657965437,18.255670031066984,25.899321409524422,0.000543704062563284,0.011862788833016974
synb2b,M5_strictmatch,M5_strictmatch,methods,,,14,113,0.7141330919516636,0.49003431922853025,0.0213375,0.0019953069939234913,0.0019624502362437964,0.9807157746614207,0.017321775102335735,0.1137939299651407,8250143.191590497,0.03812279009964641,180837.85057054888,801545.6233507377,0.008221024258760107,0.13978508997429306,0.013277907056807033,0.008815279065005987,14314.026911147257,8704.108889397141,824.8649110625299,0.6806112332428123,64.0,13.0,320.0,0.7833333333333333,0.42342342342342343,0.937799043062201,196.0,47.0,0.346875,0.0019375,0.6806112332428123,69.62209490740742,69.62209490740742,23.415277777777817,0.06220095693779904,64.0,13.0,0.5765765765765766,320.0,0.7833333333333333,0.42342342342342343,0.937799043062201,196.0,47.0,0.0,0.02116271195269971,1.7066703187661059,0.6,0.475,19438013.137594078,30414861.457377225,0.0006419212256666446,0.0015717132702385416,0.03763349810631398,0.012603995717361831,0.051646394580205555,0.6879285114912732,0.1875,1.7996000864153143,0.04182156180591316,0.03688100519431025,0.020494000568634558,0.6045966024969596,80000.0,155.0,2295.0,142.0,1.0,0.346875,0.0033875,0.11060810226238654,0.4227419024654486,0.2651428764907268,0.031281747269890796,0.031281747269890796,,-0.0027061224489795914,-0.0027061224489795914,18.320298964120383,0.13978508997429306,0.13978508997429306,,5236277.186758526,0.057918420670634345,-0.00020955628489834066,5150047.135894317,0.012190443715101659,0.022504030534929765,0.013656900917365636,0.8642216591035071,0.0485,0.0022250000000000013,0.022225,0.0188375,0.023050695753992264,0.011744593145416761,0.5054803448880721,0.5114801870571348,18.40941800037399,22.987545208306983,0.0005426820706278583,0.01183178866675097
synb2b,M5_strictmatch,M5_strictmatch,methods,,,15,127,0.7675737515856649,0.414755721839533,0.01485,0.0029272427299422915,0.0026382849120639997,0.9821042328533628,0.015257482234573088,0.4133410760928546,7709713.046038713,0.03766490344783634,169062.32440144502,694563.2743177233,0.00836368541750978,0.1308225063938619,0.012298767538844657,0.0076730076390469915,15370.241232619677,13529.77765488531,807.2310822548577,0.7108569937823384,62.0,2.0,320.0,0.9591836734693877,0.43119266055045874,0.990521327014218,209.0,47.0,0.340625,0.002025,0.7108569937823384,67.55012731481486,67.55012731481486,23.415277777777817,0.009478672985781991,62.0,2.0,0.5688073394495413,320.0,0.9591836734693877,0.43119266055045874,0.990521327014218,209.0,47.0,0.0,0.020063344321634025,1.6180116388414536,0.45,0.4,18242178.847294033,29707658.420681365,0.0006155904502596375,0.001566599003040503,0.03671025897889197,0.011177211885679751,0.03576175398180849,0.6952899664559572,0.153125,1.744452458345157,0.04789112871981519,0.034650267924600145,0.019863119661896942,0.5651236079062446,80000.0,162.0,2281.0,142.0,1.0,0.340625,0.0044375,0.10771724964911406,0.3418482577615991,0.26112186816323724,0.024997540983606556,0.024997540983606556,,-0.003211638591117916,-0.003211638591117916,18.320298964120383,0.1308225063938619,0.1308225063938619,,5145628.123254182,0.05444620025858354,-0.0014040177627405361,4692274.403683413,0.010995982237259463,0.021959748869995254,0.01357782370037087,0.7369564895048003,0.0665,0.0026499999999999996,0.02265,0.0182125,0.024983743613136714,0.011676940926097005,0.48990718794715626,0.490336343885558,18.35150003898889,24.246770864119757,0.0005326745436167285,0.01180273043988927
synb2b,M5_strictmatch,M5_strictmatch,methods,,,16,131,0.7209775279444401,0.29929970736833067,0.0138125,0.0017139136501002615,0.00261069316328703,0.98029477802083,0.01709452881588294,0.34587470654210506,7818299.441029786,0.03690271680346122,174313.87262506835,805387.0145620193,0.008764832793959008,0.12205807770961147,0.0124840086328634,0.00831954752756173,16027.113645772206,13636.103053550629,841.3704497984071,0.7064935064935065,63.0,3.0,320.0,0.94,0.42727272727272725,0.9857142857142858,207.0,47.0,0.34375,0.0024125,0.7064935064935065,68.56625000000003,68.56625000000003,23.415277777777817,0.014285714285714285,63.0,3.0,0.5727272727272728,320.0,0.94,0.42727272727272725,0.9857142857142858,207.0,47.0,0.0,0.020642943008931918,1.6647534684622516,0.6,0.5,18802310.601054363,29405202.243955754,0.0005914626263204865,0.0014977979027787044,0.034108841498910525,0.013232346882277446,0.046166089598822804,0.8513085778976652,0.15625,1.7904377109306857,0.06690977423751895,0.0358554414026712,0.020026075849370495,0.5332707969932986,80000.0,193.0,2247.0,142.0,1.0,0.34375,0.0040625,0.10894810377233292,0.3505097565967301,0.2627956805581242,0.01642141019042718,0.01642141019042718,,-0.00423673469387755,-0.00423673469387755,18.320298964120383,0.12205807770961147,0.12205807770961147,,4812560.5209383555,0.051769141531322505,0.00017024548950014817,5366063.624524202,0.012570245489500148,0.025362788367895468,0.013723085008933208,0.5736570842218336,0.0515,0.0032125,0.0232125,0.01915,0.025258014632934696,0.011693642242183342,0.47296957095897796,0.47663228216838704,18.557916017016396,27.92890673154034,0.0005078029771831648,0.011591968742426994
synb2b,M5_strictmatch,M5_strictmatch,methods,,,17,137,0.8330924717331106,0.6254116283805767,0.0131,0.0037307840998910676,0.002123607860866571,0.9826699155142666,0.015206476624866886,0.3280085484719057,8037185.27429961,0.03749524172059383,178968.28239171117,678624.2898255842,0.00835692141798086,0.12236263399693723,0.01304416989781192,0.008595400308316525,14544.842457350103,9083.18319715313,768.0377013520778,0.7064935064935065,63.0,3.0,320.0,0.94,0.42727272727272725,0.9857142857142858,207.0,47.0,0.34375,0.002075,0.7064935064935065,67.55012731481486,67.55012731481486,23.415277777777817,0.014285714285714285,63.0,3.0,0.5727272727272728,320.0,0.94,0.42727272727272725,0.9857142857142858,207.0,47.0,0.0,0.020918505526251307,1.6869762521170408,0.375,0.5,19324594.915542044,29705464.313794143,0.0006314248591817069,0.0015214119218561002,0.03780359237771557,0.007891122493532451,0.021755426623022697,0.47846417147179804,0.15625,1.8223475445401058,0.03216253536114655,0.03665619942012187,0.020114823613062546,0.5256920824358853,80000.0,166.0,2249.0,142.0,1.0,0.34375,0.0042875,0.11047815636261221,0.4194714271828317,0.2646679213651737,0.026514490527393755,0.026514490527393755,,-0.0037221031138335876,-0.0037221031138335876,18.320298964120383,0.12236263399693723,0.12236263399693723,,5057273.43609971,0.05382395382395382,0.00016641646284895097,5551511.915317139,0.01256641646284895,0.017882049768486872,0.013802688395847102,1.0689312498618952,0.067,0.0019500000000000003,0.02195,0.0176625,0.025275933222001102,0.011892533991124866,0.5007458823591328,0.5101871315459334,18.72150000417605,24.321750534581955,0.0005625251674859522,0.011873810239825967
synb2b,M5_strictmatch,M5_strictmatch,methods,,,18,139,0.8932767680701326,0.7294350341229903,0.0135125,0.002255548713727992,0.002150081958908441,0.9811384349179302,0.016711483123161276,0.5280490498619049,7649844.18157506,0.03616899980997023,179975.70905702293,707726.6652799187,0.008358047991372337,0.11783493360572012,0.012988111696364966,0.008678610486689295,14571.666575258972,9126.904833204142,821.211289850576,0.7191583610188261,58.0,2.0,320.0,0.9591836734693877,0.44761904761904764,0.9906976744186047,213.0,47.0,0.328125,0.0020875,0.7191583610188261,64.00460648148152,64.00460648148152,23.415277777777817,0.009302325581395349,58.0,2.0,0.5523809523809524,320.0,0.9591836734693877,0.44761904761904764,0.9906976744186047,213.0,47.0,0.0,0.02096168003409663,1.6904580672658573,0.475,0.525,19418684.329824224,29474311.24579108,0.0006217072870617298,0.001527354488295961,0.037470361537078764,0.01244164466045552,0.03939437362474872,0.7630373819522749,0.153125,1.873663569666264,0.026967691131181158,0.03685717090350568,0.01967117870049139,0.63283515788654,80000.0,167.0,2211.0,142.0,1.0,0.328125,0.003575,0.10790085602608587,0.4111976981916855,0.2612129542800575,0.01232952086553323,0.01232952086553323,,-0.0032163265306122436,-0.0032163265306122436,18.320298964120383,0.11783493360572012,0.11783493360572012,,5261233.170348338,0.05074149462052922,0.001139202433254478,5799880.312620904,0.013539202433254478,0.02264363792144515,0.013779476209993282,1.2299717592304915,0.0465,0.0022250000000000013,0.022225,0.01865,0.02541255460983701,0.011872126106734585,0.5019732638844798,0.5104743883355901,18.115578015567735,23.768138940213248,0.0005413048378818744,0.011861217088977702
synb2b,M5_strictmatch,M5_strictmatch,methods,,,19,149,0.7878828929558305,0.438746579410193,0.013425,0.0032853843001999024,0.002243252792747436,0.9824400701228135,0.015316677084438754,0.2597679546175997,7471506.416055829,0.03751428208708899,181149.07349430572,850902.7191730876,0.009433962264150943,0.13584248599083038,0.01357795374579059,0.009468044673034503,15875.953087556818,13425.645614323706,785.5997640384638,0.689150059615057,67.0,7.0,320.0,0.8703703703703703,0.41228070175438597,0.9660194174757282,199.0,47.0,0.35625,0.0021375,0.689150059615057,72.25266203703706,72.25266203703706,23.415277777777817,0.03398058252427184,67.0,7.0,0.5877192982456141,320.0,0.8703703703703703,0.41228070175438597,0.9660194174757282,199.0,47.0,0.0,0.021781488315676736,1.7565716383610273,0.425,0.475,19533186.38503732,29662071.140518006,0.0006430063735585389,0.0015339415764256154,0.0362157469499535,0.009212414728800737,0.027937668041382813,0.5882880896521963,0.16875,1.8446786465599647,0.047654562640443786,0.03856905092250968,0.020908276351783488,0.5830197885545046,80000.0,171.0,2287.0,142.0,1.0,0.35625,0.0034,0.10589745017211745,0.33931424526975235,0.2588445396051691,0.020538754503345344,0.020538754503345344,,-0.0027061224489795914,-0.0027061224489795914,18.320298964120383,0.13584248599083038,0.13584248599083038,,5477297.475695436,0.05765093933744443,0.0007995776135163671,5733479.774112968,0.013199577613516367,0.02182336569719912,0.014298387934595093,0.8083636529866193,0.0535,0.0012624999999999997,0.0212625,0.0178625,0.02572858719818895,0.012108687230826693,0.47508043557236396,0.47890526236407077,17.84474798478186,23.37897530058399,0.0005453763983182592,0.011733660447706384
synb2b,M5_joint_static,M5_joint_static,methods,,,0,11,0.5187575349663426,1.3611609795606883,0.0477,0.004215299514862497,0.0027051465253673424,0.9843798889602332,0.01291496451439927,39.75248005452372,9072663.818968885,0.03948121304596605,175270.4537470347,476474.1141769766,0.006769408036871669,0.12549359391965256,0.013911136014641376,0.007901491660043338,27795.985487413054,35786.076525295546,1246.6026643406449,0.6357787183104613,31.0,94.0,320.0,0.4659090909090909,0.7256637168141593,0.5458937198067633,113.0,82.0,0.353125,0.0022625,0.6357787183104613,25.04574074074077,25.04574074074077,0.0,0.45410628019323673,31.0,94.0,0.2743362831858407,320.0,0.4659090909090909,0.7256637168141593,0.5458937198067633,113.0,82.0,0.0,0.02055005147540545,1.6572622157585042,0.4,0.45,18499084.990520455,30196598.358537275,0.0006564710483037137,0.0016766081937704743,0.04195862022308594,0.0025004188004054792,0.0026243805743355986,0.23486394174144154,0.55,1.817695711211292,0.014768660666138281,0.036540272784694176,0.02010252461912019,0.684700886525325,80000.0,181.0,2273.0,142.0,1.0,0.353125,0.0036375,0.09958986351585213,0.06938883973775184,0.26295421040293404,0.019547261663286006,0.019547261663286006,,-0.004793212404915155,-0.004793212404915155,18.320298964120383,0.12549359391965256,0.12549359391965256,,4141831.034529829,0.05013349154553545,-0.0006985521937460052,4808116.022844765,0.011701447806253994,0.014484982653582263,0.0128192631386075,1.5374443529141022,0.053,0.0010249999999999981,0.021025,0.0173875,0.01508669436602873,0.010671451053976808,0.2114718831634708,0.22235992229074542,20.012080000014976,495.7107161695604,0.00018128738534616386,0.01181911068248952
synb2b,M5_joint_static,M5_joint_static,methods,,,1,23,0.2646583148118009,1.353540745348524,0.091725,0.001412002124644294,0.00242208993943145,0.9789976022712548,0.018580307789313785,40.06581889134723,6906398.699346495,0.03671194705677464,165469.0256121016,365548.692635395,0.006023088505939435,0.1353777777777778,0.014024836915232212,0.007623969750857452,26717.17250182977,33520.38202604549,321.7279043299416,0.5784313725490196,0.0,172.0,320.0,0.4027777777777778,1.0,0.1568627450980392,32.0,116.0,0.3625,0.002125,0.5784313725490196,0.0,0.0,0.0,0.8431372549019608,0.0,172.0,0.0,320.0,0.4027777777777778,1.0,0.1568627450980392,32.0,116.0,0.0,0.020137531464892913,1.623994472975235,0.75,0.475,16790999.055893987,30448876.723301068,0.0006279513271317933,0.0016189476118056447,0.03874804262377261,0.0038128316881738595,0.0028378655926461992,0.34651204313487133,0.9,1.8258393217633018,0.01494769291975686,0.03694094975321683,0.020232311415848553,0.5088043604226663,80000.0,170.0,2286.0,142.0,1.0,0.3625,0.005675,0.12023960848509321,0.06951097945385303,0.2979550788707542,0.028117726505346087,0.028117726505346087,,-0.004295261845386533,-0.004295261845386533,18.320298964120383,0.1353777777777778,0.1353777777777778,,4845981.781597551,0.05319148936170213,-0.00065765288807439,4673069.882314548,0.01174234711192561,0.015344871915647465,0.012718206370556604,1.095536246337938,0.039,0.005062500000000001,0.0250625,0.0193875,0.013136382964655554,0.009180609498650214,0.24705403494064807,0.21321294540604213,19.74850002443418,330.1623438642128,0.00040560983445440236,0.011714816192777028
synb2b,M5_joint_static,M5_joint_static,methods,,,2,37,0.7113435793053996,1.2769927820985076,0.029175,0.0029580398915498084,0.0022300970745667763,0.983059287336472,0.014710615588961315,40.747807107297774,8210966.456295109,0.0385343087790111,185210.77423489853,592408.4140391625,0.007978723404255319,0.13096734693877551,0.013777878413299671,0.008812149751191985,28742.07735158004,35515.02125555324,231.75238487512883,0.6239697802197802,60.0,45.0,320.0,0.5360824742268041,0.4642857142857143,0.7836538461538461,163.0,52.0,0.35,0.002225,0.6239697802197802,62.59376157407411,62.59376157407411,15.570405092592637,0.21634615384615385,60.0,45.0,0.5357142857142857,320.0,0.5360824742268041,0.4642857142857143,0.7836538461538461,163.0,52.0,0.0,0.021440193145436413,1.7290478343093882,0.475,0.45,19788187.47514356,30165342.868388563,0.000643070005143781,0.0015927261685153584,0.03751721406268976,0.0013287928714833153,0.002577593917996695,0.10974443021998732,0.303125,1.809597723271852,0.016259755773126834,0.03757374656799526,0.020763590760967506,0.6209414306401843,80000.0,178.0,2265.0,142.0,1.0,0.35,0.004175,0.06423126334157044,0.0742644786435445,0.21480341309383197,0.02778311291963377,0.02778311291963377,,-0.0031168643630737486,-0.0031168643630737486,18.320298964120383,0.13096734693877551,0.13096734693877551,,5692455.185719008,0.05562836755497306,0.00016394340874553194,5292357.419090278,0.012563943408745532,0.013741193642079822,0.013800517657116861,1.6695907839755666,0.0585,0.002349999999999998,0.02235,0.018175,0.01832204975438827,0.011926507630056529,0.2160255752975745,0.20196105608018827,20.416667946847156,548.2511966180756,0.0004491827229966067,0.011644133082901135
synb2b,M5_joint_static,M5_joint_static,methods,,,3,53,0.2915340235538683,0.916053578583019,0.0896375,0.001783605898173697,0.002536324576052876,0.9793250410760878,0.01813863434785946,40.28583242186899,6385793.692470912,0.034220532319391636,160754.92391972858,261064.5129559706,0.005778382053025153,0.12598550247116969,0.013308786651965266,0.0073237183399332524,24517.540346024125,29984.48438947725,1317.9924963382675,0.569377990430622,0.0,180.0,320.0,0.38144329896907214,1.0,0.13875598086124402,29.0,111.0,0.346875,0.0020625,0.569377990430622,0.0,0.0,0.0,0.861244019138756,0.0,180.0,0.0,320.0,0.38144329896907214,1.0,0.13875598086124402,29.0,111.0,0.0,0.019932669378594472,1.607473336983425,0.675,0.5,16305121.094370186,29650666.683683693,0.0006103640242229716,0.001535870761478319,0.03858498529056999,0.0035037329985117076,0.0064706400375359715,0.371379300258747,0.909375,1.8624307240680644,0.02105415376954507,0.0359202039284754,0.019286732904628918,0.4503951556372538,80000.0,165.0,2261.0,142.0,1.0,0.346875,0.0045,0.110919423930374,0.10499069147667217,0.27777228399582327,0.018867448352875488,0.018867448352875488,,-0.003373565441650548,-0.003373565441650548,18.320298964120383,0.12598550247116969,0.12598550247116969,,4917293.461157454,0.054005128978729826,-0.0003490882830835887,4740969.427785853,0.012050911716916411,0.014380534274923489,0.012409142787264654,0.9555161563473094,0.039,0.0037375000000000012,0.0237375,0.0192375,0.012813801351152744,0.009787941881411206,0.3051843121008637,0.303968186174931,19.882167980540544,316.5428520541173,0.00017784239895618392,0.011877019672809184
synb2b,M5_joint_static,M5_joint_static,methods,,,4,71,0.4951097004321971,1.0412802868270348,0.0665625,0.002848245073725223,0.0028034169146845585,0.9808983063812629,0.01629827670405284,39.46526874224003,7319455.391128467,0.0360447809486831,163202.0973499262,296025.5955962401,0.005063291139240506,0.12911982378854625,0.013583748666135629,0.007135819322742999,27146.382494682002,33184.82695818602,3788.842444559432,0.6836818992130093,8.0,118.0,320.0,0.4611872146118721,0.926605504587156,0.44075829383886256,93.0,101.0,0.340625,0.002175,0.6836818992130093,7.218923611111165,7.218923611111165,0.0,0.5592417061611374,8.0,118.0,0.07339449541284404,320.0,0.4611872146118721,0.926605504587156,0.44075829383886256,93.0,101.0,0.0,0.019863659339608465,1.6019080112587472,0.5,0.475,16899447.082757775,29551608.99642975,0.0006452571736999888,0.0015184806141126683,0.04355208026891956,0.0015478260358233594,0.0032203910369946382,0.14740586664372587,0.684375,1.846504778654629,0.0185090521757089,0.03558789185356201,0.019273111158418715,0.6290185439535595,80000.0,174.0,2265.0,142.0,1.0,0.340625,0.0034375,0.10337566917119627,0.026453374660595434,0.24282087624304605,0.02316910569105691,0.02316910569105691,,-0.004766412213740458,-0.004766412213740458,18.320298964120383,0.12911982378854625,0.12911982378854625,,4590657.527477678,0.05145178275913946,-0.0007782706866781772,4693308.568555391,0.011621729313321822,0.012607698606620614,0.012292929977180024,1.322830338373966,0.0405,0.0018875000000000003,0.0218875,0.01845,0.01404185295927698,0.00894704438975422,0.2101184214621107,0.20795664550435755,19.844331953208894,455.81600142817484,8.672419399840101e-05,0.011844059365632367
synb2b,M5_joint_static,M5_joint_static,methods,,,5,73,0.9746413045077201,1.2773681815292053,0.0190125,0.0020871631464741804,0.0026667250109169375,0.9800775532649324,0.017255721724150606,40.20849209083646,8391644.806689668,0.039496966632962587,184956.24522489597,734741.3548067621,0.008893680097021964,0.12746727922409393,0.01349619253411396,0.009136222945433457,29976.253001489775,37466.68965057894,196.20850838630025,0.6865800865800866,59.0,19.0,320.0,0.7285714285714285,0.4636363636363636,0.9095238095238095,191.0,51.0,0.34375,0.0021875,0.6865800865800866,62.2455787037037,62.2455787037037,17.09460648148149,0.09047619047619047,59.0,19.0,0.5363636363636364,320.0,0.7285714285714285,0.4636363636363636,0.9095238095238095,191.0,51.0,0.0,0.021517112341155376,1.735250995254466,0.6,0.45,19911974.754879266,30296075.86337279,0.0006609480257924324,0.0016224687251193,0.03812763777954475,0.0011373585524715112,0.00251644776649377,0.08894243155388559,0.21875,1.7803275787412802,0.01646597790092735,0.03744583692391147,0.02103311624840765,0.5996751915296263,80000.0,175.0,2292.0,142.0,1.0,0.34375,0.0046875,0.13927287628502938,0.12664129052158715,0.3133721238919971,0.025087335359675784,0.025087335359675784,,-0.0032163265306122436,-0.0032163265306122436,18.320298964120383,0.12746727922409393,0.12746727922409393,,5259275.409067066,0.05364209292100249,0.00037348914573293035,5526313.184315767,0.01277348914573293,0.014199350962540587,0.014343878944285971,1.831912366830395,0.062,0.0036500000000000005,0.02365,0.0189625,0.022400793528174597,0.012029732266700774,0.2036463619097188,0.1823125886459938,20.655498025007546,460.039238096215,0.0004734749346236627,0.011630343056342527
synb2b,M5_joint_static,M5_joint_static,methods,,,6,79,0.557126939838957,0.7829318142129604,0.0475875,0.0021005951537600006,0.0022251417898010227,0.9796077398744164,0.01816711833578264,39.62594438410404,6972949.323524148,0.035811732605729875,162862.30839634477,535389.7612745771,0.007288629737609329,0.1320141689373297,0.012469843119643541,0.007131379143322079,23773.64328233223,25187.735959414917,1968.1312943517078,0.8397129186602871,0.0,67.0,320.0,0.6235955056179775,1.0,0.6794258373205742,142.0,111.0,0.346875,0.0019625,0.8397129186602871,0.0,0.0,0.0,0.32057416267942584,0.0,67.0,0.0,320.0,0.6235955056179775,1.0,0.6794258373205742,142.0,111.0,0.0,0.019254716602171845,1.5527997259816004,0.6,0.375,17132168.935228035,29850508.689440854,0.0005965055698574152,0.0015620479042031555,0.03753704568720121,0.001615506481929768,0.00344622622466834,0.17112086170914967,0.55625,1.8176884417487322,0.024396735825474778,0.03471963173669085,0.019100980640713295,0.7136030446832496,80000.0,157.0,2276.0,142.0,1.0,0.346875,0.0047375,0.09869608906359341,0.09396139882612242,0.2631175379751391,0.01833545554335895,0.01833545554335895,,-0.004648062015503876,-0.004648062015503876,18.320298964120383,0.1320141689373297,0.1320141689373297,,4611353.03648933,0.051770306456411785,-0.001310660838483236,5012476.813939979,0.011089339161516764,0.013423895228920681,0.012256281702579945,1.1530724579328002,0.061,0.003612500000000001,0.0236125,0.018875,0.01643847214745006,0.007048982293693125,0.27597099342863063,0.3329357563378264,20.66841599298641,464.0336648077937,0.0001339901547495596,0.011877567137236375
synb2b,M5_joint_static,M5_joint_static,methods,,,7,83,0.6255251834219706,0.7778694717093906,0.04035,0.0026504716561397148,0.002421427079676434,0.9802242165832519,0.01735435633707162,39.543453853808195,7834983.9772352,0.037568622263377205,181243.6375338948,822429.7275035756,0.009793253536452665,0.1296824295010846,0.013575793106105002,0.008901095302073333,28481.907787636974,33598.3470270837,2949.9311785612363,0.8499313186813187,4.0,55.0,320.0,0.6625766871165644,0.9642857142857143,0.7355769230769231,153.0,108.0,0.35,0.002125,0.8499313186813187,0.0,0.0,0.0,0.2644230769230769,4.0,55.0,0.03571428571428571,320.0,0.6625766871165644,0.9642857142857143,0.7355769230769231,153.0,108.0,0.0,0.02113555449279983,1.7044802010322444,0.6,0.5,19252650.802375454,30499853.46126175,0.0006574295022194575,0.001603563672244523,0.03987940206632251,0.0014344402276827086,0.0030279098605918236,0.10932368835557241,0.509375,1.8284472916153693,0.02631489422524379,0.03742749850404489,0.02046955286907888,0.6038979024555773,80000.0,170.0,2287.0,142.0,1.0,0.35,0.006,0.1197064475046665,0.025472541344714224,0.2833059597292056,0.02867505070993915,0.02867505070993915,,-0.0025298701298701286,-0.0025298701298701286,18.320298964120383,0.1296824295010846,0.1296824295010846,,5146324.908299895,0.054110301768990635,0.00033926819740440206,5448912.189336782,0.012739268197404402,0.013138363767304762,0.013379415326614515,1.190752722294945,0.073,0.004699999999999999,0.0247,0.0187,0.01831156002484301,0.008300136293941171,0.231638381901363,0.19026453625448297,20.695335930213332,414.1599409334595,0.00011871623863065345,0.011829890187615794
synb2b,M5_joint_static,M5_joint_static,methods,,,8,89,0.34399620796495495,0.842258137739666,0.0786,0.0007984359711335654,0.0018389884985260383,0.9784181081503384,0.019742903351135585,40.06448440638802,6973744.297353324,0.037183703604268745,155019.1272938321,289267.6996951203,0.005111294311624073,0.1396633126059921,0.014122340557998547,0.008074960080836451,26422.470868030818,31799.998764700314,765.0416809333467,0.7036294667873615,1.0,122.0,320.0,0.47413793103448276,0.990990990990991,0.41626794258373206,87.0,110.0,0.346875,0.001725,0.7036294667873615,0.0,0.0,0.0,0.583732057416268,1.0,122.0,0.009009009009009009,320.0,0.47413793103448276,0.990990990990991,0.41626794258373206,87.0,110.0,0.0,0.02062884711362502,1.6636167027116953,0.825,0.475,15697211.717381734,29711598.483677015,0.000667839536179727,0.0016130120989409657,0.04326070784965623,0.0034631368878991825,0.0031929399020286034,0.32326481304769117,0.725,1.885171355217806,0.02351210867882762,0.037332547673020446,0.01980326487016199,0.6547823804549189,80000.0,138.0,2316.0,142.0,1.0,0.346875,0.0053125,0.12352648906886753,0.05100261297924035,0.28571400403609765,0.024731230925737535,0.024731230925737535,,-0.004439191671769748,-0.004439191671769748,18.320298964120383,0.1396633126059921,0.1396633126059921,,3741013.067629911,0.05442176870748299,-7.33780760626395e-05,4693186.652703379,0.01232662192393736,0.014973795933185308,0.01276748386586521,0.9997216008095324,0.0415,0.005062500000000001,0.0250625,0.01975,0.014459417239560035,0.008311444376120466,0.23379613585523012,0.21882258062173307,21.322584041627124,432.1253752597841,0.0002273824678521443,0.011791902723886017
synb2b,M5_joint_static,M5_joint_static,methods,,,9,97,0.5371073499545116,1.3074410771758034,0.0934375,0.0008403868156985808,0.0021596309584661537,0.978915115358882,0.018925253682651865,38.653264586071465,7479704.321514677,0.03868155815853991,175231.53521034378,336845.2066820803,0.0064037748567576675,0.1383230255839822,0.014843130093398622,0.009025123992356197,26754.863503979475,32767.167162362737,1336.922934248277,0.5980392156862745,0.0,164.0,320.0,0.4142857142857143,1.0,0.19607843137254902,40.0,116.0,0.3625,0.0018,0.5980392156862745,0.0,0.0,0.0,0.803921568627451,0.0,164.0,0.0,320.0,0.4142857142857143,1.0,0.19607843137254902,40.0,116.0,0.0,0.02172258246405413,1.7518211664559782,0.925,0.5,17792990.539691728,30281677.11177147,0.0006784068784756019,0.0016872628590190065,0.04030067314567973,0.001890619624447956,0.002678182977177334,0.1643646941892142,0.875,1.861258156084202,0.01613848116426444,0.03927275778293705,0.02110011319738731,0.730622624472722,80000.0,144.0,2296.0,142.0,1.0,0.3625,0.0072375,0.19794749056550776,0.16064951701505487,0.3863085921839589,0.024699494097807757,0.024699494097807757,,-0.0029601006922592814,-0.0029601006922592814,18.320298964120383,0.1383230255839822,0.1383230255839822,,5229045.673852319,0.05620715917745621,0.0005350732454235899,4747395.337642651,0.01293507324542359,0.014375538555313512,0.013604530692625112,1.4906340847430606,0.043,0.007050000000000001,0.02705,0.0198125,0.014412751250407798,0.010343571660453143,0.22517554755140054,0.19945263085107592,20.836668001720682,394.9693682655925,0.00017977270869821006,0.011790173224984924
synb2b,M5_joint_static,M5_joint_static,methods,,,10,101,0.42331876323441714,1.6728386704031188,0.0515125,0.0027374714610384526,0.001583344699964716,0.9816463284122865,0.016770326887748682,40.101234536846626,8571034.119482309,0.04045695531431457,179149.58568624925,422904.7724253436,0.005285073670723895,0.1346888661899898,0.014037979526971011,0.008277919041099169,27491.881073290337,34060.19559525061,3645.1721644519275,0.48515022199232727,58.0,106.0,320.0,0.3333333333333333,0.4774774774774775,0.49282296650717705,103.0,53.0,0.346875,0.0019625,0.48515022199232727,60.392303240740716,60.392303240740716,14.185486111111118,0.507177033492823,58.0,106.0,0.5225225225225225,320.0,0.3333333333333333,0.4774774774774775,0.49282296650717705,103.0,53.0,0.0,0.02127459412966348,1.7156930749728612,0.5,0.475,18840858.14048364,30606931.948486045,0.0006813492869105661,0.0018081599228860039,0.04083995682869129,0.0014692317231943491,0.002939528608834334,0.15035079829701184,0.496875,1.7747874235927348,0.012550965081349985,0.037262974837735045,0.02099573973896148,0.6202496868506481,80000.0,157.0,2328.0,142.0,1.0,0.346875,0.0021875,0.1197587709964687,0.12549160108600896,0.29949222292883004,0.01948259109311741,0.01948259109311741,,-0.004011743559017376,-0.004011743559017376,18.320298964120383,0.1346888661899898,0.1346888661899898,,5098555.051192525,0.05534351145038168,-0.0007097477366616849,4748364.197383465,0.011690252263338315,0.013404344867714484,0.01300256343892223,1.5452556604866436,0.0325,0.0005749999999999991,0.020575,0.0183875,0.013427868366500173,0.013731744461148564,0.22081481167512929,0.22557485902211516,19.88074803375639,612.2879672434648,7.958292474837142e-05,0.011878718385081624
synb2b,M5_joint_static,M5_joint_static,methods,,,11,103,0.9383209292468359,1.359030124113179,0.016725,0.0037930858150060356,0.0020891751895893576,0.9815104524639181,0.016400372346492657,39.563890895611095,7967581.299608092,0.03895121643766545,183200.4037293543,789893.306935438,0.008222132362852136,0.13031151885830786,0.013924812551428911,0.009316133446295189,30498.89184479063,38072.35389867596,2488.1793405899843,0.6998807698858798,64.0,8.0,320.0,0.8620689655172413,0.43859649122807015,0.9611650485436893,198.0,50.0,0.35625,0.001875,0.6998807698858798,67.5117939814815,67.5117939814815,18.674409722222265,0.038834951456310676,64.0,8.0,0.5614035087719298,320.0,0.8620689655172413,0.43859649122807015,0.9611650485436893,198.0,50.0,0.0,0.02164177172590541,1.7453041714439848,0.35,0.475,19722577.992442474,30142544.320817113,0.0006578948854214976,0.0016190432042349657,0.03773040198418135,0.0011309029201208378,0.0024625735602895166,0.08457610374094818,0.18125,1.8120813441624,0.015523956166750261,0.03823042978618407,0.021097524076026157,0.6096370529815172,80000.0,150.0,2266.0,142.0,1.0,0.35625,0.0038875,0.1610566529877094,0.1493873180179644,0.3537892264219466,0.03070344827586207,0.03070344827586207,,-0.0016857142857142852,-0.0016857142857142852,18.320298964120383,0.13031151885830786,0.13031151885830786,,5463463.828718871,0.054564072557050904,0.0007531493306744182,5501639.557180073,0.013153149330674418,0.013880144141701859,0.014138983409229137,1.8925271553863574,0.058,0.0014375000000000013,0.0214375,0.01755,0.02534552790031433,0.011962964097303666,0.18321787515959564,0.1553689858571906,20.862418023170903,530.281032245839,0.00015873715453004162,0.011782891029274382
synb2b,M5_joint_static,M5_joint_static,methods,,,12,107,0.683837509602021,1.2969559298822941,0.022175,0.002427704677262043,0.001979871378740072,0.9817311721056524,0.01628895651560755,39.01854458216396,9689156.12661941,0.04076602199469093,195611.32385632818,819190.0035595145,0.009568733153638815,0.12994693877551022,0.013707449138781625,0.009134347695104088,28805.21532622081,35254.17998030095,246.50495441207786,0.6507823613086771,60.0,33.0,320.0,0.6071428571428571,0.4594594594594595,0.8421052631578947,176.0,51.0,0.346875,0.0019125,0.6507823613086771,63.30142361111109,63.30142361111109,17.09460648148149,0.15789473684210525,60.0,33.0,0.5405405405405406,320.0,0.6071428571428571,0.4594594594594595,0.8421052631578947,176.0,51.0,0.0,0.021636839978623843,1.7449064498890197,0.625,0.475,21054620.271651424,30853504.816067547,0.0006363930979564468,0.0016455806327724798,0.03600534676834619,0.002255276436167079,0.002850041813363333,0.20604727270207016,0.2625,1.81145539220784,0.016207815394206855,0.03807828187853431,0.021020822285954113,0.5687341065548279,80000.0,153.0,2302.0,142.0,1.0,0.346875,0.0033875,0.16951698986085414,0.16075636983993774,0.360609137585238,0.02731486761710794,0.02731486761710794,,-0.002195918367346939,-0.002195918367346939,18.320298964120383,0.12994693877551022,0.12994693877551022,,5132241.880879119,0.05546588407923698,-0.0002707354705983201,5414032.26059338,0.01212926452940168,0.015423206307505394,0.01395471360746856,1.6774327431546303,0.0415,0.0022000000000000006,0.0222,0.0188125,0.01941218295544407,0.011929377450284485,0.21800651167007282,0.22287652316921877,21.122917969478294,495.65521180164075,0.0004398105349492175,0.011674753958114516
synb2b,M5_joint_static,M5_joint_static,methods,,,13,109,0.5470679000259234,1.4261670400151287,0.048875,0.0025261136158138257,0.0025027087658763846,0.9810315289097352,0.016465762324388258,39.55688536307239,8225843.105607706,0.0392939963926823,175632.00211562857,265509.2869290369,0.004629629629629629,0.12351731266149871,0.014420114688982905,0.008529465740023905,27408.34477422949,31780.327199755127,308.6847643590089,0.6340493064915866,40.0,77.0,320.0,0.4726027397260274,0.6330275229357798,0.6350710900473934,134.0,69.0,0.340625,0.0022,0.6340493064915866,5.396145833333378,5.396145833333378,15.570405092592637,0.36492890995260663,40.0,77.0,0.3669724770642202,320.0,0.4726027397260274,0.6330275229357798,0.6350710900473934,134.0,69.0,0.0,0.02121898583166897,1.7112085348120136,0.55,0.5,18493540.36250962,29535703.744087692,0.0006662198914952531,0.0016539017114387087,0.04261063633979571,0.0021070758232561533,0.003035325798739547,0.19463018843794302,0.45625,1.878756601173551,0.014200908259859367,0.038050208129730076,0.020252867298490025,0.6435788420880325,80000.0,176.0,2281.0,142.0,1.0,0.340625,0.003175,0.1555634104784915,0.1515073865753484,0.3424071407071599,0.026567611336032387,0.026567611336032387,,-0.0068954128440366965,-0.0068954128440366965,18.320298964120383,0.12351731266149871,0.12351731266149871,,4602996.417051634,0.0534452296819788,0.0002241227212480719,5399191.552921241,0.012624122721248071,0.013525229121999717,0.012858672259697874,1.705514215938512,0.0345,0.0017625000000000002,0.0217625,0.0185875,0.015303159150607076,0.011231185116827904,0.24756062916357086,0.23327107434978675,20.908250007778406,581.9335511652755,0.0003994622858257209,0.01169544116436165
synb2b,M5_joint_static,M5_joint_static,methods,,,14,113,0.6282572181337824,1.4449364841434567,0.0298,0.002308949977803763,0.001963517861454908,0.9811084188960607,0.01692806324248436,39.883861915405284,8583110.351893937,0.03909555990652435,180846.77955575488,587526.0739714039,0.0064047822374039285,0.14093333333333333,0.013704370579510267,0.008591499438380815,29141.493784681996,36162.83805733219,5062.447033600547,0.6932841932841933,58.0,19.0,320.0,0.7361111111111112,0.4774774774774775,0.9090909090909091,190.0,53.0,0.346875,0.001925,0.6932841932841933,60.392303240740716,60.392303240740716,14.185486111111118,0.09090909090909091,58.0,19.0,0.5225225225225225,320.0,0.7361111111111112,0.4774774774774775,0.9090909090909091,190.0,53.0,0.0,0.021179036432672473,1.7079868090864898,0.6,0.475,19321747.428391106,30414861.457377225,0.0006530081237528473,0.0015965936886156468,0.03873881246798009,0.0012192385614880528,0.0022912504767142253,0.10818552906372025,0.225,1.7978671679045586,0.014302715481852853,0.037155649552301676,0.020666515422052646,0.6146643796695697,80000.0,154.0,2295.0,142.0,1.0,0.346875,0.00305,0.11709070071548637,0.11673571953978008,0.29342675740545,0.03134364191251272,0.03134364191251272,,-0.00460489977728285,-0.00460489977728285,18.320298964120383,0.14093333333333333,0.14093333333333333,,5118847.076234148,0.05736250739207569,-0.00035439879543987945,5032263.926291613,0.01204560120456012,0.014007361965715991,0.013539676938568633,1.6855985556833317,0.0435,0.0018374999999999989,0.0218375,0.0187875,0.021849114652793926,0.011311140354788987,0.16427193193106707,0.17568683584206238,20.521335973171517,472.899887826643,6.607103391698134e-05,0.01184055405094432
synb2b,M5_joint_static,M5_joint_static,methods,,,15,127,0.460030664749666,0.838636087477096,0.0657375,0.0022416511771459896,0.002784443822928152,0.9802771120832641,0.016938444093807573,40.02394719487752,7237939.600406595,0.03629139072847682,154638.38571594696,213015.18015045952,0.004271398061442418,0.12740263157894738,0.012830685674144787,0.005735694671636496,24407.446589698717,25887.53209816816,1996.630722613374,0.7582938388625593,0.0,102.0,320.0,0.5165876777251185,1.0,0.5165876777251185,109.0,109.0,0.340625,0.0019375,0.7582938388625593,0.0,0.0,0.0,0.4834123222748815,0.0,102.0,0.0,320.0,0.5165876777251185,1.0,0.5165876777251185,109.0,109.0,0.0,0.01832357077513347,1.4777073205752798,0.5,0.325,16016779.789587801,29707658.420681365,0.0006049054296426439,0.0015398566051592595,0.041562427534939335,0.0025759880531578258,0.004287445951927618,0.31145961934010896,0.659375,1.7586995677668829,0.022106951114719824,0.0326057394939048,0.01853968698889606,0.6465353639766498,80000.0,155.0,2281.0,142.0,1.0,0.340625,0.00295,0.11665279937387005,0.11053670739601905,0.2776723707290436,0.024674657186389032,0.024674657186389032,135.8561903472222,-0.006211881188118811,-0.006211881188118811,18.320298964120383,0.12740263157894738,0.12740263157894738,59.187486643518525,4678364.601974554,0.05046421084156933,-0.0029011680698197203,3887460.407056193,0.00949883193018028,0.012953397677223415,0.011520651593054583,1.1305444584866933,0.041,0.0017250000000000008,0.021725,0.018775,0.013909404837566093,0.007065157157818974,0.2569625562729295,0.30990596488449823,20.44449993991293,529.9098610581132,0.00014475725394422415,0.011854142670071089
synb2b,M5_joint_static,M5_joint_static,methods,,,16,131,0.7616361499376796,1.2436934261275883,0.0164625,0.001987460691435179,0.0026577904535885427,0.9805560333921938,0.016786176154217704,39.20852447234447,7897727.80581212,0.03738615374816891,172740.2114742113,805387.0145620193,0.008764832793959008,0.11919268929503918,0.012508793247349567,0.00834567659660303,27791.304684506587,33319.437553901684,5236.967688574924,0.7863636363636364,47.0,0.0,320.0,1.0,0.5727272727272728,1.0,210.0,63.0,0.34375,0.00245,0.7863636363636364,5.488078703703707,5.488078703703707,7.561689814814827,0.0,47.0,0.0,0.42727272727272725,320.0,1.0,0.5727272727272728,1.0,210.0,63.0,0.0,0.02060412860086304,1.6616232742631485,0.575,0.5,18596919.815117884,29405202.243955754,0.0005924908208812876,0.0014951361851438972,0.03471164741418114,0.0022040819750386307,0.0043159652602385995,0.2066602996254067,0.196875,1.7926796608465434,0.016048323509458378,0.03578044193575091,0.019959194449082212,0.5335487877089952,80000.0,196.0,2247.0,142.0,1.0,0.34375,0.004025,0.11795783617626325,0.1106600059977756,0.2869999072045184,0.0166519877675841,0.0166519877675841,,-0.00423673469387755,-0.00423673469387755,18.320298964120383,0.11919268929503918,0.11919268929503918,,4513771.550219541,0.05041891083183722,0.00028789055902719157,5380033.4445242025,0.012687890559027191,0.01519427705883376,0.013804456690732988,1.6107214237699914,0.0515,0.0029500000000000012,0.02295,0.018925,0.025284696221764085,0.011079446246083367,0.17855487088499344,0.2417469461779768,22.023831988917664,592.8998552908889,7.160496974100444e-05,0.011884821453140357
synb2b,M5_joint_static,M5_joint_static,methods,,,17,137,0.35317399849323,1.2662064033301372,0.0890375,0.0018758331482304073,0.0021955202837136176,0.980080629595743,0.017723850120543557,40.463207696241426,6649152.388957518,0.0342223761690336,154452.96609730602,150052.75062039428,0.003279226102639777,0.12023621353880024,0.013454285885175471,0.005768410143719297,26107.24275963343,31724.77015044212,1998.063601728107,0.5546545501978347,1.0,186.0,320.0,0.3673469387755102,0.9908256880733946,0.11848341232227488,25.0,108.0,0.340625,0.001875,0.5546545501978347,0.0,0.0,0.0,0.8815165876777251,1.0,186.0,0.009174311926605505,320.0,0.3673469387755102,0.9908256880733946,0.11848341232227488,25.0,108.0,0.0,0.018351839389860923,1.4799870475694292,0.8,0.45,15655648.292523794,29705464.313794143,0.0006090127249773514,0.001519123515156681,0.04377132469331216,0.0018944544698249288,0.003025353570800598,0.22441400560513872,0.91875,1.8875610376019214,0.014323481586068677,0.03423372075051541,0.018136484102261468,0.4303296293348808,80000.0,150.0,2249.0,142.0,1.0,0.340625,0.005475,0.09552177754923984,0.04097949684956213,0.25240942740625094,0.023195105672969965,0.023195105672969965,,-0.00693551912568306,-0.00693551912568306,18.320298964120383,0.12023621353880024,0.12023621353880024,,4508658.627142135,0.05006806837089699,-0.0018982232985537417,4347784.525803746,0.010501776701446258,0.011935505317110965,0.011188743571164105,1.3508645856846964,0.033,0.004837499999999998,0.0248375,0.0193625,0.01149496244812291,0.008519006093019421,0.23775917649029663,0.22642881619432065,20.047751924721524,314.2186183045851,0.0002179573859465365,0.011813667902673861
synb2b,M5_joint_static,M5_joint_static,methods,,,18,139,0.5044652350276918,1.0730786705883313,0.064975,0.0018320070960561262,0.002206108791777329,0.9801839142313304,0.017609976976892244,39.82324247495105,7661573.936708417,0.03618840949706408,166270.67553115534,297976.10007083486,0.004625937151060775,0.11232035794183445,0.01335817559360546,0.0072154730424958706,27447.211231323687,34069.41163715484,1281.164928894412,0.6374307862679955,19.0,117.0,320.0,0.4236453201970443,0.819047619047619,0.4558139534883721,98.0,86.0,0.328125,0.0021125,0.6374307862679955,17.727662037037078,17.727662037037078,0.0,0.5441860465116279,19.0,117.0,0.18095238095238095,320.0,0.4236453201970443,0.819047619047619,0.4558139534883721,98.0,86.0,0.0,0.019898188964557202,1.6046926584320325,0.625,0.525,17249669.332577568,29474311.24579108,0.0006289591429052022,0.001575866511041963,0.042173479027391755,0.0015626789376946707,0.0027811943872941094,0.14572824443901708,0.634375,1.903954437204966,0.01753902722538717,0.03583386193284379,0.01882075601843101,0.6379077851235108,80000.0,169.0,2211.0,142.0,1.0,0.328125,0.0033625,0.0834550854244587,0.016747734893895482,0.21806800482692365,0.013373195876288659,0.013373195876288659,,-0.005832835820895522,-0.005832835820895522,18.320298964120383,0.11232035794183445,0.11232035794183445,,4401546.311845168,0.04633323105247008,9.4979695657995e-05,4888572.983953147,0.012494979695657995,0.012913842264463052,0.012266534858588519,1.3450360346039405,0.0355,0.002474999999999998,0.022475,0.0191125,0.013830778395100597,0.01023099480078429,0.23013436429993958,0.2153831943732142,20.43483397574164,513.0328848585488,0.00017676820882848432,0.01178556508878183
synb2b,M5_joint_static,M5_joint_static,methods,,,19,149,0.4137750109826313,0.808880673358287,0.0756375,0.0025161975280172263,0.002336836103245545,0.9805180117472512,0.01714515214950329,38.88592961297087,6522512.690520291,0.03527732463295269,162919.24612056543,370721.8224509822,0.0062997347480106105,0.1313908496732026,0.013789561406940421,0.00774821062666631,25234.093020829587,31688.27944174979,1883.3489667270317,0.6280193236714976,0.0,154.0,320.0,0.4232209737827715,1.0,0.2560386473429952,53.0,113.0,0.353125,0.001925,0.6280193236714976,0.0,0.0,0.0,0.7439613526570048,0.0,154.0,0.0,320.0,0.4232209737827715,1.0,0.2560386473429952,53.0,113.0,0.0,0.020303657694962042,1.6373917495937131,0.65,0.45,16681030.370996185,29662071.140518006,0.000625707402788196,0.0015512370802105344,0.03863995676700382,0.0016569302464945306,0.0033379807864852345,0.17794912765756904,0.834375,1.8634623234374956,0.024462027324113282,0.03687207022162334,0.019786861133637566,0.6734916411093597,80000.0,154.0,2287.0,142.0,1.0,0.353125,0.0043875,0.03557553818338381,0.048250802021218196,0.15799738240542766,0.020191826176927052,0.020191826176927052,,-0.004885911083281152,-0.004885911083281152,18.320298964120383,0.1313908496732026,0.1313908496732026,,4875983.074064543,0.05440956651718983,-0.00018212191220899274,4911812.783960369,0.012217878087791007,0.013245117520817643,0.012402366739942348,1.0919212848821271,0.0435,0.0031249999999999993,0.023125,0.0187375,0.013562707912003149,0.00664832606858668,0.25543715897995817,0.2749621382910099,20.272666006349027,407.7588600816671,0.00012395713565052877,0.011860114320807807
synb2b,M5_joint_slow,M5_joint_slow,methods,,,0,11,0.45724447025064835,1.2553748570367178,0.0657,0.0031573327350787723,0.0027426733899703006,0.982849636259607,0.014407690350422664,40.4570723370396,8100218.798785937,0.03741380487471837,167665.85632134517,454364.4038395188,0.0066254416961130744,0.12549359391965256,0.0135659403931653,0.007353458996536426,26210.507145439795,30381.13860362465,1239.208459906944,0.6594202898550725,0.0,141.0,320.0,0.4448818897637795,1.0,0.3188405797101449,66.0,113.0,0.353125,0.002225,0.6594202898550725,0.0,0.0,0.0,0.6811594202898551,0.0,141.0,0.0,320.0,0.4448818897637795,1.0,0.3188405797101449,66.0,113.0,0.0,0.0197895483888578,1.5959313216820807,0.5,0.425,17434624.68872393,30196598.358537275,0.0006403548096642994,0.0016731025042192548,0.04206588384362464,0.002629547242475151,0.0026862797263302175,0.2598852793699535,0.79375,1.8246543841200964,0.015586851569347535,0.035703635563982206,0.019567341560522204,0.7084261645028556,80000.0,178.0,2273.0,142.0,1.0,0.353125,0.0044375,0.07616100780541649,0.048462457361126206,0.2226973981611753,0.0178863436123348,0.0178863436123348,,-0.005222966507177033,-0.005222966507177033,18.320298964120383,0.12549359391965256,0.12549359391965256,,4141831.034529829,0.05013349154553545,-0.0008896872920825007,4738210.4515686445,0.011510312707917499,0.014469486234287243,0.012506019083757723,1.3830741195645975,0.0505,0.0028499999999999984,0.02285,0.0184125,0.01383719178403866,0.0077901788010867334,0.2272001387405665,0.2508839445064621,20.337083988124505,405.5616560613271,0.00018405150684782393,0.011848899044917286
synb2b,M5_joint_slow,M5_joint_slow,methods,,,1,23,0.2655949886497597,1.3542010250358154,0.091725,0.0013919410907075056,0.0024215706809347687,0.9790021048594096,0.01857632445965559,40.05552595308469,6906398.699346495,0.03671194705677464,165469.2043621016,365548.692635395,0.006023088505939435,0.1353777777777778,0.014024770348799797,0.007624036317289864,26725.768573753372,33561.92037180658,321.8278493577741,0.5784313725490196,0.0,172.0,320.0,0.4027777777777778,1.0,0.1568627450980392,32.0,116.0,0.3625,0.002125,0.5784313725490196,0.0,0.0,0.0,0.8431372549019608,0.0,172.0,0.0,320.0,0.4027777777777778,1.0,0.1568627450980392,32.0,116.0,0.0,0.020137814653353958,1.6240173107543516,0.75,0.475,16790999.055893987,30448876.723301068,0.0006279512463765998,0.0016189476118056447,0.03874803417917285,0.003795542122796875,0.002837502052944003,0.34460967435865847,0.9,1.8258393217633018,0.014940404741839164,0.03694094975321683,0.020232311415848553,0.5088043604226663,80000.0,170.0,2286.0,142.0,1.0,0.3625,0.005675,0.1203601528243652,0.06997750122318781,0.29809998478953065,0.028117726505346087,0.028117726505346087,,-0.004295261845386533,-0.004295261845386533,18.320298964120383,0.1353777777777778,0.1353777777777778,,4845981.781597551,0.05319148936170213,-0.000657387212091045,4673069.882314548,0.011742612787908955,0.015342884451308882,0.012718232441444094,1.0981764232950366,0.039,0.005075,0.025075,0.0194,0.01313638841846558,0.009181133755950411,0.24633904977032522,0.21289179532580838,20.40866602328606,366.14354791876394,0.0004043746828418535,0.011729771174594412
synb2b,M5_joint_slow,M5_joint_slow,methods,,,2,37,0.710964107962622,1.277144581659422,0.029175,0.0029580398915498084,0.0022302862488564608,0.9830578502926223,0.014711863458521166,40.747807107297774,8210966.456295109,0.0385343087790111,185210.77423489853,592408.4140391625,0.007978723404255319,0.13096734693877551,0.013777878413299671,0.008812149751191985,28734.210522709473,35476.5628861651,228.3586906074495,0.6239697802197802,60.0,45.0,320.0,0.5360824742268041,0.4642857142857143,0.7836538461538461,163.0,52.0,0.35,0.002225,0.6239697802197802,62.59376157407411,62.59376157407411,15.570405092592637,0.21634615384615385,60.0,45.0,0.5357142857142857,320.0,0.5360824742268041,0.4642857142857143,0.7836538461538461,163.0,52.0,0.0,0.021440193145436413,1.7290478343093882,0.475,0.45,19788187.47514356,30165342.868388563,0.0006430783507590587,0.0015927261685153584,0.03751808796497246,0.0013336242584378434,0.0025783187269699482,0.11017581541952136,0.303125,1.8095757157184562,0.01625802088512811,0.03757374656799526,0.020763843281947088,0.6209414306401843,80000.0,178.0,2265.0,142.0,1.0,0.35,0.004175,0.06403596111875699,0.07372779313077883,0.21443543129080306,0.02778311291963377,0.02778311291963377,,-0.0031168643630737486,-0.0031168643630737486,18.320298964120383,0.13096734693877551,0.13096734693877551,,5692455.185719008,0.05562836755497306,0.00016394340874553194,5292357.419090278,0.012563943408745532,0.013747026809386593,0.013800294269371122,1.6693206781461278,0.0585,0.002349999999999998,0.02235,0.018175,0.01832204975438827,0.01192669847573932,0.2160517122038175,0.2021638319447528,20.74174993322231,578.3175572560868,0.00045056178638399344,0.01162906366460936
synb2b,M5_joint_slow,M5_joint_slow,methods,,,3,53,0.28868131269633435,0.9149265630282973,0.08965,0.001783605898173697,0.0025369534274333975,0.9793199149669989,0.01814313160556777,40.28193798674432,6385793.692470912,0.034220532319391636,160756.2940002286,261064.5129559706,0.005778382053025153,0.12598550247116969,0.013308632839886713,0.007323872152011806,24484.280036717908,30043.322624567743,1317.8432137011032,0.569377990430622,0.0,180.0,320.0,0.38144329896907214,1.0,0.13875598086124402,29.0,111.0,0.346875,0.0020625,0.569377990430622,0.0,0.0,0.0,0.861244019138756,0.0,180.0,0.0,320.0,0.38144329896907214,1.0,0.13875598086124402,29.0,111.0,0.0,0.019932948982311436,1.6074958856702772,0.7,0.5,16305121.094370186,29650666.683683693,0.0006103676943822403,0.001535870761478319,0.03858532993476741,0.0035127204779914793,0.006477635482366832,0.3729507650973847,0.909375,1.8624264047305383,0.02108013737251697,0.0359202039284754,0.019286777634401314,0.4503951556372538,80000.0,165.0,2261.0,142.0,1.0,0.346875,0.0045125,0.11038274768706564,0.10548564818945444,0.27706465081819454,0.018867448352875488,0.018867448352875488,,-0.003373565441650548,-0.003373565441650548,18.320298964120383,0.12598550247116969,0.12598550247116969,,4917293.461157454,0.054005128978729826,-0.00034881632100381386,4740969.427785853,0.012051183678996186,0.014395946510479716,0.012409271697236806,0.9499499357166455,0.039,0.00375,0.02375,0.0192375,0.012813945046906024,0.009787941881411206,0.305144189360462,0.30519315170790523,20.10391393559985,335.86668962729163,0.0001778779252217351,0.01187674057034649
synb2b,M5_joint_slow,M5_joint_slow,methods,,,4,71,0.4966012537690326,1.0083508497655704,0.0665625,0.0028383533958969945,0.0028047814528452744,0.9808071696082055,0.016388048938949146,39.48644231989584,7285811.580781776,0.035887802034073976,162883.37439920317,296025.5955962401,0.005063291139240506,0.12911982378854625,0.013555943490217503,0.007106258659501594,27130.33175427347,33278.50796455404,3793.3353666857597,0.6860515674594547,8.0,117.0,320.0,0.463302752293578,0.926605504587156,0.44549763033175355,94.0,101.0,0.340625,0.00215,0.6860515674594547,7.218923611111165,7.218923611111165,0.0,0.5545023696682464,8.0,117.0,0.07339449541284404,320.0,0.463302752293578,0.926605504587156,0.44549763033175355,94.0,101.0,0.0,0.01982348762227444,1.5986683566350357,0.525,0.475,16865803.272411086,29551608.99642975,0.0006446945738144814,0.0015184806141126683,0.04355087192695636,0.0015373576032305847,0.0031976901328339843,0.14673590569450956,0.68125,1.8446223109944915,0.019098273874926165,0.03552329503011135,0.019257760690837393,0.6320726058615322,80000.0,172.0,2265.0,142.0,1.0,0.340625,0.0036125,0.10278330564510993,0.026093693279129165,0.24035163340712884,0.02316910569105691,0.02316910569105691,,-0.004766412213740458,-0.004766412213740458,18.320298964120383,0.12911982378854625,0.12911982378854625,,4590657.527477678,0.05145178275913946,-0.0007816141810697754,4693308.568555391,0.011618385818930224,0.012607201530864278,0.012288364225369218,1.2988826244457812,0.0405,0.002100000000000001,0.0221,0.0184875,0.014079428913903215,0.008882904788286732,0.21052588710069295,0.20851421158954822,20.082748000277206,494.5986299880315,8.69663206721001e-05,0.01184196982526246
synb2b,M5_joint_slow,M5_joint_slow,methods,,,5,73,0.973990912829283,1.2731167418823186,0.01905,0.002088659857420542,0.0026678356413341524,0.9801002985381251,0.017231865820540822,40.20849209083646,8391644.806689668,0.039496966632962587,184956.066474896,734741.3548067621,0.008893680097021964,0.12746727922409393,0.013497021626165739,0.009137052037485239,29983.794259458504,37488.10535952815,196.20850838630025,0.6865800865800866,59.0,19.0,320.0,0.7285714285714285,0.4636363636363636,0.9095238095238095,191.0,51.0,0.34375,0.0021875,0.6865800865800866,62.2455787037037,62.2455787037037,17.09460648148149,0.09047619047619047,59.0,19.0,0.5363636363636364,320.0,0.7285714285714285,0.4636363636363636,0.9095238095238095,191.0,51.0,0.0,0.02151767151767152,1.7352960901348,0.6,0.45,19911974.754879266,30296075.86337279,0.0006609110330193125,0.0016224687251193,0.038130199901007675,0.0011369578051494671,0.0024962751594641004,0.08882466199425518,0.21875,1.7805972898022566,0.016518932201186422,0.03744690319575527,0.021030529143349373,0.5996751915296263,80000.0,175.0,2292.0,142.0,1.0,0.34375,0.0046875,0.13896638578907117,0.12642598622650147,0.31249401979682034,0.025087335359675784,0.025087335359675784,,-0.0032163265306122436,-0.0032163265306122436,18.320298964120383,0.12746727922409393,0.12746727922409393,,5259275.409067066,0.05365782143380736,0.00037348914573293035,5526313.184315767,0.01277348914573293,0.014204282753458012,0.014342659946367511,1.8277485341126731,0.062,0.0036374999999999984,0.0236375,0.01895,0.02239816984919574,0.012028922965424321,0.20309513856994293,0.18205442797282223,21.26766598667018,483.4527943847934,0.00047345193291004577,0.011628873264643663
synb2b,M5_joint_slow,M5_joint_slow,methods,,,6,79,0.533129995449714,0.7373872036598713,0.0512875,0.0021050534435020887,0.002214356954269473,0.9797065772485465,0.018079065797184126,39.61536303730513,6972949.323524148,0.035811732605729875,162176.3408698596,478060.9964411385,0.006675567423230975,0.1320141689373297,0.012621610656565052,0.006979611606400568,23116.810859825346,24175.826294148228,1963.1816300774237,0.7966507177033493,0.0,85.0,320.0,0.5663265306122449,1.0,0.5933014354066986,124.0,111.0,0.346875,0.0019375,0.7966507177033493,0.0,0.0,0.0,0.40669856459330145,0.0,85.0,0.0,320.0,0.5663265306122449,1.0,0.5933014354066986,124.0,111.0,0.0,0.019157345665734567,1.5449472311076264,0.6,0.375,17006814.495901145,29850508.689440854,0.0005965275590561646,0.001564674765143169,0.0375624544502376,0.00171510346213423,0.003603016774475221,0.18642824073224626,0.6125,1.8177877129778997,0.025902181950005036,0.03471963173669085,0.019099937516803406,0.7197327125843804,80000.0,155.0,2276.0,142.0,1.0,0.346875,0.0044,0.10042472152346259,0.10443490095566632,0.266796192860136,0.01833545554335895,0.01833545554335895,,-0.004643051066580478,-0.004643051066580478,18.320298964120383,0.1320141689373297,0.1320141689373297,,4611353.03648933,0.051770306456411785,-0.0014404444348371202,4944451.1394465305,0.01095955556516288,0.013460381532095047,0.012162115050539869,1.0931221010088628,0.061,0.0033124999999999995,0.0233125,0.0189125,0.015392996453674467,0.007141007564014339,0.28327709166791953,0.3485825691916073,20.666750002419576,496.88919218664535,0.000136352349882902,0.011874333788305233
synb2b,M5_joint_slow,M5_joint_slow,methods,,,7,83,0.6253953702857914,0.7755868858286409,0.040275,0.0026504716561397148,0.0024238672952618793,0.9802042873541981,0.01737184535053997,39.5528652435654,7834983.9772352,0.03757359264404313,181233.50214940633,822429.7275035756,0.009785267735797772,0.1296824295010846,0.013578008797173505,0.008901517704327535,28517.487448485856,33610.32532757848,2950.6311645455694,0.8543956043956045,3.0,55.0,320.0,0.6646341463414634,0.9732142857142857,0.7355769230769231,153.0,109.0,0.35,0.002125,0.8543956043956045,0.0,0.0,0.0,0.2644230769230769,3.0,55.0,0.026785714285714284,320.0,0.6646341463414634,0.9732142857142857,0.7355769230769231,153.0,109.0,0.0,0.02113386998220026,1.704344353403247,0.6,0.5,19252650.802375454,30499853.46126175,0.000657482918128385,0.001603563672244523,0.03988543784727056,0.001409657619637513,0.002972483582187824,0.10719198511807732,0.5125,1.8286212364256695,0.026391526566229718,0.03742990527630772,0.02046892190176595,0.6040431666930379,80000.0,170.0,2287.0,142.0,1.0,0.35,0.005975,0.11994383979689888,0.025507673711314027,0.2837686383772139,0.02867505070993915,0.02867505070993915,,-0.002560538581046089,-0.002560538581046089,18.320298964120383,0.1296824295010846,0.1296824295010846,,5146324.908299895,0.054110301768990635,0.00033871527777777806,5448912.189336782,0.012738715277777778,0.013138327670731755,0.013379313835883463,1.1883646652377446,0.0735,0.004674999999999999,0.024675,0.0187,0.018287394220243947,0.008253844714546247,0.23025285163970952,0.18939918216891732,20.86549997329712,417.7068230661098,0.00011853683652008979,0.011829638537398603
synb2b,M5_joint_slow,M5_joint_slow,methods,,,8,89,0.34346436288323956,0.8367173577681991,0.078675,0.0007984359711335654,0.0018334636309573775,0.9784829465625666,0.019683589806475943,40.083482870757614,6973744.297353324,0.037183703604268745,155106.23159671857,289267.6996951203,0.005111294311624073,0.1396633126059921,0.014108941783073436,0.008088358855761563,26367.310017890904,31463.561650744377,764.7456197478347,0.7012371222897539,1.0,123.0,320.0,0.4721030042918455,0.990990990990991,0.41148325358851673,86.0,110.0,0.346875,0.001725,0.7012371222897539,0.0,0.0,0.0,0.5885167464114832,1.0,123.0,0.009009009009009009,320.0,0.4721030042918455,0.990990990990991,0.41148325358851673,86.0,110.0,0.0,0.020644427806893493,1.6648732102333463,0.825,0.475,15705584.334744785,29711598.483677015,0.0006677532657954348,0.0016130488140940788,0.04325036108456192,0.0034530637485923393,0.0032019825234836895,0.3221553196574582,0.728125,1.8847528871043517,0.02367306183820978,0.037332547673020446,0.019807661751550076,0.6543603392202582,80000.0,138.0,2316.0,142.0,1.0,0.346875,0.005375,0.12375225843810776,0.05252106974132266,0.2861140596977846,0.024731230925737535,0.024731230925737535,,-0.004439191671769748,-0.004439191671769748,18.320298964120383,0.1396633126059921,0.1396633126059921,,3741013.067629911,0.05442176870748299,-4.9348905893408304e-05,4701559.270066429,0.012350651094106591,0.015015159080400714,0.012768323851661451,0.9959225311534176,0.0415,0.005125000000000001,0.025125,0.01975,0.014422713214340247,0.008363292070541794,0.23292419077581067,0.22016890400788336,20.567333966027945,374.9656800425146,0.00022765543085907607,0.011792044434875026
synb2b,M5_joint_slow,M5_joint_slow,methods,,,9,97,0.5371558882001791,1.2885792819446222,0.0932625,0.0008403868156985808,0.0021588324603826316,0.9789229097650066,0.01891825777461077,38.653272071515666,7485625.252483955,0.038780786501564836,175266.09421303414,336845.2066820803,0.0064037748567576675,0.1383230255839822,0.014861528497411661,0.009043522396369238,26815.80415411101,32790.3631370424,1335.0246653754996,0.6004901960784313,0.0,163.0,320.0,0.4157706093189964,1.0,0.20098039215686275,41.0,116.0,0.3625,0.0018,0.6004901960784313,0.0,0.0,0.0,0.7990196078431373,0.0,163.0,0.0,320.0,0.4157706093189964,1.0,0.20098039215686275,41.0,116.0,0.0,0.02174648363728613,1.753748680426301,0.925,0.5,17798911.470661007,30281677.11177147,0.0006783271052892177,0.0016872628590190065,0.040292066793432176,0.0018872016590663564,0.002748488391378062,0.16438511764899688,0.871875,1.8629506479465363,0.01637787152986821,0.039316056863368865,0.02110418593573885,0.7307457672375798,80000.0,144.0,2296.0,142.0,1.0,0.3625,0.0072125,0.2094305728189201,0.1704031415928497,0.4027113153772506,0.024699494097807757,0.024699494097807757,,-0.0029601006922592814,-0.0029601006922592814,18.320298964120383,0.1383230255839822,0.1383230255839822,,5229045.673852319,0.05620715917745621,0.0005350732454235899,4747395.337642651,0.01293507324542359,0.014365650404756274,0.01360422562407358,1.4810304347589776,0.043,0.007025,0.027025,0.0198125,0.01443060136885603,0.010320189996148353,0.2239251115631988,0.19797193678684644,20.506001950707287,366.01665728667285,0.00017954755938955308,0.011807974801400455
synb2b,M5_joint_slow,M5_joint_slow,methods,,,10,101,0.4232479366073579,1.6725378850206412,0.0515125,0.0027374714610384526,0.001583344699964716,0.9816463284122865,0.016770326887748682,40.101187881438875,8571034.119482309,0.04045695531431457,179151.37797030227,422904.7724253436,0.005285073670723895,0.1346888661899898,0.014037962637463328,0.008277935930606852,27485.83575105547,34057.30584129167,3639.918701563261,0.48515022199232727,58.0,106.0,320.0,0.3333333333333333,0.4774774774774775,0.49282296650717705,103.0,53.0,0.346875,0.0019625,0.48515022199232727,60.392303240740716,60.392303240740716,14.185486111111118,0.507177033492823,58.0,106.0,0.5225225225225225,320.0,0.3333333333333333,0.4774774774774775,0.49282296650717705,103.0,53.0,0.0,0.02127459412966348,1.7156930749728612,0.5,0.475,18840858.14048364,30606931.948486045,0.0006813261941992978,0.0018081959158609447,0.04083735274166277,0.0014732772527768449,0.0029538501346586315,0.15094588565361317,0.496875,1.7747712167347374,0.012553336851693823,0.037262974837735045,0.02099593146788366,0.6199032778464821,80000.0,157.0,2328.0,142.0,1.0,0.346875,0.0021875,0.11972548323170976,0.1251956235402338,0.2994173890106445,0.01948259109311741,0.01948259109311741,,-0.004011743559017376,-0.004011743559017376,18.320298964120383,0.1346888661899898,0.1346888661899898,,5098555.051192525,0.05534351145038168,-0.0007097477366616849,4748364.197383465,0.011690252263338315,0.013407620044623864,0.013002930632751956,1.5448385015277888,0.0325,0.0005749999999999991,0.020575,0.0183875,0.01342966089228134,0.013731070763334033,0.22085605619007262,0.22584697953527658,19.948668050346896,610.9173280757386,7.967126570087427e-05,0.011878647300907513
synb2b,M5_joint_slow,M5_joint_slow,methods,,,11,103,0.9395671950748241,1.357169020961064,0.0167125,0.0037922618580472525,0.0020891096908045434,0.9814796806348061,0.01643120967438931,39.563890895611095,7967581.299608092,0.03895121643766545,183200.58247935429,789893.306935438,0.008222132362852136,0.13031151885830786,0.013924812551428911,0.009316133446295189,30502.40936686565,38064.50318564195,2486.1787689114963,0.6998807698858798,64.0,8.0,320.0,0.8620689655172413,0.43859649122807015,0.9611650485436893,198.0,50.0,0.35625,0.001875,0.6998807698858798,67.5117939814815,67.5117939814815,18.674409722222265,0.038834951456310676,64.0,8.0,0.5614035087719298,320.0,0.8620689655172413,0.43859649122807015,0.9611650485436893,198.0,50.0,0.0,0.02164177172590541,1.7453041714439848,0.35,0.475,19722577.992442474,30142544.320817113,0.0006579104966262782,0.0016190432042349657,0.03772950278089552,0.0011428118069246426,0.002463630329647438,0.08572391185880489,0.18125,1.8120347543427326,0.015545644054300919,0.03823042978618407,0.021098066521384764,0.6096370529815172,80000.0,150.0,2266.0,142.0,1.0,0.35625,0.0038875,0.16079071191856212,0.1481035769076574,0.3533776594463853,0.03070344827586207,0.03070344827586207,,-0.0016857142857142852,-0.0016857142857142852,18.320298964120383,0.13031151885830786,0.13031151885830786,,5463463.828718871,0.054564072557050904,0.0007531493306744182,5501639.557180073,0.013153149330674418,0.013874678826128035,0.014138705780475819,1.8918810096105896,0.058,0.00145,0.02145,0.0175625,0.025346855956192307,0.011962964097303666,0.18315767761883453,0.15529429602952857,21.26475001568906,488.6139319976792,0.00016075597780919695,0.011783669572999938
synb2b,M5_joint_slow,M5_joint_slow,methods,,,12,107,0.6967294113385875,1.3236590665701438,0.0217125,0.0024596747752497687,0.001978562968130956,0.9818966128463446,0.016124824185524356,39.00723087685872,9689156.12661941,0.04076602199469093,196361.0900009121,819190.0035595145,0.009568733153638815,0.12994693877551022,0.01372350427311802,0.009200028862661514,28900.248139338488,35478.83018969696,246.50495441207786,0.6462778568041726,61.0,33.0,320.0,0.6024096385542169,0.45045045045045046,0.8421052631578947,176.0,50.0,0.346875,0.0019125,0.6462778568041726,64.88122685185186,64.88122685185186,18.674409722222265,0.15789473684210525,61.0,33.0,0.5495495495495496,320.0,0.6024096385542169,0.45045045045045046,0.8421052631578947,176.0,50.0,0.0,0.021703164284876827,1.7502551842642604,0.625,0.475,21142105.991136774,30853504.816067547,0.000635835174088701,0.0016426104093750216,0.035836356507618405,0.0022540168177702397,0.0028473213259674348,0.20535880205107038,0.259375,1.811117920130088,0.015920338500372475,0.03816586976511887,0.021073100398883753,0.5688859235475711,80000.0,153.0,2302.0,142.0,1.0,0.346875,0.0033875,0.1724180211908356,0.17145817921343456,0.3646924882988235,0.02731486761710794,0.02731486761710794,,-0.002195918367346939,-0.002195918367346939,18.320298964120383,0.12994693877551022,0.12994693877551022,,5209338.760364469,0.05584795321637427,-0.00023230864805809555,5424421.10059338,0.012167691351941904,0.015460275360249142,0.013994924549283817,1.7103230006548815,0.0415,0.0021375000000000005,0.0221375,0.01875,0.019308516013438966,0.012062151111526798,0.21646071622808574,0.22041925485595046,21.357498015277088,567.9818553791848,0.00044011274830924117,0.011661042906161146
synb2b,M5_joint_slow,M5_joint_slow,methods,,,13,109,0.5475925296592604,1.3806252870930062,0.0509,0.0024379807218269794,0.0026087936331092303,0.9806210382477396,0.01677016811915115,39.59853821329765,8232508.659405989,0.03912875867386276,170471.8850333408,265509.2869290369,0.004629629629629629,0.12042107574094402,0.014250214319687881,0.00833432338611662,27418.141534927156,31903.291327762687,306.68629340636545,0.6592025740249576,34.0,78.0,320.0,0.49019607843137253,0.6880733944954128,0.6303317535545023,133.0,75.0,0.340625,0.0022375,0.6592025740249576,7.218923611111165,7.218923611111165,6.329583333333346,0.3696682464454976,34.0,78.0,0.3119266055045872,320.0,0.49019607843137253,0.6880733944954128,0.6303317535545023,133.0,75.0,0.0,0.020850966641140355,1.6815295678338997,0.525,0.5,17905917.84509096,29535703.744087692,0.0006657913401478335,0.0016539017114387087,0.04286949750292973,0.0020635147770827265,0.002686323401964394,0.1912205984829514,0.478125,1.8704005739629987,0.014586492706576772,0.03766702582391955,0.0201384806806976,0.6500188415691329,80000.0,179.0,2281.0,142.0,1.0,0.340625,0.0026875,0.1533771466454097,0.1358662167534658,0.3379822583993406,0.026567611336032387,0.026567611336032387,,-0.0068954128440366965,-0.0068954128440366965,18.320298964120383,0.12042107574094402,0.12042107574094402,,4085143.7813033634,0.05070379900105948,0.00018750380451323934,5322756.117452569,0.012587503804513239,0.01346268033057286,0.012800823577801703,1.667268636910217,0.033,0.0013750000000000012,0.021375,0.0186875,0.015768479121664698,0.01043149170679147,0.24593803476198917,0.2326402157685903,20.54591802880168,595.5133827507962,0.00040007127027608493,0.01169611481161737
synb2b,M5_joint_slow,M5_joint_slow,methods,,,14,113,0.6086799063236499,1.4262766597602492,0.0336375,0.0021794494717703367,0.001968154672547771,0.9808204794978076,0.017211365829644523,39.67023275909878,8583110.351893937,0.03909555990652435,178517.31603187465,617681.1926437307,0.006784452296819788,0.14049256198347107,0.013829114352487765,0.008444292013223076,28817.858640826038,35963.882643574056,5067.844899382878,0.6661278503383766,55.0,36.0,320.0,0.6086956521739131,0.5045045045045045,0.8277511961722488,173.0,56.0,0.346875,0.0019375,0.6661278503383766,56.37425925925925,56.37425925925925,10.167442129629649,0.1722488038277512,55.0,36.0,0.4954954954954955,320.0,0.6086956521739131,0.5045045045045045,0.8277511961722488,173.0,56.0,0.0,0.02105513119879685,1.697994451515875,0.625,0.475,19016555.07572549,30414861.457377225,0.0006531220774038422,0.0016155239310491412,0.03928585974970388,0.001285236014153965,0.002439955528366758,0.11740607407497809,0.2875,1.8049320819075885,0.014397957468372692,0.03706512985708041,0.020535470685360737,0.6325327128404783,80000.0,155.0,2295.0,142.0,1.0,0.346875,0.0029625,0.11898809234077007,0.10551730592030677,0.29513871061928065,0.03134364191251272,0.03134364191251272,,-0.004485924250989259,-0.004485924250989259,18.320298964120383,0.14049256198347107,0.14049256198347107,,4982290.986635917,0.05719392314566577,-0.0005980987028735996,4833472.544551904,0.0118019012971264,0.013828560215678678,0.013374437557978253,1.6548594573112858,0.042,0.0018124999999999981,0.0218125,0.01885,0.01904984499667075,0.01136142112187927,0.16967320305852138,0.18152006629824974,20.58733199373819,620.3328192897607,6.653037180666072e-05,0.011851506882568703
synb2b,M5_joint_slow,M5_joint_slow,methods,,,15,127,0.45740875063891256,0.8317618318384061,0.065575,0.0022416511771459896,0.002782293034216941,0.9802923466390253,0.016925360326757774,39.94466276486004,7237939.600406595,0.03629139072847682,154688.08862196186,213015.18015045952,0.004271398061442418,0.12740263157894738,0.012817486725680394,0.005748893620100888,24232.605038264923,25141.130020356817,1996.6306723352263,0.7606635071090048,0.0,101.0,320.0,0.5190476190476191,1.0,0.5213270142180095,110.0,109.0,0.340625,0.0019375,0.7606635071090048,0.0,0.0,0.0,0.4786729857819905,0.0,101.0,0.0,320.0,0.5190476190476191,1.0,0.5213270142180095,110.0,109.0,0.0,0.01833397040353847,1.4785460002853608,0.5,0.325,16024670.4586167,29707658.420681365,0.0006050231472088705,0.001539852219609322,0.04158288320886922,0.0025553064363163748,0.00430138228178201,0.3104936289897898,0.65625,1.7589141972855538,0.02228693839383652,0.0326057394939048,0.01853742470452717,0.6468773446846541,80000.0,155.0,2281.0,142.0,1.0,0.340625,0.0030125,0.11678125425573675,0.11513487563414117,0.27887008425270465,0.024674657186389032,0.024674657186389032,135.8561903472222,-0.006208049535603714,-0.006208049535603714,18.320298964120383,0.12740263157894738,0.12740263157894738,59.187486643518525,4678364.601974554,0.05046421084156933,-0.002881856038072575,3895351.0760850944,0.009518143961927425,0.013010605386397438,0.011520714227524235,1.1231922891890427,0.041,0.001787500000000001,0.0217875,0.018775,0.013949570212431133,0.007044235222129527,0.25701580460087103,0.31460010807448247,21.05583599768579,512.6239502622047,0.00014504124349633767,0.011850450431719471
synb2b,M5_joint_slow,M5_joint_slow,methods,,,16,131,0.7583339982903192,1.2718615340402364,0.0161625,0.001880824287380403,0.0026242984780818083,0.9803236202880661,0.017052081233852222,39.20852447234447,7903466.207906086,0.03748804590372968,173157.25507032534,805387.0145620193,0.008764832793959008,0.11955876288659795,0.012536310082838417,0.008373193432091882,27881.317552001612,33187.09374861888,5237.8674903135425,0.7681818181818182,51.0,0.0,320.0,1.0,0.5363636363636364,1.0,210.0,59.0,0.34375,0.0024375,0.7681818181818182,5.488078703703707,5.488078703703707,8.86706018518521,0.0,51.0,0.0,0.4636363636363636,320.0,1.0,0.5363636363636364,1.0,210.0,59.0,0.0,0.020664636911316966,1.6665029767191102,0.6,0.5,18644501.37161739,29405202.243955754,0.000592674961055437,0.0014959183301144288,0.0347347709885367,0.002178667561796181,0.0044648701490098966,0.20554239877758052,0.184375,1.7938247596878072,0.015709587501657456,0.03584137221079241,0.019980420058997375,0.5328223415607116,80000.0,195.0,2247.0,142.0,1.0,0.34375,0.004075,0.14158617664383338,0.13598764725350856,0.3221365877012351,0.0166519877675841,0.0166519877675841,,-0.00423673469387755,-0.00423673469387755,18.320298964120383,0.11955876288659795,0.11955876288659795,,4555614.704625086,0.050781831720029785,0.00028762270683358425,5380033.4445242025,0.012687622706833584,0.015187040700446663,0.013806502634176364,1.629271439014278,0.0515,0.0030999999999999986,0.0231,0.019025,0.025264204638037937,0.011334974555255227,0.17577907958512085,0.23951542714000248,21.61766603239812,545.5337379418779,7.150852723529182e-05,0.01188288726047966
synb2b,M5_joint_slow,M5_joint_slow,methods,,,17,137,0.3570178312327406,1.2438350766813226,0.0889625,0.0018758331482304073,0.0021681973134973533,0.9800824859564103,0.017749316730092272,40.459669127419104,6649152.388957518,0.0342057886719291,154441.43211374263,150052.75062039428,0.003279226102639777,0.12023621353880024,0.013450569604125957,0.005764929261193599,26102.623034965603,31684.767087042397,2007.2138842694728,0.5593938866907258,1.0,184.0,320.0,0.3698630136986301,0.9908256880733946,0.12796208530805686,27.0,108.0,0.340625,0.0018625,0.5593938866907258,0.0,0.0,0.0,0.8720379146919431,1.0,184.0,0.009174311926605505,320.0,0.3698630136986301,0.9908256880733946,0.12796208530805686,27.0,108.0,0.0,0.018350295791628116,1.4798625638409773,0.8,0.45,15655648.292523794,29705464.313794143,0.0006090244431836816,0.0015190701451018875,0.04376474491676254,0.001877049802426061,0.003065590875937872,0.2220741553848321,0.9125,1.8872556766648811,0.014580089163193961,0.03422580882440435,0.018135226322321882,0.43317471072253644,80000.0,149.0,2249.0,142.0,1.0,0.340625,0.005475,0.09578330293959253,0.04070597686703545,0.2545963451464203,0.023116093229744727,0.023116093229744727,,-0.00693551912568306,-0.00693551912568306,18.320298964120383,0.12023621353880024,0.12023621353880024,,4508658.627142135,0.05006806837089699,-0.00189798560499751,4347784.525803746,0.01050201439500249,0.011904189524492084,0.01118745069575049,1.3469279228442357,0.033,0.004837499999999998,0.0248375,0.0193625,0.011522541179749728,0.008046382933348412,0.23819598489960309,0.22606582041158763,19.789501966442913,317.60509419545997,0.00021704184382489896,0.01181184978718843
synb2b,M5_joint_slow,M5_joint_slow,methods,,,18,139,0.5055031569938337,0.9083889338545584,0.0676125,0.001563249820086348,0.002222344614573936,0.9797822756385046,0.017995379746921645,39.787694004372554,7423895.82756827,0.03570502851218248,164141.61830011616,297976.10007083486,0.004625937151060775,0.11232035794183445,0.013305006716865192,0.007101007759506442,27291.785114914226,33760.31010430417,1278.4638911557279,0.6922480620155038,7.0,118.0,320.0,0.4537037037037037,0.9333333333333333,0.4511627906976744,97.0,98.0,0.328125,0.0021,0.6922480620155038,6.500682870370383,6.500682870370383,0.0,0.5488372093023256,7.0,118.0,0.06666666666666667,320.0,0.4537037037037037,0.9333333333333333,0.4511627906976744,97.0,98.0,0.0,0.019713605125537333,1.5898068649626882,0.7,0.525,16981180.276488192,29474311.24579108,0.000623868449031484,0.001536032490596454,0.042252008424211,0.001656554882380026,0.00282726038858385,0.15219178800575714,0.675,1.9105642128866753,0.020527311317086013,0.035625875219605134,0.018646782442228376,0.6448721045867023,80000.0,168.0,2211.0,142.0,1.0,0.328125,0.0035375,0.08747042863870265,0.014684909071291956,0.23048454125765222,0.013620408163265306,0.013620408163265306,,-0.005832835820895522,-0.005832835820895522,18.320298964120383,0.11232035794183445,0.11232035794183445,,4401546.311845168,0.04633323105247008,4.785508733575784e-05,4857762.03700392,0.012447855087335757,0.01272211646529568,0.012212157483293493,1.2243166591249373,0.0355,0.0028499999999999984,0.02285,0.0193125,0.013844967819148965,0.009318848722109311,0.238745449335442,0.21768869999010929,20.081082067918032,457.7322971977992,0.00017637876992641894,0.011783460247947476
synb2b,M5_joint_slow,M5_joint_slow,methods,,,19,149,0.4083405741931623,0.8118012949914793,0.0762,0.0024044230077089183,0.002335358781554448,0.9805303280426865,0.01713431317575907,38.83078309697445,6522512.690520291,0.03527732463295269,162847.94410416886,370721.8224509822,0.0062997347480106105,0.1313908496732026,0.013812148597398377,0.007725623436208355,25328.189830522606,32449.793161496145,1888.9478909027334,0.6231884057971014,0.0,156.0,320.0,0.4200743494423792,1.0,0.2463768115942029,51.0,113.0,0.353125,0.0019125,0.6231884057971014,0.0,0.0,0.0,0.7536231884057971,0.0,156.0,0.0,320.0,0.4200743494423792,1.0,0.2463768115942029,51.0,113.0,0.0,0.02028977500310769,1.6362721776699751,0.65,0.45,16665706.421077266,29662071.140518006,0.0006252920819872779,0.0015512370802105344,0.038596961249729035,0.0016431960053780456,0.0033293858317212455,0.17551539560485627,0.840625,1.863492663857318,0.024373623319297346,0.03687207022162334,0.019786538974240105,0.6721500376679584,80000.0,153.0,2287.0,142.0,1.0,0.353125,0.0044625,0.03487719715497858,0.04368632400419911,0.15710824321305644,0.020191826176927052,0.020191826176927052,,-0.004885911083281152,-0.004885911083281152,18.320298964120383,0.1313908496732026,0.1313908496732026,,4875983.074064543,0.05440956651718983,-0.00021328529810750105,4896488.83404145,0.012186714701892499,0.013215255068955632,0.012396127658067989,1.088148703948497,0.0435,0.0032499999999999994,0.02325,0.0187875,0.013506609217675061,0.006623181313288751,0.2534006320029211,0.2705139598354757,20.4749180120416,366.1240171745885,0.00012345776167129485,0.01185970825161638
ulb,M0,STATIC,methods,,,0,11,,,0.0003467254198010937,0.004339568919498762,,,,,68526.54995055213,0.0029169181251257293,458.42678809357807,223.93628990846744,0.00013274923669188903,0.02710261977573904,0.001180396528102388,7.655353052487612e-05,,,,,,,0.0,,,,,,,0.0,,,,,,,,,0.0,,,,,,0.0,0.0009964298321261489,1.0714299270173644,0.504424778761062,0.30973451327433627,102740.23072524107,154986.12819646872,,,,,,,0.0,,,,,,227846.0,0.0,508.0,0.0,,,0.0037569235360726105,,,,0.0031558018386108272,0.0028986152050196994,70.33256753720082,-0.0004254591321897074,-0.0006777295660948537,10.253896863127864,0.02710261977573904,0.010795158972865393,40.843128831555475,21776.573583955775,0.003789089249029902,-0.0006051633737149846,12213.170900824698,0.0003248366262850155,,,,0.071,0.001172195254689569,0.02117219525468957,0.01741527171861696,,,,,,,,
ulb,M0,STATIC,methods,,,1,23,,,0.0003511143491656645,0.0023333860086763884,,,,,34358.84654668127,0.002615343347639485,339.3220843132178,279.5217141914748,0.00020052135552436334,0.02202918367346939,0.001114160295628722,4.083059821083928e-05,,,,,,,0.0,,,,,,,0.0,,,,,,,,,0.0,,,,,,0.0,0.0009621365696922506,1.03455545128199,0.6460176991150443,0.2920353982300885,72237.12046420816,124100.43386425725,,,,,,,0.0,,,,,,227846.0,0.0,497.0,0.0,,,0.005139436285912414,,,,0.004687977528089887,0.0023891928456775966,86.10021288175113,-0.00041979591836734695,-0.0006748979591836735,10.253896863127864,0.02202918367346939,0.010634625850340135,25.075483487005272,24180.872840220713,0.003748057409269586,-0.0005983631168764909,13417.879363114696,0.0003316368831235092,,,,0.0505,0.004033777200389735,0.024033777200389735,0.018894340914477323,,,,,,,,
ulb,M0,STATIC,methods,,,2,37,,,0.0003511143491656645,0.0035059999141799887,,,,,47857.76770043612,0.002346316283435007,376.2347846388875,1488.9856700593432,0.00040005334044539273,0.02407,0.00110776024398058,2.6767586978205966e-05,,,,,,,0.0,,,,,,,0.0,,,,,,,,,0.0,,,,,,0.0,0.0009479435884136254,1.0192941810899196,0.6106194690265486,0.2831858407079646,81939.98982509007,135993.37025419,,,,,,,0.0,,,,,,227846.0,0.0,500.0,0.0,,,0.0047488215724656125,,,,0.0026432516590096985,0.0016219319519538288,74.27447887333835,-0.00042109414758269726,-0.0006755470737913487,10.253896863127864,0.02407,0.011655034013605443,25.075483487005272,22295.804190518313,0.004021018962759881,-0.0006241213955711328,10297.432264076295,0.0003058786044288673,,,,0.0585,0.0028487662719556203,0.02284876627195562,0.018099944699490007,,,,,,,,
ulb,M0,STATIC,methods,,,3,53,,,0.00034233649043652293,0.0030670962890032814,,,,,34285.30462113315,0.002547685293821863,285.36420489417037,223.93628990846744,0.000133217877839206,0.01947816326530612,0.0010748388378860056,-6.760949176134362e-05,,,,,,,0.0,,,,,,,0.0,,,,,,,,,0.0,,,,,,0.0,0.0008544102779741082,0.9187207290044174,0.6902654867256637,0.2743362831858407,59232.07981133752,125077.02846316222,,,,,,,0.0,,,,,,227846.0,0.0,477.0,0.0,,,0.006197168262773979,,,,0.0026414285714285715,0.0016218021304538158,74.27447887333835,-0.000423157627977699,-0.0006765788139888496,10.253896863127864,0.01947816326530612,0.008763877551020408,25.075483487005272,15056.179660187987,0.0030618773421076683,-0.0006366700675934192,9666.659240107909,0.0002933299324065808,,,,0.043,0.004727228039991923,0.024727228039991923,0.018530059777217944,,,,,,,,
ulb,M0,STATIC,methods,,,4,71,,,0.00030722505551995647,0.0033547615084773257,,,,,37007.84646400873,0.0025806884070114287,355.74561508541444,223.93628990846744,0.00013318239328760737,0.025600612244897958,0.0011740076311097588,4.058024667931953e-05,,,,,,,0.0,,,,,,,0.0,,,,,,,,,0.0,,,,,,0.0,0.0009658249978760793,1.0385215030925583,0.5221238938053098,0.2743362831858407,76753.75320302343,129715.80162671384,,,,,,,0.0,,,,,,227846.0,0.0,508.0,0.0,,,0.003914924993197159,,,,0.0021281039755351684,0.001364748771841091,74.27447887333835,-0.00042135300101729407,-0.0006756765005086471,10.253896863127864,0.025600612244897958,0.01199517006802721,40.843128831555475,25968.688663090565,0.003975507219886675,-0.0006113358401580575,13553.281786015665,0.0003186641598419426,,,,0.062,0.0020543700569683014,0.022054370056968302,0.018139445063771145,,,,,,,,
ulb,M0,STATIC,methods,,,5,73,,,0.0003291697023428105,0.0039892000218288495,,,,,38884.05819078982,0.002513741788443491,355.144288650865,631.2334165771267,0.00019958751912713726,0.023993702950152594,0.001059150818421982,2.1398845874770707e-05,,,,,,,0.0,,,,,,,0.0,,,,,,,,,0.0,,,,,,0.0,0.0009430378332476704,1.0140191755351293,0.45132743362831856,0.2920353982300885,76903.1929581813,138989.16069616372,,,,,,,0.0,,,,,,227846.0,0.0,499.0,0.0,,,0.003625255655135486,,,,0.0026414285714285715,0.0018771647453669927,74.27447887333835,-0.0004221279837480956,-0.0006760639918740478,10.253896863127864,0.023993702950152594,0.010437998046176677,40.843128831555475,22419.645118644934,0.003510691651848812,-0.0005731871037624646,14968.256232169411,0.00035681289623753544,,,,0.062,0.0012950852768975549,0.021295085276897555,0.017669829621762067,,,,,,,,
ulb,M0,STATIC,methods,,,6,79,,,0.0002852804086971024,0.0022016687154845444,,,,,42075.06365933459,0.002312099989947391,356.4838781062634,223.93628990846744,0.0001338508901084192,0.031196466088730238,0.001104353659891097,7.636960434971586e-05,,,,,,,0.0,,,,,,,0.0,,,,,,,,,0.0,,,,,,0.0,0.0009978700173620433,1.0729785132925196,0.5663716814159292,0.2920353982300885,76473.43482527438,141092.44785368894,,,,,,,0.0,,,,,,227846.0,0.0,515.0,0.0,,,0.002646524406836196,,,,0.002112596348884381,0.00135660429689117,74.27447887333835,-0.00041979591836734695,-0.0006748979591836735,10.253896863127864,0.031196466088730238,0.013010114546583547,48.72695150383066,21111.628396181128,0.004566835639585332,-0.0005983546564281798,13062.806479850198,0.00033164534357182034,,,,0.0415,0.0015408653213135198,0.02154086532131352,0.018894340914477323,,,,,,,,
ulb,M0,STATIC,methods,,,7,83,,,0.0003291697023428105,0.003527076053436566,,,,,56720.219698865505,0.002548454161357387,425.14262359335453,482.01766426892266,0.00019964064683569574,0.02253938775510204,0.0010378107178471575,-2.6799268209151922e-05,,,,,,,0.0,,,,,,,0.0,,,,,,,,,0.0,,,,,,0.0,0.000894254415381176,0.9615638875066408,0.584070796460177,0.2920353982300885,94334.00682994665,146866.9829985237,,,,,,,0.0,,,,,,227846.0,0.0,482.0,0.0,,,0.004634709408986771,,,,0.0021312244897959184,0.0016220627045506661,86.10021288175113,-0.00042341438703140833,-0.0006767071935157042,10.253896863127864,0.02253938775510204,0.00927408163265306,25.075483487005272,26076.375673090668,0.003107719025638682,-0.0005922482793780271,11055.393793721545,0.00033775172062197297,,,,0.0665,0.0027214873203830654,0.022721487320383066,0.018086777911396294,,,,,,,,
ulb,M0,STATIC,methods,,,8,89,,,0.000408170430905085,0.0028370182527385477,,,,,51778.23003408056,0.0028501492136941285,400.23238102072673,223.93628990846744,0.00013365410318096765,0.017947551020408164,0.001050023130533776,9.445200510998157e-06,,,,,,,0.0,,,,,,,0.0,,,,,,,,,0.0,,,,,,0.0,0.0009305863141176208,1.0006304452877641,0.6637168141592921,0.30973451327433627,87705.65613851484,142933.73675469458,,,,,,,0.0,,,,,,227846.0,0.0,491.0,0.0,,,0.007654292811811487,,,,0.0031516326530612246,0.0028983546309228492,74.27447887333835,-0.0004205756495160469,-0.0006752878247580235,10.253896863127864,0.017947551020408164,0.006723061224489796,40.843128831555475,22831.379373039337,0.002971292740903273,-0.000572975543824752,12872.110441486468,0.000357024456175248,,,,0.0635,0.006254575458862564,0.026254575458862565,0.01860028264705108,,,,,,,,
ulb,M0,STATIC,methods,,,9,97,,,0.0003467254198010937,0.0033319318587726886,,,,,49055.1162177091,0.0025475998927326363,414.18111358552056,1386.3078101246483,0.0002660105074150429,0.03478428571428571,0.0011350101923263405,9.028729387125201e-05,,,,,,,0.0,,,,,,,0.0,,,,,,,,,0.0,,,,,,0.0,0.0010108238661776544,1.086907382986725,0.6283185840707964,0.2831858407079646,91128.80220440277,140662.7422448215,,,,,,,0.0,,,,,,227846.0,0.0,510.0,0.0,,,0.004191427543165121,,,,0.001621020408163265,0.0011115980488211625,74.27447887333835,-0.000423157627977699,-0.00042418103508930384,10.253896863127864,0.03478428571428571,0.013695850340136054,25.075483487005272,25781.670662462675,0.004296160877513711,-0.000598432899107957,14905.707514106352,0.00033156710089204304,,,,0.0495,0.0025678747926230865,0.022567874792623087,0.01837644724945797,,,,,,,,
ulb,M0,STATIC,methods,,,10,101,,,0.0003818368547176602,0.004280279951145368,,,,,51351.64180132303,0.0020450583344508513,406.46168207167165,1065.517292733981,0.0002654456168292521,0.02764142857142857,0.0010286483936706669,-9.071182399304045e-06,,,,,,,0.0,,,,,,,0.0,,,,,,,,,0.0,,,,,,0.0,0.0009119519347686145,0.980593478245822,0.6017699115044248,0.2920353982300885,89739.96528934294,141093.68281540315,,,,,,,0.0,,,,,,227846.0,0.0,490.0,0.0,,,0.0051877145089226934,,,,9.145045965270682e-05,9.092931145900649e-05,74.27447887333835,8.368474404460207e-05,-0.000423157627977699,18.13771953540305,0.02764142857142857,0.011314897959183673,48.72695150383066,23602.832958761937,0.004066526546650827,-0.0006113520868251834,13719.97323652399,0.0003186479131748166,,,,0.0635,0.0030199345171738785,0.02301993451717388,0.017832220008251187,,,,,,,,
ulb,M0,STATIC,methods,,,11,103,,,0.0003160029142490981,0.0033025868112765335,,,,,45253.55504109036,0.0026152556580050293,377.5406699386608,1247.5456218601335,0.00026624068157614486,0.030702653061224487,0.001109535755861649,3.602351141229908e-05,,,,,,,0.0,,,,,,,0.0,,,,,,,,,0.0,,,,,,0.0,0.0009569720331631056,1.0290021861968877,0.5929203539823009,0.2920353982300885,82177.06756356495,134362.52650205954,,,,,,,0.0,,,,,,227846.0,0.0,499.0,0.0,,,0.004472319022497652,,,,9.040816326530616e-05,-0.00016443330345417023,74.27447887333835,8.368474404460207e-05,-0.0001693505213787142,18.13771953540305,0.030702653061224487,0.011484965986394556,40.843128831555475,20558.928673843573,0.003839473443642015,-0.0006240629083144779,15117.038226770892,0.0003059370916855222,,,,0.0455,0.0026951537441956414,0.022695153744195642,0.01822283472169799,,,,,,,,
ulb,M0,STATIC,methods,,,12,107,,,0.00029844719679081484,0.003968905691671261,,,,,51433.07002810244,0.00251407884151247,352.2480023996203,223.93628990846744,0.00013298756566261055,0.01896795918367347,0.0010810883069842317,-2.7213693181804042e-05,,,,,,,0.0,,,,,,,0.0,,,,,,,,,0.0,,,,,,0.0,0.0008938787185354692,0.9611599124037302,0.4778761061946903,0.2831858407079646,76313.73445576252,143888.92026520352,,,,,,,0.0,,,,,,227846.0,0.0,487.0,0.0,,,0.00331803059961553,,,,0.0011108163265306124,0.0006008726859809774,86.10021288175113,-0.00042469429004547753,-0.0006773471450227388,10.253896863127864,0.01896795918367347,0.009104013605442177,40.843128831555475,17208.49859271536,0.003469052400949425,-0.0006305701908068678,7448.229545036239,0.00029942980919313224,,,,0.0565,0.0010229716562941624,0.021022971656294163,0.017704941056678632,,,,,,,,
ulb,M0,STATIC,methods,,,13,109,,,0.0005266715237484968,0.00292381130827071,,,,,54878.36104689854,0.0025145845906256285,420.8881499993901,370.4655000389771,0.0002668801708033093,0.027131224489795918,0.001146437133496534,0.00010429185960898978,,,,,,,0.0,,,,,,,0.0,,,,,,,,,0.0,,,,,,0.0,0.0010292025023045186,1.1066693573166866,0.672566371681416,0.3185840707964602,92521.62793929785,144799.1105672614,,,,,,,0.0,,,,,,227846.0,0.0,508.0,0.0,,,0.01595375824021488,,,,0.0026414285714285715,0.0016218021304538158,90.04212421788873,8.936799184505609e-05,-0.000420316004077472,18.13771953540305,0.027131224489795918,0.013018446011005323,40.843128831555475,25361.58212852216,0.004437328453796889,-0.0005856122448979592,11911.219263838177,0.0003443877551020408,,,,0.0625,0.014615485898369949,0.03461548589836995,0.018661727658155068,,,,,,,,
ulb,M0,STATIC,methods,,,14,113,,,0.0003950036428113726,0.003533969164140704,,,,,40456.777314142346,0.0025147532188841202,384.85281040507664,710.4604120238454,0.000266187529114261,0.02917204081632653,0.001084575075379379,4.9548136453476286e-05,,,,,,,0.0,,,,,,,0.0,,,,,,,,,0.0,,,,,,0.0,0.0009704005473595715,1.0434414487737327,0.6106194690265486,0.3274336283185841,83959.09169181877,136688.50947069054,,,,,,,0.0,,,,,,227846.0,0.0,505.0,0.0,,,0.006587782976220781,,,,0.0021312244897959184,0.0018774253194638428,90.04212421788873,-0.00042290060851926984,-0.000676450304259635,10.253896863127864,0.02917204081632653,0.011145524441527504,25.075483487005272,27956.60854687322,0.003932327389117513,-0.0005985744878838482,14835.245418779372,0.0003314255121161519,,,,0.052,0.004744783757450206,0.024744783757450206,0.018157000781229428,,,,,,,,
ulb,M0,STATIC,methods,,,15,127,,,0.0003379475610719521,0.004415880433163924,,,,,48700.63131049485,0.002581207468740572,342.2331249623822,249.20711890897405,0.0002655337227827934,0.019988367346938776,0.001025891972464454,-4.695167332440378e-06,,,,,,,0.0,,,,,,,0.0,,,,,,,,,0.0,,,,,,0.0,0.0009204523621220448,0.9897337227118761,0.4690265486725664,0.3008849557522124,73867.08636283397,126777.64593748089,,,,,,,0.0,,,,,,227846.0,0.0,491.0,0.0,,,0.004187038613800549,,,,0.000600612244897959,0.0003457706451646508,74.27447887333835,-0.0004239271255060729,-0.0006769635627530365,10.253896863127864,0.019988367346938776,0.008592770411626973,40.843128831555475,13280.219287960339,0.003197369022061846,-0.0005797149953826068,11637.028645469816,0.00035028500461739326,,,,0.072,0.001593532473688368,0.02159353247368837,0.01740649385988782,,,,,,,,
ulb,M0,STATIC,methods,,,16,131,,,0.0003642811372593769,0.003490822354111507,,,,,36508.65226233275,0.002379994636631805,312.3649477022393,400.62410254986975,0.0001997070962588204,0.023049591836734693,0.0010781278144217725,-1.352690269960113e-05,,,,,,,0.0,,,,,,,0.0,,,,,,,,,0.0,,,,,,0.0,0.0009078590179917085,0.9761924924642026,0.6460176991150443,0.2920353982300885,65968.79546611474,133484.13204884878,,,,,,,0.0,,,,,,227846.0,0.0,489.0,0.0,,,0.006061111452472284,,,,0.0031516326530612246,0.0016215415563569657,74.27447887333835,-0.00042341438703140833,-0.0006767071935157042,10.253896863127864,0.023049591836734693,0.010465686401155664,40.843128831555475,19565.948019907337,0.0036115936728536163,-0.0006112749003984064,9493.571081324784,0.00031872509960159364,,,,0.0465,0.004319057609086838,0.024319057609086838,0.018257946156614555,,,,,,,,
ulb,M0,STATIC,methods,,,17,137,,,0.0002457800444159652,0.005358394291252836,,,,,42596.89414542394,0.0026099176872114035,345.30984657161594,407.4357869100886,0.0002652519893899204,0.01986107505070994,0.0010129723531633944,-2.9187591484124482e-06,,,,,,,0.0,,,,,,,0.0,,,,,,,,,0.0,,,,,,0.0,0.000923575262460458,0.9930916800650086,0.20353982300884957,0.3185840707964602,75364.03000214988,127530.93784660296,,,,,,,0.0,,,,,,227846.0,0.0,493.0,0.0,,,0.001790683180744889,,,,0.002628718861209964,0.002379971675502941,74.27447887333835,-0.0004252044422009087,-0.0006776022211004544,10.253896863127864,0.01986107505070994,0.009561149094925956,40.843128831555475,16433.6824961381,0.0031847133757961785,-0.0005800893862567835,15926.017573677771,0.0003499106137432165,,,,0.0555,0.0,0.01785855358443861,0.016067870403693722,,,,,,,,
ulb,M0,STATIC,methods,,,18,139,,,0.00047839330073821794,0.0028649545549222786,,,,,62027.804422709225,0.0025479415314469626,428.9476037112259,223.93628990846744,0.00013340448239060833,0.021518979591836733,0.0010964495269888991,2.7388685562639507e-05,,,,,,,0.0,,,,,,,0.0,,,,,,,,,0.0,,,,,,0.0,0.0009486604645751388,1.0200650156721922,0.6902654867256637,0.3185840707964602,94764.61067603076,146752.31247022317,,,,,,,0.0,,,,,,227846.0,0.0,496.0,0.0,,,0.013509124584148942,,,,0.002645076608784474,0.00136774238602489,86.10021288175113,-0.0004216115912557194,-0.0006758057956278597,10.253896863127864,0.021518979591836733,0.010465599587461323,48.72695150383066,20104.521730149274,0.0037504573728503474,-0.0005983440802607326,12408.348233263781,0.0003316559197392674,,,,0.063,0.012223519394678865,0.032223519394678865,0.01871439481052992,,,,,,,,
ulb,M0,STATIC,methods,,,19,149,,,0.0003950036428113726,0.003005525884218595,,,,,53631.684148737055,0.002548112385167304,417.39163693574733,2846.798751726482,0.00020026702269692923,0.026621020408163266,0.0011335042706759819,8.138407676740818e-05,,,,,,,0.0,,,,,,,0.0,,,,,,,,,0.0,,,,,,0.0,0.001002017454786199,1.0774381234260204,0.6548672566371682,0.2743362831858407,91871.3350651234,143847.17577158497,,,,,,,0.0,,,,,,227846.0,0.0,514.0,0.0,,,0.007009120195219578,,,,0.0006013935681470138,9.079882488983342e-05,74.27447887333835,-0.000420316004077472,-0.0006751580020387361,10.253896863127864,0.026621020408163266,0.012336434700475393,40.843128831555475,17373.538945076692,0.004208022686731007,-0.0005921621621621622,18019.313219583164,0.00033783783783783786,,,,0.0645,0.005473346031968963,0.025473346031968963,0.018464225836749382,,,,,,,,
ulb,M1,CONF-FIXED,methods,,,0,11,,,0.0003467254198010937,0.004339568919498762,,,,,68526.54995055213,0.0029169181251257293,458.42678809357807,223.93628990846744,0.00013274923669188903,0.02710261977573904,0.001180396528102388,7.655353052487612e-05,,,,,,,0.0,,,,,,,0.0,,,,,,,,,0.0,,,,,,0.0,0.0009964298321261489,1.0714299270173644,0.504424778761062,0.30973451327433627,102740.23072524107,154986.12819646872,,,,,,,0.0,,,,,,227846.0,0.0,508.0,0.0,,,0.0037569235360726105,,,,0.0031558018386108272,0.0028986152050196994,70.33256753720082,-0.0004254591321897074,-0.0006777295660948537,10.253896863127864,0.02710261977573904,0.010795158972865393,40.843128831555475,21776.573583955775,0.003789089249029902,-0.0006051633737149846,12213.170900824698,0.0003248366262850155,,,,0.071,0.001172195254689569,0.02117219525468957,0.01741527171861696,,,,,,,,
ulb,M1,CONF-FIXED,methods,,,1,23,,,0.0003511143491656645,0.0023333860086763884,,,,,34358.84654668127,0.002615343347639485,339.3220843132178,279.5217141914748,0.00020052135552436334,0.02202918367346939,0.001114160295628722,4.083059821083928e-05,,,,,,,0.0,,,,,,,0.0,,,,,,,,,0.0,,,,,,0.0,0.0009621365696922506,1.03455545128199,0.6460176991150443,0.2920353982300885,72237.12046420816,124100.43386425725,,,,,,,0.0,,,,,,227846.0,0.0,497.0,0.0,,,0.005139436285912414,,,,0.004687977528089887,0.0023891928456775966,86.10021288175113,-0.00041979591836734695,-0.0006748979591836735,10.253896863127864,0.02202918367346939,0.010634625850340135,25.075483487005272,24180.872840220713,0.003748057409269586,-0.0005983631168764909,13417.879363114696,0.0003316368831235092,,,,0.0505,0.004033777200389735,0.024033777200389735,0.018894340914477323,,,,,,,,
ulb,M1,CONF-FIXED,methods,,,2,37,,,0.0003511143491656645,0.0035059999141799887,,,,,47857.76770043612,0.002346316283435007,376.2347846388875,1488.9856700593432,0.00040005334044539273,0.02407,0.00110776024398058,2.6767586978205966e-05,,,,,,,0.0,,,,,,,0.0,,,,,,,,,0.0,,,,,,0.0,0.0009479435884136254,1.0192941810899196,0.6106194690265486,0.2831858407079646,81939.98982509007,135993.37025419,,,,,,,0.0,,,,,,227846.0,0.0,500.0,0.0,,,0.0047488215724656125,,,,0.0026432516590096985,0.0016219319519538288,74.27447887333835,-0.00042109414758269726,-0.0006755470737913487,10.253896863127864,0.02407,0.011655034013605443,25.075483487005272,22295.804190518313,0.004021018962759881,-0.0006241213955711328,10297.432264076295,0.0003058786044288673,,,,0.0585,0.0028487662719556203,0.02284876627195562,0.018099944699490007,,,,,,,,
ulb,M1,CONF-FIXED,methods,,,3,53,,,0.00034233649043652293,0.0030670962890032814,,,,,34285.30462113315,0.002547685293821863,285.36420489417037,223.93628990846744,0.000133217877839206,0.01947816326530612,0.0010748388378860056,-6.760949176134362e-05,,,,,,,0.0,,,,,,,0.0,,,,,,,,,0.0,,,,,,0.0,0.0008544102779741082,0.9187207290044174,0.6902654867256637,0.2743362831858407,59232.07981133752,125077.02846316222,,,,,,,0.0,,,,,,227846.0,0.0,477.0,0.0,,,0.006197168262773979,,,,0.0026414285714285715,0.0016218021304538158,74.27447887333835,-0.000423157627977699,-0.0006765788139888496,10.253896863127864,0.01947816326530612,0.008763877551020408,25.075483487005272,15056.179660187987,0.0030618773421076683,-0.0006366700675934192,9666.659240107909,0.0002933299324065808,,,,0.043,0.004727228039991923,0.024727228039991923,0.018530059777217944,,,,,,,,
ulb,M1,CONF-FIXED,methods,,,4,71,,,0.00030722505551995647,0.0033547615084773257,,,,,37007.84646400873,0.0025806884070114287,355.74561508541444,223.93628990846744,0.00013318239328760737,0.025600612244897958,0.0011740076311097588,4.058024667931953e-05,,,,,,,0.0,,,,,,,0.0,,,,,,,,,0.0,,,,,,0.0,0.0009658249978760793,1.0385215030925583,0.5221238938053098,0.2743362831858407,76753.75320302343,129715.80162671384,,,,,,,0.0,,,,,,227846.0,0.0,508.0,0.0,,,0.003914924993197159,,,,0.0021281039755351684,0.001364748771841091,74.27447887333835,-0.00042135300101729407,-0.0006756765005086471,10.253896863127864,0.025600612244897958,0.01199517006802721,40.843128831555475,25968.688663090565,0.003975507219886675,-0.0006113358401580575,13553.281786015665,0.0003186641598419426,,,,0.062,0.0020543700569683014,0.022054370056968302,0.018139445063771145,,,,,,,,
ulb,M1,CONF-FIXED,methods,,,5,73,,,0.0003291697023428105,0.0039892000218288495,,,,,38884.05819078982,0.002513741788443491,355.144288650865,631.2334165771267,0.00019958751912713726,0.023993702950152594,0.001059150818421982,2.1398845874770707e-05,,,,,,,0.0,,,,,,,0.0,,,,,,,,,0.0,,,,,,0.0,0.0009430378332476704,1.0140191755351293,0.45132743362831856,0.2920353982300885,76903.1929581813,138989.16069616372,,,,,,,0.0,,,,,,227846.0,0.0,499.0,0.0,,,0.003625255655135486,,,,0.0026414285714285715,0.0018771647453669927,74.27447887333835,-0.0004221279837480956,-0.0006760639918740478,10.253896863127864,0.023993702950152594,0.010437998046176677,40.843128831555475,22419.645118644934,0.003510691651848812,-0.0005731871037624646,14968.256232169411,0.00035681289623753544,,,,0.062,0.0012950852768975549,0.021295085276897555,0.017669829621762067,,,,,,,,
ulb,M1,CONF-FIXED,methods,,,6,79,,,0.0002852804086971024,0.0022016687154845444,,,,,42075.06365933459,0.002312099989947391,356.4838781062634,223.93628990846744,0.0001338508901084192,0.031196466088730238,0.001104353659891097,7.636960434971586e-05,,,,,,,0.0,,,,,,,0.0,,,,,,,,,0.0,,,,,,0.0,0.0009978700173620433,1.0729785132925196,0.5663716814159292,0.2920353982300885,76473.43482527438,141092.44785368894,,,,,,,0.0,,,,,,227846.0,0.0,515.0,0.0,,,0.002646524406836196,,,,0.002112596348884381,0.00135660429689117,74.27447887333835,-0.00041979591836734695,-0.0006748979591836735,10.253896863127864,0.031196466088730238,0.013010114546583547,48.72695150383066,21111.628396181128,0.004566835639585332,-0.0005983546564281798,13062.806479850198,0.00033164534357182034,,,,0.0415,0.0015408653213135198,0.02154086532131352,0.018894340914477323,,,,,,,,
ulb,M1,CONF-FIXED,methods,,,7,83,,,0.0003291697023428105,0.003527076053436566,,,,,56720.219698865505,0.002548454161357387,425.14262359335453,482.01766426892266,0.00019964064683569574,0.02253938775510204,0.0010378107178471575,-2.6799268209151922e-05,,,,,,,0.0,,,,,,,0.0,,,,,,,,,0.0,,,,,,0.0,0.000894254415381176,0.9615638875066408,0.584070796460177,0.2920353982300885,94334.00682994665,146866.9829985237,,,,,,,0.0,,,,,,227846.0,0.0,482.0,0.0,,,0.004634709408986771,,,,0.0021312244897959184,0.0016220627045506661,86.10021288175113,-0.00042341438703140833,-0.0006767071935157042,10.253896863127864,0.02253938775510204,0.00927408163265306,25.075483487005272,26076.375673090668,0.003107719025638682,-0.0005922482793780271,11055.393793721545,0.00033775172062197297,,,,0.0665,0.0027214873203830654,0.022721487320383066,0.018086777911396294,,,,,,,,
ulb,M1,CONF-FIXED,methods,,,8,89,,,0.000408170430905085,0.0028370182527385477,,,,,51778.23003408056,0.0028501492136941285,400.23238102072673,223.93628990846744,0.00013365410318096765,0.017947551020408164,0.001050023130533776,9.445200510998157e-06,,,,,,,0.0,,,,,,,0.0,,,,,,,,,0.0,,,,,,0.0,0.0009305863141176208,1.0006304452877641,0.6637168141592921,0.30973451327433627,87705.65613851484,142933.73675469458,,,,,,,0.0,,,,,,227846.0,0.0,491.0,0.0,,,0.007654292811811487,,,,0.0031516326530612246,0.0028983546309228492,74.27447887333835,-0.0004205756495160469,-0.0006752878247580235,10.253896863127864,0.017947551020408164,0.006723061224489796,40.843128831555475,22831.379373039337,0.002971292740903273,-0.000572975543824752,12872.110441486468,0.000357024456175248,,,,0.0635,0.006254575458862564,0.026254575458862565,0.01860028264705108,,,,,,,,
ulb,M1,CONF-FIXED,methods,,,9,97,,,0.0003467254198010937,0.0033319318587726886,,,,,49055.1162177091,0.0025475998927326363,414.18111358552056,1386.3078101246483,0.0002660105074150429,0.03478428571428571,0.0011350101923263405,9.028729387125201e-05,,,,,,,0.0,,,,,,,0.0,,,,,,,,,0.0,,,,,,0.0,0.0010108238661776544,1.086907382986725,0.6283185840707964,0.2831858407079646,91128.80220440277,140662.7422448215,,,,,,,0.0,,,,,,227846.0,0.0,510.0,0.0,,,0.004191427543165121,,,,0.001621020408163265,0.0011115980488211625,74.27447887333835,-0.000423157627977699,-0.00042418103508930384,10.253896863127864,0.03478428571428571,0.013695850340136054,25.075483487005272,25781.670662462675,0.004296160877513711,-0.000598432899107957,14905.707514106352,0.00033156710089204304,,,,0.0495,0.0025678747926230865,0.022567874792623087,0.01837644724945797,,,,,,,,
ulb,M1,CONF-FIXED,methods,,,10,101,,,0.0003818368547176602,0.004280279951145368,,,,,51351.64180132303,0.0020450583344508513,406.46168207167165,1065.517292733981,0.0002654456168292521,0.02764142857142857,0.0010286483936706669,-9.071182399304045e-06,,,,,,,0.0,,,,,,,0.0,,,,,,,,,0.0,,,,,,0.0,0.0009119519347686145,0.980593478245822,0.6017699115044248,0.2920353982300885,89739.96528934294,141093.68281540315,,,,,,,0.0,,,,,,227846.0,0.0,490.0,0.0,,,0.0051877145089226934,,,,9.145045965270682e-05,9.092931145900649e-05,74.27447887333835,8.368474404460207e-05,-0.000423157627977699,18.13771953540305,0.02764142857142857,0.011314897959183673,48.72695150383066,23602.832958761937,0.004066526546650827,-0.0006113520868251834,13719.97323652399,0.0003186479131748166,,,,0.0635,0.0030199345171738785,0.02301993451717388,0.017832220008251187,,,,,,,,
ulb,M1,CONF-FIXED,methods,,,11,103,,,0.0003160029142490981,0.0033025868112765335,,,,,45253.55504109036,0.0026152556580050293,377.5406699386608,1247.5456218601335,0.00026624068157614486,0.030702653061224487,0.001109535755861649,3.602351141229908e-05,,,,,,,0.0,,,,,,,0.0,,,,,,,,,0.0,,,,,,0.0,0.0009569720331631056,1.0290021861968877,0.5929203539823009,0.2920353982300885,82177.06756356495,134362.52650205954,,,,,,,0.0,,,,,,227846.0,0.0,499.0,0.0,,,0.004472319022497652,,,,9.040816326530616e-05,-0.00016443330345417023,74.27447887333835,8.368474404460207e-05,-0.0001693505213787142,18.13771953540305,0.030702653061224487,0.011484965986394556,40.843128831555475,20558.928673843573,0.003839473443642015,-0.0006240629083144779,15117.038226770892,0.0003059370916855222,,,,0.0455,0.0026951537441956414,0.022695153744195642,0.01822283472169799,,,,,,,,
ulb,M1,CONF-FIXED,methods,,,12,107,,,0.00029844719679081484,0.003968905691671261,,,,,51433.07002810244,0.00251407884151247,352.2480023996203,223.93628990846744,0.00013298756566261055,0.01896795918367347,0.0010810883069842317,-2.7213693181804042e-05,,,,,,,0.0,,,,,,,0.0,,,,,,,,,0.0,,,,,,0.0,0.0008938787185354692,0.9611599124037302,0.4778761061946903,0.2831858407079646,76313.73445576252,143888.92026520352,,,,,,,0.0,,,,,,227846.0,0.0,487.0,0.0,,,0.00331803059961553,,,,0.0011108163265306124,0.0006008726859809774,86.10021288175113,-0.00042469429004547753,-0.0006773471450227388,10.253896863127864,0.01896795918367347,0.009104013605442177,40.843128831555475,17208.49859271536,0.003469052400949425,-0.0006305701908068678,7448.229545036239,0.00029942980919313224,,,,0.0565,0.0010229716562941624,0.021022971656294163,0.017704941056678632,,,,,,,,
ulb,M1,CONF-FIXED,methods,,,13,109,,,0.0005266715237484968,0.00292381130827071,,,,,54878.36104689854,0.0025145845906256285,420.8881499993901,370.4655000389771,0.0002668801708033093,0.027131224489795918,0.001146437133496534,0.00010429185960898978,,,,,,,0.0,,,,,,,0.0,,,,,,,,,0.0,,,,,,0.0,0.0010292025023045186,1.1066693573166866,0.672566371681416,0.3185840707964602,92521.62793929785,144799.1105672614,,,,,,,0.0,,,,,,227846.0,0.0,508.0,0.0,,,0.01595375824021488,,,,0.0026414285714285715,0.0016218021304538158,90.04212421788873,8.936799184505609e-05,-0.000420316004077472,18.13771953540305,0.027131224489795918,0.013018446011005323,40.843128831555475,25361.58212852216,0.004437328453796889,-0.0005856122448979592,11911.219263838177,0.0003443877551020408,,,,0.0625,0.014615485898369949,0.03461548589836995,0.018661727658155068,,,,,,,,
ulb,M1,CONF-FIXED,methods,,,14,113,,,0.0003950036428113726,0.003533969164140704,,,,,40456.777314142346,0.0025147532188841202,384.85281040507664,710.4604120238454,0.000266187529114261,0.02917204081632653,0.001084575075379379,4.9548136453476286e-05,,,,,,,0.0,,,,,,,0.0,,,,,,,,,0.0,,,,,,0.0,0.0009704005473595715,1.0434414487737327,0.6106194690265486,0.3274336283185841,83959.09169181877,136688.50947069054,,,,,,,0.0,,,,,,227846.0,0.0,505.0,0.0,,,0.006587782976220781,,,,0.0021312244897959184,0.0018774253194638428,90.04212421788873,-0.00042290060851926984,-0.000676450304259635,10.253896863127864,0.02917204081632653,0.011145524441527504,25.075483487005272,27956.60854687322,0.003932327389117513,-0.0005985744878838482,14835.245418779372,0.0003314255121161519,,,,0.052,0.004744783757450206,0.024744783757450206,0.018157000781229428,,,,,,,,
ulb,M1,CONF-FIXED,methods,,,15,127,,,0.0003379475610719521,0.004415880433163924,,,,,48700.63131049485,0.002581207468740572,342.2331249623822,249.20711890897405,0.0002655337227827934,0.019988367346938776,0.001025891972464454,-4.695167332440378e-06,,,,,,,0.0,,,,,,,0.0,,,,,,,,,0.0,,,,,,0.0,0.0009204523621220448,0.9897337227118761,0.4690265486725664,0.3008849557522124,73867.08636283397,126777.64593748089,,,,,,,0.0,,,,,,227846.0,0.0,491.0,0.0,,,0.004187038613800549,,,,0.000600612244897959,0.0003457706451646508,74.27447887333835,-0.0004239271255060729,-0.0006769635627530365,10.253896863127864,0.019988367346938776,0.008592770411626973,40.843128831555475,13280.219287960339,0.003197369022061846,-0.0005797149953826068,11637.028645469816,0.00035028500461739326,,,,0.072,0.001593532473688368,0.02159353247368837,0.01740649385988782,,,,,,,,
ulb,M1,CONF-FIXED,methods,,,16,131,,,0.0003642811372593769,0.003490822354111507,,,,,36508.65226233275,0.002379994636631805,312.3649477022393,400.62410254986975,0.0001997070962588204,0.023049591836734693,0.0010781278144217725,-1.352690269960113e-05,,,,,,,0.0,,,,,,,0.0,,,,,,,,,0.0,,,,,,0.0,0.0009078590179917085,0.9761924924642026,0.6460176991150443,0.2920353982300885,65968.79546611474,133484.13204884878,,,,,,,0.0,,,,,,227846.0,0.0,489.0,0.0,,,0.006061111452472284,,,,0.0031516326530612246,0.0016215415563569657,74.27447887333835,-0.00042341438703140833,-0.0006767071935157042,10.253896863127864,0.023049591836734693,0.010465686401155664,40.843128831555475,19565.948019907337,0.0036115936728536163,-0.0006112749003984064,9493.571081324784,0.00031872509960159364,,,,0.0465,0.004319057609086838,0.024319057609086838,0.018257946156614555,,,,,,,,
ulb,M1,CONF-FIXED,methods,,,17,137,,,0.0002457800444159652,0.005358394291252836,,,,,42596.89414542394,0.0026099176872114035,345.30984657161594,407.4357869100886,0.0002652519893899204,0.01986107505070994,0.0010129723531633944,-2.9187591484124482e-06,,,,,,,0.0,,,,,,,0.0,,,,,,,,,0.0,,,,,,0.0,0.000923575262460458,0.9930916800650086,0.20353982300884957,0.3185840707964602,75364.03000214988,127530.93784660296,,,,,,,0.0,,,,,,227846.0,0.0,493.0,0.0,,,0.001790683180744889,,,,0.002628718861209964,0.002379971675502941,74.27447887333835,-0.0004252044422009087,-0.0006776022211004544,10.253896863127864,0.01986107505070994,0.009561149094925956,40.843128831555475,16433.6824961381,0.0031847133757961785,-0.0005800893862567835,15926.017573677771,0.0003499106137432165,,,,0.0555,0.0,0.01785855358443861,0.016067870403693722,,,,,,,,
ulb,M1,CONF-FIXED,methods,,,18,139,,,0.00047839330073821794,0.0028649545549222786,,,,,62027.804422709225,0.0025479415314469626,428.9476037112259,223.93628990846744,0.00013340448239060833,0.021518979591836733,0.0010964495269888991,2.7388685562639507e-05,,,,,,,0.0,,,,,,,0.0,,,,,,,,,0.0,,,,,,0.0,0.0009486604645751388,1.0200650156721922,0.6902654867256637,0.3185840707964602,94764.61067603076,146752.31247022317,,,,,,,0.0,,,,,,227846.0,0.0,496.0,0.0,,,0.013509124584148942,,,,0.002645076608784474,0.00136774238602489,86.10021288175113,-0.0004216115912557194,-0.0006758057956278597,10.253896863127864,0.021518979591836733,0.010465599587461323,48.72695150383066,20104.521730149274,0.0037504573728503474,-0.0005983440802607326,12408.348233263781,0.0003316559197392674,,,,0.063,0.012223519394678865,0.032223519394678865,0.01871439481052992,,,,,,,,
ulb,M1,CONF-FIXED,methods,,,19,149,,,0.0003950036428113726,0.003005525884218595,,,,,53631.684148737055,0.002548112385167304,417.39163693574733,2846.798751726482,0.00020026702269692923,0.026621020408163266,0.0011335042706759819,8.138407676740818e-05,,,,,,,0.0,,,,,,,0.0,,,,,,,,,0.0,,,,,,0.0,0.001002017454786199,1.0774381234260204,0.6548672566371682,0.2743362831858407,91871.3350651234,143847.17577158497,,,,,,,0.0,,,,,,227846.0,0.0,514.0,0.0,,,0.007009120195219578,,,,0.0006013935681470138,9.079882488983342e-05,74.27447887333835,-0.000420316004077472,-0.0006751580020387361,10.253896863127864,0.026621020408163266,0.012336434700475393,40.843128831555475,17373.538945076692,0.004208022686731007,-0.0005921621621621622,18019.313219583164,0.00033783783783783786,,,,0.0645,0.005473346031968963,0.025473346031968963,0.018464225836749382,,,,,,,,
ulb,M2,COST-THRESH,methods,,,0,11,0.34132692710883805,0.3257242643044851,0.011494606005810943,0.003373832147993119,0.0,0.8798626434886987,0.1201373565113013,,68526.54995055213,0.0029160382101558573,499.9858976233989,223.93628990846744,0.0001332001332001332,0.02696046653144016,0.0011776545094769897,4.90104960275145e-05,11997.574722594958,20038.946973126633,327.3904590489696,0.6362068965517241,211.0,0.0,911.0,1.0,0.27241379310344827,1.0,621.0,79.0,0.31833150384193193,0.0,0.6282467532467533,112.83721199693821,112.83721199693821,48.288413867685335,0.0,229.0,0.0,0.7435064935064936,911.0,1.0,0.2564935064935065,1.0,603.0,79.0,0.0,0.0009766419793277449,1.0501526659438116,0.40707964601769914,0.30973451327433627,100422.73278011093,154986.12819646872,4.4903632265827917e-05,0.00013027952907841657,0.053966294206639585,,,,0.0867178924259056,3.9476625893031434,0.0026939956178682637,0.0034640728983647753,0.0008774997406696469,0.9442790321121826,227846.0,0.0,508.0,226.0,0.9802414928649835,0.3380900109769484,0.003831535335270314,,,,0.0031558018386108272,0.0028986152050196994,90.04212421788873,-0.000423157627977699,-0.0006765788139888496,10.253896863127864,0.02696046653144016,0.010793083560141574,40.843128831555475,19512.494496836305,0.0037414160549372483,-0.0006207236422445732,12159.752042814023,0.00030927635775542683,,,1.2770098111331516,0.0865,0.001654977484792361,0.02165497748479236,0.017823442149522046,0.0015707629878643832,0.0006326781313538032,0.0,0.0,26.60499606281519,29.32585481321439,0.0007681204090993465,0.013488947897425814
ulb,M2,COST-THRESH,methods,,,1,23,0.3220622067191914,0.41488497859273055,0.0003247807729782397,0.0026884709606381637,0.0,0.8784566383589076,0.12154336164109235,,34357.1132936634,0.0025811209439528023,334.69788035200986,279.5217141914748,0.00020074946466809422,0.02147325865580448,0.0011068202545824564,2.5886170698402257e-05,12008.968503986023,20145.265108826432,319.6010003955666,0.5,255.0,0.0,911.0,,0.0,1.0,656.0,0.0,0.27991218441273324,0.0,0.5,,,,0.0,283.0,0.0,1.0,911.0,,0.0,1.0,628.0,0.0,0.0,0.0009482022175408465,1.0195722769256415,0.4336283185840708,0.2831858407079646,71405.5749963561,124100.43386425725,3.929193195238319e-05,0.00011240770145764702,0.04535926741099462,,,,0.0,3.3558789509370017,0.0022167151967604675,0.0030863409181934977,0.000919681836954147,0.9561832505490753,227846.0,0.0,497.0,243.0,0.969264544456641,0.3106476399560922,0.0028703598044293073,,,,0.004687977528089887,0.0023891928456775966,74.27447887333835,-0.00041979591836734695,-0.0006748979591836735,10.253896863127864,0.02147325865580448,0.010427253393058084,25.075483487005272,23352.377897680097,0.0036900369003690036,-0.0006048568732706849,13416.56209082112,0.00032514312672931515,,,1.3751201178573766,0.0505,0.0012643627713455584,0.02126436277134556,0.01839400296691625,,0.0006971065083678226,0.0,0.0,27.111499977763742,29.756115563213815,0.0007784613431866715,0.013456695629958632
ulb,M2,COST-THRESH,methods,,,2,37,0.34965901807569616,0.31228607962714267,0.001860906050578022,0.0025603339107454865,0.0,0.8777179666796145,0.12228203332038558,,47857.76770043612,0.0023486780297946584,385.4274290730412,1488.9856700593432,0.0004013646397752358,0.023968373983739837,0.0010947471395716965,3.9909669565023516e-05,12061.566159136803,20144.93021414517,328.8870534447044,0.5355191256830601,170.0,0.0,911.0,1.0,0.07103825136612021,1.0,728.0,13.0,0.20087815587266739,0.0,0.5355191256830601,46.317458199616624,46.317458199616624,46.317458199616624,0.0,170.0,0.0,0.9289617486338798,911.0,1.0,0.07103825136612021,1.0,728.0,13.0,0.0,0.0009632184937950808,1.035718810532345,0.4690265486725664,0.2920353982300885,82408.34945557821,135993.37025419,3.70584724868387e-05,0.00010368247350733714,0.03933219381005742,,,,0.014270032930845226,3.5022751702318082,0.002871281890558118,0.003140354835119722,0.0008966613651068052,0.9454250553196961,227846.0,0.0,500.0,239.0,1.0,0.20087815587266739,0.0035725885027606367,,,,0.0026432516590096985,0.0016219319519538288,74.27447887333835,-0.00041979591836734695,-0.0006748979591836735,10.253896863127864,0.023968373983739837,0.011609659413225696,25.075483487005272,22295.804190518313,0.0040078334927358015,-0.0006041214057507988,10765.791894564423,0.00032587859424920126,,,1.1080972384929768,0.0615,0.002058758986332874,0.022058758986332874,0.018486170483572237,0.001512680433619366,0.0006993849020915754,0.0,0.0,26.741335983388126,28.941746026976034,0.0007656385233957492,0.013476366956573144
ulb,M2,COST-THRESH,methods,,,3,53,0.2922866010759855,0.45461511015460565,0.009897035717107169,0.002856834686288089,0.0,0.8760100486576508,0.12398995134234918,,37961.89825516365,0.0026144667158275793,322.2929498939126,223.93628990846744,0.0001334668001334668,0.01850364797334814,0.0010696268548882374,-8.038654466624331e-05,12040.33135741329,20068.50751518705,339.92848462036943,0.6972222222222222,109.0,0.0,911.0,1.0,0.39444444444444443,1.0,731.0,71.0,0.19758507135016465,0.0,0.6961325966850829,0.49273891701716366,0.49273891701716366,0.49273891701716366,0.0,110.0,0.0,0.6077348066298343,911.0,1.0,0.39226519337016574,1.0,730.0,71.0,0.0,0.0008265395993767078,0.8887522573943094,0.5309734513274337,0.2743362831858407,58011.71369398727,125077.02846316222,3.5257850485719005e-05,0.00011140426559660858,0.04374252141054992,,,,0.07793633369923161,4.1290728836363995,0.0016793361794789022,0.0031523473086970816,0.0007634516022204157,0.9435159175928289,227846.0,0.0,477.0,210.0,0.9989023051591658,0.1986827661909989,0.004055370732863425,,,,0.0026414285714285715,0.0016218021304538158,74.27447887333835,-0.000421869918699187,-0.0006759349593495935,10.253896863127864,0.01850364797334814,0.008315209620396908,25.075483487005272,10228.515364461573,0.002852786385322906,-0.0006420092157050975,9597.36378445357,0.0002879907842949026,,,1.7542171864587157,0.0445,0.0024274290529568213,0.02242742905295682,0.018372058320093396,0.0013957892770652765,0.0005551400777222957,0.0,0.0,26.918831979855895,29.20166440308094,0.0007553964672628026,0.01350821774210543
ulb,M2,COST-THRESH,methods,,,4,71,0.22790591173038185,0.3387762238673179,0.015054027720477866,0.0025724028916886527,0.0,0.8769241142776538,0.12307588572234611,,37007.84646400873,0.0025798237678828695,415.5255390152872,223.93628990846744,0.00013368983957219252,0.02740333333333333,0.0011871299286054442,4.958255911882968e-05,12045.066862131584,20144.156865129255,321.19580399684577,0.7469499735109362,74.0,71.0,911.0,0.601123595505618,0.5911602209944752,0.9027397260273973,659.0,107.0,0.1986827661909989,0.0,0.7452591989629027,0.0,0.0,0.0,0.09739368998628258,75.0,71.0,0.41208791208791207,911.0,0.601123595505618,0.5879120879120879,0.9026063100137174,658.0,107.0,0.0,0.0009582372068520773,1.0303625880129863,0.4778761061946903,0.26548672566371684,74963.22193678806,129715.80162671384,4.264410726116154e-05,0.00012132978233027549,0.050931262158405405,,,,0.19538968166849616,3.907027746541293,0.002571365162887989,0.003403479774416766,0.0008711173800671638,0.9485515663853687,227846.0,0.0,508.0,234.0,0.9989023051591658,0.19978046103183314,0.003497976703562933,,,,0.0021265461029037185,0.0013639698355253662,74.27447887333835,-0.00042005609382967876,-0.0006750280469148395,10.253896863127864,0.02740333333333333,0.012710488829207183,29.01739482314275,23739.291968858633,0.004027900579624717,-0.0006074838580670964,13992.14721401222,0.00032251614193290376,,,1.3099395278990942,0.0645,0.002019258622051736,0.022019258622051736,0.018521281918488803,0.0013710237551912176,0.0004820068542584402,0.0,0.0,26.90566796809435,30.380060838069763,0.000771182784139046,0.013471193705163767
ulb,M2,COST-THRESH,methods,,,5,73,0.3338797546869062,0.31926542115281475,0.0158308682180069,0.0034342754385183814,0.0,0.877867389044434,0.12213261095556603,,38884.05819078982,0.002512226167347759,410.8405579404849,631.2334165771267,0.0002000133342222815,0.024825879059350502,0.0010568063013162733,2.5324277169691072e-05,11962.705172517684,20043.46800756495,321.05830924777297,0.6693765036086607,119.0,75.0,911.0,0.5614035087719298,0.44651162790697674,0.8922413793103449,621.0,96.0,0.23600439077936333,0.0,0.6604547375430598,25.622423684894272,25.622423684894272,0.0,0.10703812316715543,131.0,73.0,0.5720524017467249,911.0,0.5730994152046783,0.4279475982532751,0.8929618768328446,609.0,98.0,0.0,0.0009312594261624844,1.0013542216800906,0.49557522123893805,0.2920353982300885,73136.01952143706,138989.16069616372,3.619635055892547e-05,0.00010645900157385876,0.04044300930992804,,,,0.1877058177826564,3.425791846064355,0.0027634181785147075,0.003022452367075146,0.0008822638685848423,0.9468782248642629,227846.0,0.0,499.0,245.0,0.9846322722283205,0.2513721185510428,0.003454087409917225,,,,0.0026377879714576963,0.0018753444453815551,74.27447887333835,-0.000420316004077472,-0.0006751580020387361,10.253896863127864,0.024825879059350502,0.010582370544372737,40.843128831555475,18247.72243716829,0.0032698056801195815,-0.0005595598260880869,15373.005476901808,0.00037044017391191323,,,1.1097296351023949,0.0695,0.0014794203102095269,0.021479420310209527,0.018025332900292304,0.001234864872896285,0.0005644377108254193,0.0,0.0,27.441504003945738,30.403968383325264,0.0007785981991136071,0.01347834609191402
ulb,M2,COST-THRESH,methods,,,6,79,0.39103452279568585,0.36751132904248546,0.0006846729808730459,0.0028068342637339308,0.0,0.8791624647734679,0.12083753522653194,,51359.094789299874,0.0023443517867309687,394.19532206839455,223.93628990846744,0.0001338508901084192,0.031131068702290078,0.001105300221031226,8.619024057844164e-05,11973.02854838204,20106.890860575557,318.21002145650954,0.510989010989011,178.0,0.0,911.0,1.0,0.02197802197802198,1.0,729.0,4.0,0.19978046103183314,0.0,0.5105263157894737,69.96892621644207,69.96892621644207,7.883822672275187,0.0,186.0,0.0,0.9789473684210527,911.0,1.0,0.021052631578947368,1.0,721.0,4.0,0.0,0.001006562789386802,1.0823255799858085,0.40707964601769914,0.2920353982300885,85771.89818900597,141092.44785368894,4.467947335687414e-05,0.00011251379052233932,0.05174739145640141,,,,0.0043907793633369925,3.2877946544796983,0.0025649184686630353,0.0030991955591573306,0.0009426365953039686,0.9536646756786883,227846.0,0.0,515.0,261.0,0.991218441273326,0.20856201975850713,0.0018652949799425928,,,,0.0021095136778115503,0.0013550629613547547,74.27447887333835,-0.00041979591836734695,-0.0006748979591836735,10.253896863127864,0.031131068702290078,0.013158209994672826,48.72695150383066,21120.97062994743,0.004577916132576451,-0.000592179389118352,13067.896479850197,0.00033782061088164807,,,1.2016927754000362,0.0395,0.00011007434846343686,0.020110074348463437,0.01824477936852084,0.0017952188043830095,0.0007287100683388191,0.0,0.0,27.21666800789535,31.030798057327026,0.0007738795830391441,0.013457084154238498
ulb,M2,COST-THRESH,methods,,,7,83,0.2798323404206065,0.3074779280536076,0.026965582015923036,0.0028910909843251247,0.0,0.8745880033641343,0.12541199663586555,,56718.48644584764,0.0025889744209327214,543.1292112628477,482.01766426892266,0.00020053475935828877,0.022815277927684834,0.0010556524719765718,-3.210696380099004e-05,12025.738884031782,20107.153889653862,323.67834952047593,0.7816038874803815,91.0,49.0,911.0,0.7655502392344498,0.6374501992031872,0.9257575757575758,611.0,160.0,0.27552140504939626,0.0,0.7916642940928607,12.318472925429944,12.318472925429944,30.54981285506625,0.052050473186119876,101.0,33.0,0.36462093862815886,911.0,0.8421052631578947,0.6353790613718412,0.9479495268138801,601.0,176.0,0.0,0.000882835741972862,0.9492857440568407,0.5486725663716814,0.26548672566371684,93572.87721911512,146866.9829985237,3.748312063079148e-05,0.00011458801793936388,0.0463687867249366,,,,0.22941822173435786,3.854104128061003,0.002580137143029189,0.003057596557255973,0.0007933352228327695,0.95319613203797,227846.0,0.0,482.0,229.0,0.9714599341383096,0.3040614709110867,0.0035330881384794993,,,,0.0021312244897959184,0.0016215412903293016,70.33256753720082,-0.00042005609382967876,-0.0006750280469148395,10.253896863127864,0.022815277927684834,0.009316445491649644,21.13357215086762,23689.59960483637,0.003043478260869565,-0.0005963439143746893,12682.773504162185,0.00033365608562531076,,,1.1877757432691665,0.0705,0.002058758986332874,0.022058758986332874,0.018525670847853375,0.001207797179577554,0.00047479366247539127,0.0,0.0,27.18066400848329,31.552782014477994,0.0007751534348459796,0.01348012487498794
ulb,M2,COST-THRESH,methods,,,8,89,0.3248342240066587,0.38881941485059385,0.01736699349560668,0.002537331885533529,0.0,0.875327672031418,0.12467232796858209,,51778.23003408056,0.0028502447857286567,466.10178221112966,223.93628990846744,0.00013395847287340923,0.017393153803442533,0.0010473197134440826,-2.3252143342598093e-05,12029.280741141982,20139.73058819501,318.1022018630148,0.7568797441742094,125.0,36.0,911.0,0.8226600985221675,0.571917808219178,0.9418416801292407,583.0,167.0,0.3205268935236004,0.0,0.7638532553271429,55.67949762294336,55.67949762294336,0.0,0.04326123128119801,133.0,26.0,0.4290322580645161,911.0,0.8719211822660099,0.5709677419354838,0.956738768718802,575.0,177.0,0.0,0.0008923327672787037,0.9594975992244126,0.5663716814159292,0.3008849557522124,85131.23809854622,142933.73675469458,3.688370592162459e-05,0.00011589639788927656,0.042823303078355905,,,,0.22283205268935236,3.367196251846125,0.0022325600566110142,0.002922937452400044,0.0008680626948303033,0.9505459350341022,227846.0,0.0,491.0,239.0,0.9802414928649835,0.3402854006586169,0.004331873282831386,,,,0.0031516326530612246,0.0028983546309228492,74.27447887333835,-0.00041979591836734695,-0.0006748979591836735,10.253896863127864,0.017393153803442533,0.006271211646891997,32.959306159280345,19814.687160501493,0.0027369141293191925,-0.0005868157683441685,13314.38461405569,0.0003431842316558315,,,1.286865262261213,0.068,0.0029409337886116063,0.022940933788611607,0.01860906050578022,0.0012958257325125014,0.0004926868808892343,0.0,0.0,27.72616397123784,32.333386817481355,0.0007751684155116478,0.013469817114326267
ulb,M2,COST-THRESH,methods,,,9,97,0.3609066751042228,0.3599856201940176,0.011718441403404053,0.0032208529623858548,0.0,0.8759930892509615,0.12400691074903848,,45166.580404653774,0.002487980365127929,443.10738634844216,1386.3078101246483,0.000266435755678412,0.03555424543946932,0.0011396673397676713,8.225434853898197e-05,11994.198415505838,20032.429135016682,331.3924858790229,0.49064829192546583,169.0,39.0,911.0,0.13333333333333333,0.03428571428571429,0.9470108695652174,697.0,6.0,0.19209659714599342,0.0,0.4905148423005566,36.95541877628983,36.95541877628983,0.4927389170172205,0.053061224489795916,170.0,39.0,0.9659090909090909,911.0,0.13333333333333333,0.03409090909090909,0.9469387755102041,696.0,6.0,0.0,0.000981700558709765,1.0555919986126503,0.5575221238938053,0.2743362831858407,85896.09401093093,140662.7422448215,4.2152226037957976e-05,0.0001112452330112467,0.04485825916410618,,,,0.04939626783754116,3.9379214358393995,0.0023696254347735537,0.003359169382317603,0.0008530310817644763,0.9369485200478324,227846.0,0.0,510.0,234.0,0.9989023051591658,0.19319429198682767,0.0035330881384794993,,,,0.001621020408163265,0.0011112069881551393,70.33256753720082,-0.0004226433282597667,-0.0004236688091526221,10.253896863127864,0.03555424543946932,0.01410040415178352,25.075483487005272,24504.852494320483,0.0042056516397315944,-0.0006076834464664436,14838.353301832025,0.0003223165535335564,,,1.383519388543256,0.0505,0.0016637553435215023,0.021663755343521503,0.018130667205042,0.0009276004061977877,0.0007076008668477065,0.0,0.0,27.143499988596886,30.105151270981878,0.000774556193433083,0.01349856566146733
ulb,M2,COST-THRESH,methods,,,10,101,0.3067839760925456,0.3456894990398413,0.02720258420160986,0.0033613498131512113,0.0,0.8776406221853494,0.12235937781465077,,51351.64180132303,0.002078718691429545,510.3886881892014,1065.517292733981,0.00026657780739753413,0.026186768123962367,0.001022157137926461,-5.842338047312729e-05,12031.764039059817,20030.66693133864,338.7776384814213,0.8854293854293854,8.0,135.0,911.0,0.5631067961165048,0.9560439560439561,0.8148148148148148,594.0,174.0,0.19978046103183314,0.0,0.8799787692123677,0.0,0.0,0.0,0.1856946354883081,10.0,135.0,0.05434782608695652,911.0,0.5631067961165048,0.9456521739130435,0.8143053645116919,592.0,174.0,0.0,0.0008504613178013046,0.91447453527022,0.4778761061946903,0.2743362831858407,85441.3418122602,141093.68281540315,3.49164650946364e-05,9.249812507257859e-05,0.0424686288527209,,,,0.3391877058177827,4.2141343008516845,0.0021629934015840622,0.0031510098002243865,0.0007477241054200768,0.9562682192790903,227846.0,0.0,490.0,215.0,0.9978046103183315,0.20197585071350166,0.004292372918550249,,,,9.145045965270682e-05,9.092931145900649e-05,70.33256753720082,8.57440325038089e-05,-0.0004221279837480956,18.13771953540305,0.026186768123962367,0.01048917138374582,32.959306159280345,19375.030199989247,0.0036815236599253877,-0.000635510873192982,13649.15251821393,0.000294489126807018,,,1.4076202044397317,0.072,0.0023703729712174007,0.0223703729712174,0.018078000052667152,0.0011394198626833464,0.0003340096004524145,0.0,0.0,27.61033596470952,30.16541635734029,0.0007553618125789663,0.013520259014057458
ulb,M2,COST-THRESH,methods,,,11,103,0.3088026933857591,0.35902235966359775,0.003449698480552654,0.002901022096354977,0.0,0.878459406289232,0.1215405937107678,,45253.55504109036,0.002615167974250654,386.73024383916857,1247.5456218601335,0.0002673082063619353,0.03017173958882446,0.001114640279123097,2.4618193162566644e-05,12066.163046345699,20113.64837723736,337.7773082120433,0.49794079395553353,233.0,25.0,911.0,0.24242424242424243,0.03319502074688797,0.9626865671641791,645.0,8.0,0.2645444566410538,0.0,0.5237058683206106,32.028029606117855,32.028029606117855,1.9709556680688252,0.022900763358778626,238.0,15.0,0.9296875,911.0,0.5454545454545454,0.0703125,0.9770992366412213,640.0,18.0,0.0,0.0009377327506528235,1.0083147856481973,0.4778761061946903,0.2920353982300885,80968.83421733978,134362.52650205954,4.1494429488866434e-05,0.00012586739573009278,0.046131084741374624,,,,0.036223929747530186,3.66435187684614,0.002460868977659648,0.003237480486688184,0.0008835069871823122,0.9466162288615623,227846.0,0.0,499.0,233.0,0.9835345773874863,0.2810098792535675,0.0034321427630943707,,,,9.040816326530616e-05,-0.00016443330345417023,74.27447887333835,9.040816326530616e-05,-0.0001646938775510204,18.13771953540305,0.03017173958882446,0.011198307504589914,40.843128831555475,19379.46732771499,0.0036719144443934457,-0.0006292981490841391,15088.266226674294,0.00030070185091586105,,,1.3035873419974473,0.05,0.0017866453657294848,0.021786645365729485,0.018354502602635114,0.0010940120429432207,0.0006728332525808868,0.0,0.0,27.753004047553986,33.08162837056443,0.0007484852094437838,0.013503828950650646
ulb,M2,COST-THRESH,methods,,,12,107,0.34544711797547556,0.4263623783113711,0.011744774979591479,0.0027787117407268246,0.0,0.8750907807317849,0.12490921926821527,,51433.07002810244,0.002528913915770307,407.414473053473,223.93628990846744,0.00013345789403443215,0.019256335403726708,0.0010845221314205015,-3.9368437861417723e-05,12005.475540944548,20075.490551544663,316.9568810294168,0.5,177.0,0.0,911.0,,0.0,1.0,734.0,0.0,0.1942919868276619,0.0,0.5,,,,0.0,178.0,0.0,1.0,911.0,,0.0,1.0,733.0,0.0,0.0,0.0008824168265575788,0.9488352973737406,0.4690265486725664,0.2831858407079646,77085.1187113644,143888.92026520352,3.8111148007666224e-05,0.00010906082864544602,0.04912569001335325,,,,0.0,4.3239734804766545,0.0017896545446012002,0.003299370639703696,0.0007630413679919214,0.9463620556795495,227846.0,0.0,487.0,208.0,0.9989023051591658,0.19538968166849616,0.003274141305969822,,,,0.0011108163265306124,0.0006008726859809774,74.27447887333835,-0.00042418310571573094,-0.0006770915528578655,10.253896863127864,0.019256335403726708,0.009088557087128885,40.843128831555475,16557.592754385438,0.0034278737791134484,-0.0006397616820922958,8870.519638968044,0.00029023831790770424,,,1.7263992366591823,0.062,0.0016461996260632161,0.021646199626063217,0.018372058320093396,,0.0006514175169895839,0.0,0.0,27.119336009491235,30.860983248567205,0.0007756472343044691,0.013480006585759504
ulb,M2,COST-THRESH,methods,,,13,109,0.296107413661464,0.34112624241924455,0.012126611834309138,0.0025264091835709946,0.0,0.8758800179670643,0.12411998203293582,,55313.771537517016,0.0025141631189031545,459.8359546505601,370.4655000389771,0.0002674511901577962,0.027159887640449437,0.0011574052369912103,7.507033375747895e-05,12029.983795744383,20128.926541141464,323.5984433025567,0.7478338976024321,97.0,22.0,911.0,0.8307692307692308,0.526829268292683,0.9688385269121813,684.0,108.0,0.22502744237102085,0.0,0.7184188537354248,44.3465025315478,44.3465025315478,0.0,0.030973451327433628,124.0,21.0,0.5321888412017167,911.0,0.8384615384615385,0.4678111587982833,0.9690265486725663,657.0,109.0,0.0,0.0009736040103428445,1.0468860326267144,0.5663716814159292,0.3008849557522124,89269.98123440826,144799.1105672614,4.38552242777106e-05,0.0001166908639226211,0.04916923133593907,,,,0.14270032930845225,3.632871983876621,0.0026448754661209943,0.003277709447289879,0.0009022364294247028,0.9492183060518676,227846.0,0.0,508.0,245.0,0.969264544456641,0.2557628979143798,0.006241057556419687,,,,0.0026414285714285715,0.0016218021304538158,74.27447887333835,9.040816326530616e-05,-0.00041979591836734695,18.13771953540305,0.027159887640449437,0.012909063810778854,40.843128831555475,20862.923920647336,0.004288421262591004,-0.0006094625227581609,12722.820276204946,0.0003205374772418391,,,1.2437429741634216,0.064,0.004911563073303898,0.0249115630733039,0.018670505516884213,0.001624267265126576,0.0005352522210114673,0.0,0.0,27.925000002142042,32.64920111978425,0.000760997758077015,0.013478128263504613
ulb,M2,COST-THRESH,methods,,,14,113,0.3290800649824371,0.38502028547639866,0.022107037209343153,0.0024176709336389914,0.0,0.8737231550804574,0.12627684491954277,,33993.511475575186,0.0024003516007978635,453.07952228083707,710.4604120238454,0.00026727248429774154,0.02856360044518642,0.0010908611733643973,2.390528081904497e-06,12048.747212333872,20118.76398214789,330.09045547932766,0.4803295435050453,157.0,101.0,911.0,0.1440677966101695,0.09770114942528736,0.8629579375848032,636.0,17.0,0.19099890230515917,0.0,0.4803295435050453,0.0,0.0,0.0,0.13704206241519673,157.0,101.0,0.9022988505747126,911.0,0.1440677966101695,0.09770114942528736,0.8629579375848032,636.0,17.0,0.0,0.0009105676176531149,0.9791049652184031,0.5663716814159292,0.2920353982300885,76449.51300395561,136688.50947069054,3.526860886891862e-05,9.71110212308149e-05,0.04131277714046287,,,,0.12952799121844127,4.040576222646966,0.0021636496402388018,0.003365997990409904,0.0008330490021556508,0.9314059388471244,227846.0,0.0,505.0,215.0,1.0,0.19099890230515917,0.004415262940758231,,,,0.0021312244897959184,0.0018774253194638428,74.27447887333835,-0.00041979591836734695,-0.0006748979591836735,10.253896863127864,0.02856360044518642,0.010918575157924014,25.075483487005272,26541.09547224128,0.0037670240509997104,-0.0006299230237321748,15204.445644115303,0.00030007697626782524,,,1.4861991763098557,0.058,0.0031296577512881507,0.02312965775128815,0.01871439481052992,0.0008684829396741266,0.0006188514757172554,0.0,0.0,28.21416809456423,31.569717603269964,0.0007578253568236216,0.013492186797376396
ulb,M2,COST-THRESH,methods,,,15,127,0.2959652357518402,0.34700091244636555,0.005775831043775182,0.0038641190366244596,0.0,0.8841748466311122,0.11582515336888785,,48700.63131049485,0.0025796509095782102,370.310807603796,249.20711890897405,0.00026647125441343016,0.0203789802130898,0.0010320374450645147,-5.0769577578483296e-06,11972.231640136586,20023.513356194097,322.9939146850852,0.596123404206858,222.0,4.0,911.0,0.9322033898305084,0.19855595667870035,0.9936908517350158,630.0,55.0,0.3040614709110867,0.0,0.5973597359735974,26.607901518928713,26.607901518928713,,0.0,244.0,0.0,0.8052805280528053,911.0,1.0,0.19471947194719472,1.0,608.0,59.0,0.0,0.0009255681460780173,0.9952345656752873,0.36283185840707965,0.3008849557522124,74744.87502120275,126777.64593748089,3.602288027483305e-05,0.00011545346096530546,0.04073100731559413,,,,0.06476399560922064,3.4748882696703105,0.0024460686698616076,0.0029494436743410287,0.0008487880603484455,0.9487516683251703,227846.0,0.0,491.0,250.0,0.9714599341383096,0.33260153677277715,0.00380959068844746,,,,0.000600612244897959,0.0003457706451646508,74.27447887333835,-0.0004216115912557194,-0.0006758057956278597,10.253896863127864,0.0203789802130898,0.008718047478039313,40.843128831555475,13281.605890374634,0.0032280063650829732,-0.0005832036914540399,12513.430701424288,0.0003467963085459601,,,1.2016017515105017,0.0865,0.0012073066896061378,0.021207306689606138,0.017397716001158678,0.0009635113125989647,0.0006419978692503553,0.0,0.0,27.816167974378914,30.994934821501374,0.0007766372757150369,0.013487309359336813
ulb,M2,COST-THRESH,methods,,,16,131,0.3664943965105049,0.3416199485468846,0.01735821563687754,0.0027807015095036272,0.0,0.8725669203203595,0.1274330796796405,,36508.65226233275,0.0023804734124589283,352.823568776874,400.62410254986975,0.0002002803925495694,0.0225075,0.0010691857395857135,-7.645066841169168e-05,12012.375430394126,20056.663188579158,324.26048645813256,0.5277803771113087,153.0,48.0,911.0,0.30434782608695654,0.1206896551724138,0.9348710990502035,689.0,21.0,0.19099890230515917,0.0,0.5277803771113087,0.0,0.0,0.0,0.06512890094979647,153.0,48.0,0.8793103448275862,911.0,0.30434782608695654,0.1206896551724138,0.9348710990502035,689.0,21.0,0.0,0.000833067783493422,0.8957718102079806,0.5663716814159292,0.25663716814159293,57103.11961707211,133484.13204884878,3.809223389865126e-05,0.00010950669022443326,0.05144404564459513,,,,0.07574094401756312,4.398731619844743,0.0021097122040783325,0.0031702528616066768,0.0007207197746059745,0.942342519856566,227846.0,0.0,489.0,210.0,1.0,0.19099890230515917,0.0043099286360085325,,,,0.0031516326530612246,0.0016215415563569657,74.27447887333835,-0.0004226433282597667,-0.0006763216641298834,10.253896863127864,0.0225075,0.009634392241778386,25.075483487005272,11547.780899011344,0.0031263738947779787,-0.0006385378965503841,8646.062353178164,0.00029146210344961593,,,1.451732424037346,0.0495,0.0028355994838619066,0.022835599483861907,0.018525670847853375,0.000954294455161899,0.0006035014516193416,0.0,0.0,27.704335981979966,34.42158548859878,0.0007692916046891035,0.013483615683155021
ulb,M2,COST-THRESH,methods,,,17,137,0.27948430684946984,0.30267608207182334,0.0014439577609437954,0.0038417248154340947,0.0,0.8826968694521526,0.11730313054784727,,42598.62739844181,0.002646743500402037,357.7862763048146,407.4357869100886,0.000266187529114261,0.01986107505070994,0.0010243228954390695,-1.6060262777009266e-06,11980.763695678477,20018.438497353505,324.29759335534874,0.5134660796905554,303.0,3.0,911.0,0.7692307692307693,0.03194888178913738,0.9949832775919732,595.0,10.0,0.34357848518111966,0.0,0.5194029850746269,66.02701488030448,66.02701488030448,12.318472925429944,0.0,322.0,0.0,0.9611940298507463,911.0,1.0,0.03880597014925373,1.0,576.0,13.0,0.0,0.0009260626233072515,0.9957662616207005,0.37168141592920356,0.3274336283185841,76424.47462741405,127530.93784660296,3.592426077252206e-05,0.00011212569232277482,0.04148926766971904,,,,0.014270032930845226,3.3134644384844623,0.0029319808615821353,0.0029405024713978684,0.0008874404798932497,0.9538924117944338,227846.0,0.0,493.0,248.0,0.9758507135016465,0.3677277716794731,0.002769414429044179,,,,0.0026377879714576963,0.002385287553875862,74.27447887333835,-0.0004226433282597667,-0.0006763216641298834,10.253896863127864,0.01986107505070994,0.009558820461575317,40.843128831555475,16433.6824961381,0.0031880493692216607,-0.0005853814735632918,16984.728945924064,0.00034461852643670823,,,1.020672888953049,0.061,0.00028124259368169854,0.0202812425936817,0.01751182816463752,0.0010574612472303334,0.0006848331373473452,0.0,0.0,27.856832079123706,34.92413442581892,0.0007772859749363791,0.01348154962516783
ulb,M2,COST-THRESH,methods,,,18,139,0.335959979392582,0.46083286791087025,0.019789682504849766,0.002693814612801258,0.0,0.8730834808349285,0.1269165191650716,,61723.54918795278,0.0024800589851866747,499.2106754037751,223.93628990846744,0.00013359161044686394,0.020510351841671246,0.0010703621728429015,-3.2464055794991395e-05,12025.978453570675,20096.671613279672,339.3813426637473,0.9833333333333334,6.0,0.0,911.0,1.0,0.9666666666666667,1.0,731.0,174.0,0.19758507135016465,0.0,0.9806629834254144,0.0,0.0,0.0,0.0,7.0,0.0,0.03867403314917127,911.0,1.0,0.9613259668508287,1.0,730.0,174.0,0.0,0.000880976834417437,0.9472869187284267,0.584070796460177,0.2831858407079646,90653.2478549984,146752.31247022317,3.919832368406113e-05,0.00011697076627450794,0.05303040160823771,,,,0.19099890230515917,4.060968749305684,0.001679699061646719,0.0031434356459783914,0.0007740605358058551,0.9331551540167665,227846.0,0.0,496.0,223.0,0.9989023051591658,0.1986827661909989,0.005635385304108916,,,,0.002645076608784474,0.00136774238602489,74.27447887333835,-0.00042083503054989827,-0.0006754175152749492,10.253896863127864,0.020510351841671246,0.00930101752047269,32.959306159280345,16667.446330657873,0.003389164497273933,-0.0006181233472161761,12038.316046479275,0.000311876652783824,,,1.7356317644245671,0.0605,0.004341002255909693,0.024341002255909693,0.01870561695180078,0.0014359463904585416,0.0004320594528511778,0.0,0.0,28.200832020957023,33.486718405038104,0.0007583315587625284,0.013490879810001497
ulb,M2,COST-THRESH,methods,,,19,149,0.31467533113418633,0.35909218804888227,0.025069564530428447,0.0023803212395682696,0.0,0.8761336810360959,0.12386631896390411,,53629.95089571919,0.002592823065753993,525.2607352911125,2846.798751726482,0.0002007226013649137,0.02608242571582928,0.0011423182113666514,6.048155659460713e-05,12037.89557388571,20166.338531925037,303.11052056632434,0.5385183501874786,198.0,52.0,911.0,0.4090909090909091,0.15384615384615385,0.9231905465288035,625.0,36.0,0.25686059275521406,0.0,0.5475658221559861,8.37656158929235,8.37656158929235,,0.07153502235469449,200.0,48.0,0.8333333333333334,911.0,0.45454545454545453,0.16666666666666666,0.9284649776453056,623.0,40.0,0.0,0.000968436319574806,1.041329375886888,0.49557522123893805,0.2743362831858407,90994.89834410857,143847.17577158497,4.001987846792747e-05,0.00012071310827299786,0.04177060941619129,,,,0.09659714599341383,3.8481507533010535,0.00248539472959903,0.003434420025246998,0.0008924858316168759,0.9483776376677425,227846.0,0.0,514.0,225.0,0.9934138309549945,0.26344676180021953,0.003555032785302353,,,,0.000600612244897959,9.040816326530605e-05,74.27447887333835,-0.00041979591836734695,-0.0006748979591836735,10.253896863127864,0.02608242571582928,0.012041910431788863,40.843128831555475,16521.90507474755,0.004010436799381523,-0.0006038612866824519,17996.24362191535,0.0003261387133175482,,,1.3593164546451804,0.064,0.002238705090280277,0.022238705090280277,0.018683672304977923,0.000924512497331393,0.0006881489340341016,0.0,0.0,27.838668029289693,31.618597573833533,0.000790315249212526,0.013454628379101443
ulb,M3,ACI-BUDGET,methods,,,0,11,0.34132692710883805,0.4209870765313933,0.045096249220965036,0.0032311399670589425,0.0,0.8763382096299699,0.12366179037003001,,60731.261835223704,0.002927098040566135,609.9772813221911,223.93628990846744,0.0001332001332001332,0.026542527472527472,0.0011911756645809045,-1.5015369350980091e-05,11674.467872243164,17758.499669534078,327.3904590489696,0.9154755955355656,14.0,75.0,911.0,0.7863247863247863,0.9517241379310345,0.8792270531400966,546.0,276.0,0.31833150384193193,0.0,0.9193211870285268,0.0,0.0,0.0,0.10543657331136738,17.0,64.0,0.05592105263157895,911.0,0.8176638176638177,0.944078947368421,0.8945634266886326,543.0,287.0,0.0,0.0009088438943492396,0.9772514993002576,0.45132743362831856,0.26548672566371684,89844.377626523,154986.12819646872,4.473248458386069e-05,0.00012655602420185515,0.05690443585832038,,,,0.38529088913282106,4.197942977257191,0.0021380292931010517,0.003778495856304907,0.0009000827016410932,0.9552259767720789,227846.0,0.0,508.0,192.0,0.9846322722283205,0.3336992316136114,0.0035725885027606367,,,,0.0031558018386108272,0.0028986152050196994,70.33256753720082,-0.000423157627977699,-0.0006765788139888496,10.253896863127864,0.026542527472527472,0.010583666621094515,40.843128831555475,18420.31977268753,0.0035677630614339476,-0.0007017247537648632,10468.859728703308,0.00022827524623513694,,,1.686453903593706,0.0645,0.0016242549792403645,0.021624254979240365,0.018051666476479728,0.0012099471358109992,0.0003596330224029449,0.0,0.0,25.912504002917558,28.847186750499525,0.000769457756874013,0.013490730264574874
ulb,M3,ACI-BUDGET,methods,,,1,23,0.3220622067191914,0.45316703257647295,0.03758240214881982,0.002160076203178912,0.0,0.8719699179310318,0.12803008206896818,,34357.1132936634,0.0026111431381192988,490.52552854706556,279.5217141914748,0.00020074946466809422,0.021835130483064964,0.0011049042059861312,-4.500948359138977e-05,11836.119869149037,18614.424481223206,319.6010003955666,0.8941883349236641,19.0,90.0,911.0,0.7247706422018348,0.92578125,0.8625954198473282,565.0,237.0,0.2810098792535675,0.0,0.8992014286676999,9.362039423326792,9.362039423326792,0.0,0.11004784688995216,26.0,69.0,0.09154929577464789,911.0,0.7889908256880734,0.9084507042253521,0.8899521531100478,558.0,258.0,0.0,0.0008745243610855266,0.9403487753607812,0.6106194690265486,0.26548672566371684,68203.49404102715,124100.43386425725,3.914730872673046e-05,0.0001138441542846265,0.04588370586232929,,,,0.3589462129527991,3.716298971764257,0.001975596407299716,0.0033271101619975424,0.0008952751614647534,0.9668603809190942,227846.0,0.0,497.0,206.0,0.969264544456641,0.31174533479692645,0.0028571930163355953,,,,0.004687977528089887,0.0023891928456775966,74.27447887333835,-0.00041979591836734695,-0.0006748979591836735,10.253896863127864,0.021835130483064964,0.01000226704354235,25.075483487005272,21323.379917373986,0.0034216007140731924,-0.0006706483790523692,12243.479115798285,0.00025935162094763094,,,1.6143464594295558,0.0395,0.0017690896482711986,0.0217690896482712,0.018911896631935605,0.0012060631604639785,0.00038425179601308255,0.0,0.0,26.40733204316348,28.453068784438074,0.0007791261099349109,0.01346299903238857
ulb,M3,ACI-BUDGET,methods,,,2,37,0.34965901807569616,0.3687493733691193,0.05345277073110785,0.002232602354727837,0.0,0.8605331559134026,0.13946684408659754,,38449.08101342582,0.0021977203307755344,567.6536686438753,1488.9856700593432,0.0004013646397752358,0.021923957636566332,0.0010857295947598931,-5.539780354085887e-05,11746.892548760863,18366.781673341797,328.8870534447044,0.7260816369422927,8.0,367.0,911.0,0.32287822878228783,0.9562841530054644,0.4958791208791209,361.0,175.0,0.20087815587266739,0.0,0.7260816369422927,0.0,0.0,0.0,0.5041208791208791,8.0,367.0,0.04371584699453552,911.0,0.32287822878228783,0.9562841530054644,0.4958791208791209,361.0,175.0,0.0,0.0008467320400565749,0.9104645592006181,0.49557522123893805,0.23893805309734514,69530.01954487078,135993.37025419,3.471602205323748e-05,9.662527974899401e-05,0.0403870429814306,,,,0.5949506037321625,4.128967830360304,0.0022480589403580586,0.003422791806535281,0.0008289703255538805,0.864146707915454,227846.0,0.0,500.0,194.0,1.0,0.20087815587266739,0.002150575388639695,,,,0.002490752565564424,0.001627833909900856,70.33256753720082,-0.00041979591836734695,-0.0006748979591836735,10.253896863127864,0.021923957636566332,0.010937330701150575,25.075483487005272,20440.66882043448,0.00370699881376038,-0.0006689103860109524,9151.284040951123,0.00026108961398904764,,,1.4677331690461959,0.038,0.0008737480578987558,0.020873748057898756,0.01872317266925906,0.0008635439884804672,0.0003374777129599465,0.0,0.0,25.992831971962005,28.47921438515186,0.0007669623561646434,0.013478831500282822
ulb,M3,ACI-BUDGET,methods,,,3,53,0.2922866010759855,0.5041529811402817,0.03242102121608455,0.0028684274622508225,0.0,0.8746853682057105,0.12531463179428956,,37961.89825516365,0.0026164838482439366,418.29893223302986,223.93628990846744,0.0001334668001334668,0.01816039865244245,0.0010691633553001432,-0.00011529087517333052,11885.588970380428,18896.909332830604,339.92848462036943,0.9060544311139604,6.0,113.0,911.0,0.6048951048951049,0.9664804469273743,0.8456284153005464,619.0,173.0,0.1964873765093304,0.0,0.903264173886609,0.0,0.0,0.0,0.1545827633378933,7.0,113.0,0.03888888888888889,911.0,0.6048951048951049,0.9611111111111111,0.8454172366621067,618.0,173.0,0.0,0.0008045201083790307,0.8650753853537964,0.5221238938053098,0.24778761061946902,56470.591773150474,125077.02846316222,3.5480578309644156e-05,0.0001096780109224,0.0472253092555285,,,,0.31394072447859495,4.2327333799322036,0.0014994103299034325,0.0031996594041534317,0.0007559321877733488,0.9481083715603951,227846.0,0.0,477.0,197.0,0.9989023051591658,0.19758507135016465,0.003717423171791473,,,,0.0026414285714285715,0.0016218021304538158,74.27447887333835,-0.000421869918699187,-0.0006759349593495935,10.253896863127864,0.01816039865244245,0.008200996337238281,25.075483487005272,9797.21268349545,0.0028137032283542304,-0.0006853298418240492,8487.5445445829,0.0002446701581759509,,,1.9384612098322522,0.051,0.002067536845062015,0.022067536845062016,0.01835011367327054,0.001085788933311461,0.0003682386491586155,0.0,0.0,26.075835980009288,28.531050420133397,0.0007560558780244734,0.013512166969771582
ulb,M3,ACI-BUDGET,methods,,,4,71,0.22790591173038185,0.4125760104073795,0.05235553838996515,0.0024853553368567797,0.0,0.8647849922475832,0.1352150077524168,,30729.276067025516,0.0024611820912809005,538.2133240225404,223.93628990846744,0.00013368983957219252,0.02740333333333333,0.0011719610036536629,-2.3058379719128765e-05,11699.777016174585,18086.07172459986,323.1950275764544,0.8676719897071066,6.0,169.0,911.0,0.5087209302325582,0.9668508287292817,0.7684931506849315,561.0,175.0,0.1986827661909989,0.0,0.8648570222644296,0.0,0.0,0.0,0.23182441700960219,7.0,169.0,0.038461538461538464,911.0,0.5087209302325582,0.9615384615384616,0.7681755829903978,560.0,175.0,0.0,0.0008882211481675714,0.9550765034059907,0.5398230088495575,0.25663716814159293,63327.20112663708,129715.80162671384,4.125142733178523e-05,0.00011578227303210995,0.05086125197764761,,,,0.37760702524698136,4.289422269468003,0.0020753691056197275,0.003672807119208876,0.0008562475057193186,0.8987595284766882,227846.0,0.0,508.0,199.0,0.9989023051591658,0.19978046103183314,0.0032960859527926757,,,,0.0018248209366391185,0.0012948680954382031,74.27447887333835,-0.00042005609382967876,-0.0006750280469148395,10.253896863127864,0.02740333333333333,0.012710488829207183,29.01739482314275,23739.291968858633,0.004027900579624717,-0.0006879213513368122,8634.69680084446,0.0002420786486631879,,,1.6848014241257285,0.0425,0.0019841471871351705,0.02198414718713517,0.018688061234342496,0.0012188717328674807,0.0002710607049625967,0.0,0.0,26.230496063362807,28.91793198650703,0.0007706107940874127,0.013477835101168605
ulb,M3,ACI-BUDGET,methods,,,5,73,0.3338797546869062,0.4022108540313115,0.049147231024463896,0.0028060459378473714,0.0,0.8677778888844712,0.1322221111155289,,36020.08290165628,0.002566478933485421,533.59795890705,631.2334165771267,0.0002000133342222815,0.024825879059350502,0.0010636970806625126,-3.20237473645533e-05,11678.57802710409,18116.250157906703,321.05830924777297,0.9028985507246376,0.0,134.0,911.0,0.6225352112676056,1.0,0.8057971014492754,556.0,221.0,0.24259055982436883,0.0,0.9082232011747431,0.0,0.0,0.0,0.18355359765051396,0.0,125.0,0.0,911.0,0.647887323943662,1.0,0.8164464023494861,556.0,230.0,0.0,0.0008802899778750647,0.9465483633065211,0.584070796460177,0.24778761061946902,65951.49510454474,138989.16069616372,3.794812089768457e-05,0.00011400119714390756,0.04455601029063694,,,,0.3896816684961581,3.5016374012167186,0.002264651336575559,0.0031895271738893814,0.0009108673481672066,0.927696720289579,227846.0,0.0,499.0,216.0,0.9901207464324918,0.2524698133918771,0.0031907516480429764,,,,0.002750336487907466,0.001979686960531273,70.33256753720082,-0.000420316004077472,-0.0006751580020387361,10.253896863127864,0.024825879059350502,0.010582370544372737,40.843128831555475,18204.911087626966,0.0033985125350933358,-0.0006415526517031811,11095.267698684362,0.000288447348296819,,,1.3810174828102193,0.047,0.0017032557078026367,0.021703255707802637,0.01851250405975966,0.0011676197437654437,0.00036051646982111736,0.0,0.0,26.64766792440787,30.4543168109376,0.0007797165104535635,0.0134816521743407
ulb,M3,ACI-BUDGET,methods,,,6,79,0.39103452279568585,0.3650712279526143,0.04668504165093967,0.0022679958795673583,0.0,0.8672641383353592,0.13273586166464066,,42070.22788341474,0.002360069040825672,544.7174634723777,223.93628990846744,0.0001338508901084192,0.028712058165548098,0.0010974297394820084,2.5985425579151563e-05,11751.115894330936,18481.428517887434,318.21002145650954,0.8271341141711512,7.0,224.0,911.0,0.43859649122807015,0.9615384615384616,0.6927297668038409,505.0,175.0,0.19978046103183314,0.0,0.8317869917512227,0.0,0.0,0.0,0.29958391123439665,7.0,216.0,0.03684210526315789,911.0,0.45864661654135336,0.9631578947368421,0.7004160887656034,505.0,183.0,0.0,0.0009347199128221026,1.0050751750775295,0.6017699115044248,0.25663716814159293,71195.04965090919,141092.44785368894,4.308072694625192e-05,0.00011519768732079287,0.05211034085832221,,,,0.43798024149286496,3.5174629609477566,0.0025217182233687064,0.003238200209288981,0.0009206067683556985,0.9614389766264596,227846.0,0.0,515.0,233.0,0.991218441273326,0.20856201975850713,0.0027211362060339,,,,0.00217719834282755,0.0014164110107372423,66.39065620106317,-0.00041979591836734695,-0.0006748979591836735,10.253896863127864,0.028712058165548098,0.012119709819543079,48.72695150383066,17037.755837925244,0.004292273906967459,-0.0006357466344771318,11863.12963966075,0.0002942533655228682,,,1.2677405444555134,0.0315,0.0016418106966986472,0.021641810696698648,0.018920674490664747,0.0011417225030401863,0.00037046448061633675,0.0,0.0,26.925828016828746,30.904870002996176,0.0007747309961237369,0.013459937346450073
ulb,M3,ACI-BUDGET,methods,,,7,83,0.27954437052381914,0.37513631600943115,0.04631198265495115,0.0027138615012169674,0.0,0.8711487346019603,0.1288512653980396,,56718.48644584764,0.0027022158169699153,613.9445337575391,482.01766426892266,0.00020053475935828877,0.022853185840707963,0.0010622519874288715,-6.753804842497534e-05,11795.2373065439,18409.816593752665,323.67834952047593,0.8993311525205911,7.0,113.0,911.0,0.6954177897574124,0.9735849056603774,0.8250773993808049,533.0,258.0,0.29088913282107576,0.0,0.9084211303942629,0.0,0.0,0.0,0.1579778830963665,7.0,100.0,0.025179856115107913,911.0,0.7304582210242587,0.9748201438848921,0.8420221169036335,533.0,271.0,0.0,0.0008401862491081821,0.9034260743098732,0.5486725663716814,0.23893805309734514,89335.2815807915,146866.9829985237,3.7389128112283474e-05,0.00011657102989887464,0.04597027006359588,,,,0.407244785949506,3.8140142024125243,0.002237936371476772,0.003201983942515921,0.00083953120585931,0.9523317824110499,227846.0,0.0,482.0,209.0,0.9857299670691547,0.305159165751921,0.0026904137004819043,,,,0.0022146540880503144,0.001687805350350301,70.33256753720082,-0.00042005609382967876,-0.0006750280469148395,10.253896863127864,0.022853185840707963,0.009366566632094977,21.13357215086762,23672.2670746577,0.0030448875356055395,-0.0006699497236132319,8462.510396017222,0.00026005027638676813,,,1.3980145230331875,0.0435,0.0013258077824495479,0.02132580778244955,0.018635394081967644,0.0011420071096173723,0.0002833454137359248,0.0,0.0,26.990664016921073,33.64648120477791,0.0007761007270857149,0.013479381235938448
ulb,M3,ACI-BUDGET,methods,,,8,89,0.3248342240066587,0.479419170359731,0.043029063490252185,0.0024603043196183565,0.0,0.8728551653955511,0.12714483460444898,,43778.296734932526,0.0027813068708580847,527.7564157501328,223.93628990846744,0.00013395847287340923,0.017393153803442533,0.0010411881922059248,-9.826061264883199e-05,11747.914485649579,18206.214842772504,318.1022018630148,0.8806598062953995,23.0,99.0,911.0,0.7331536388140162,0.9220338983050848,0.8392857142857143,517.0,272.0,0.3238199780461032,0.0,0.8751953041393776,11.825734008412724,11.825734008412724,0.0,0.15025041736227046,31.0,90.0,0.09935897435897435,911.0,0.7574123989218329,0.9006410256410257,0.8497495826377296,509.0,281.0,0.0,0.0008278842645861982,0.8901981339636539,0.49557522123893805,0.25663716814159293,71566.47066264258,142933.73675469458,3.6295098386653205e-05,0.00011505413099298247,0.04340530707154839,,,,0.407244785949506,3.441916978381964,0.0018665590927154615,0.0030800483234488217,0.0008948642116570587,0.9575891974121742,227846.0,0.0,491.0,205.0,0.9813391877058177,0.3424807903402854,0.003059083767105852,,,,0.0031516326530612246,0.0029001823797003465,70.33256753720082,-0.00041979591836734695,-0.0006748979591836735,10.253896863127864,0.017393153803442533,0.006271211646891997,32.959306159280345,19575.49824403579,0.002711897835412455,-0.0006690676015629182,7988.739393765795,0.00026093239843708185,,,1.5536420730344895,0.0435,0.001685699990344354,0.021685699990344354,0.018626616223238503,0.001065938971018384,0.000380132361723528,0.0,0.0,27.13400003267452,39.668400032678605,0.0007763284906828247,0.013468459986275196
ulb,M3,ACI-BUDGET,methods,,,9,97,0.3609066751042228,0.49281656625006354,0.04001825794615661,0.0030573428222466915,0.0,0.8736723281514057,0.1263276718485944,,45166.580404653774,0.0024969631529221216,556.4747074915954,1386.3078101246483,0.000266435755678412,0.035301884057971016,0.0011668851438935831,3.316928809494344e-05,11734.682509689672,18299.477456917542,331.3924858790229,0.9035326086956521,0.0,142.0,911.0,0.5520504731861199,1.0,0.8070652173913043,594.0,175.0,0.19209659714599342,0.0,0.9005604514533085,4.434650253154757,4.434650253154757,0.0,0.19319727891156463,1.0,142.0,0.005681818181818182,911.0,0.5520504731861199,0.9943181818181818,0.8068027210884354,593.0,175.0,0.0,0.000950672227788522,1.022228201923142,0.5309734513274337,0.23893805309734514,82055.86395948357,140662.7422448215,4.3916758175904584e-05,0.00011610776575183936,0.049438848564163924,,,,0.34796926454445665,4.303481729291195,0.0017510214796091557,0.0037136137869367538,0.0008629323930110898,0.9446360700216884,227846.0,0.0,510.0,200.0,0.9989023051591658,0.19319429198682767,0.0033004748821572464,,,,0.001621020408163265,0.0011112069881551393,70.33256753720082,-0.0004226433282597667,-0.0004236688091526221,10.253896863127864,0.035301884057971016,0.014093920067342268,21.13357215086762,24447.01384111425,0.004297994269340974,-0.0006694685157721753,11055.961903590902,0.00026053148422782476,,,1.9234816817682945,0.0455,0.0014838092395740993,0.0214838092395741,0.018183334357416852,0.0012673023382204938,0.00040271611216502554,0.0,0.0,26.390335988253355,29.182915965793654,0.0007756182383022068,0.013499962837258002
ulb,M3,ACI-BUDGET,methods,,,10,101,0.3067839760925456,0.4216924400359917,0.03988220113585492,0.0033560802040897633,0.0,0.8767378293311137,0.12326217066888631,,51351.64180132303,0.0020609500641935266,561.8539918612652,1065.517292733981,0.00026657780739753413,0.026186768123962367,0.0010176231510240507,-8.440152189008793e-05,11766.307091449915,18180.424013439417,338.7776384814213,0.8771989327544883,8.0,147.0,911.0,0.5420560747663551,0.9560439560439561,0.7983539094650206,582.0,174.0,0.19978046103183314,0.0,0.8717256743017763,0.0,0.0,0.0,0.20220082530949107,10.0,147.0,0.05434782608695652,911.0,0.5420560747663551,0.9456521739130435,0.797799174690509,580.0,174.0,0.0,0.0008339700702584841,0.896742011030628,0.48672566371681414,0.25663716814159293,83921.521571013,141093.68281540315,3.537841294506574e-05,9.482076619504092e-05,0.04386079319031844,,,,0.35236004390779363,4.035054366577303,0.0018570217884943897,0.003159818992516887,0.0007830920491902005,0.9577115828554964,227846.0,0.0,490.0,207.0,0.9978046103183315,0.20197585071350166,0.0033882534694486626,,,,9.145045965270682e-05,9.092931145900649e-05,74.27447887333835,8.57440325038089e-05,-0.0004221279837480956,18.13771953540305,0.026186768123962367,0.01048917138374582,32.959306159280345,19375.030199989247,0.0036815236599253877,-0.0006694110690159762,12129.332276966727,0.0002605889309840239,,,1.5993925779161229,0.0405,0.0014838092395740993,0.0214838092395741,0.018095555770125435,0.0010841654291015915,0.0003520738254912176,0.0,0.0,26.745836017653346,28.92092316178605,0.0007564839254143331,0.013519028592742528
ulb,M3,ACI-BUDGET,methods,,,11,103,0.3088026933857591,0.39242466950207006,0.038547966609025396,0.0025856992686630444,0.0,0.8753847420049745,0.12461525799502537,,44091.98086610617,0.0026142891541398646,527.2872893430138,1247.5456218601335,0.0002673082063619353,0.029237597765363128,0.0011187730841006895,-3.466268257425597e-05,11901.69366703692,18730.146722439862,337.7773082120433,0.9230951676893127,5.0,89.0,911.0,0.72782874617737,0.9794238683127572,0.8667664670658682,579.0,238.0,0.2667398463227223,0.0,0.9309448342177428,0.0,0.0,0.0,0.11485451761102604,6.0,75.0,0.023255813953488372,911.0,0.7706422018348624,0.9767441860465116,0.885145482388974,578.0,252.0,0.0,0.000875126846843492,0.9409966095091311,0.5309734513274337,0.2743362831858407,76461.97772269044,134362.52650205954,4.2160905770417006e-05,0.0001302982761711034,0.049663391637815364,,,,0.3589462129527991,4.113908782962343,0.002160505278950527,0.0034879181981350912,0.0008478355700496382,0.9528965437132503,227846.0,0.0,499.0,202.0,0.9835345773874863,0.283205268935236,0.003840313193999456,,,,9.040816326530616e-05,-0.00016443330345417023,74.27447887333835,9.040816326530616e-05,-0.0001646938775510204,18.13771953540305,0.029237597765363128,0.010779062881288782,40.843128831555475,17221.341997577758,0.003560126582278481,-0.0006909037836976231,13901.109237146376,0.00023909621630237703,,,1.5542947960408635,0.044,0.0024362069116859626,0.022436206911685963,0.018595893717686506,0.0012467524256031114,0.00032003882312806037,0.0,0.0,26.912999979685992,28.91212161630392,0.0007491277710576026,0.013505886537511778
ulb,M3,ACI-BUDGET,methods,,,12,107,0.34544711797547556,0.48594659124863554,0.037885238274975204,0.0027345705524258633,0.0,0.8744067203427964,0.12559327965720365,,51285.95151194586,0.002491918103448276,511.7865871102078,223.93628990846744,0.00013345789403443215,0.018861094007696536,0.0010861038646505473,-8.127787964646735e-05,11755.209684211686,18118.648564238265,316.9568810294168,0.8995635708677782,3.0,135.0,911.0,0.5631067961165048,0.9830508474576272,0.8160762942779292,599.0,174.0,0.1942919868276619,0.0,0.9001678495332404,0.0,0.0,0.0,0.18281036834924966,3.0,134.0,0.016853932584269662,911.0,0.5663430420711975,0.9831460674157303,0.8171896316507503,599.0,175.0,0.0,0.0008417743300685512,0.9051336882457539,0.49557522123893805,0.25663716814159293,73440.46893045321,143888.92026520352,3.859435994235364e-05,0.00010915918539917094,0.05088001317749547,,,,0.3391877058177827,4.4167246430577505,0.0016075683259716585,0.0034503114952860706,0.0007811923482052028,0.9530476480472289,227846.0,0.0,487.0,188.0,0.9989023051591658,0.19538968166849616,0.0029142490980750154,,,,0.0011108163265306124,0.0006008726859809774,70.33256753720082,-0.00042418310571573094,-0.0006770915528578655,10.253896863127864,0.018861094007696536,0.008988712286939503,40.843128831555475,14208.34161396797,0.0033980104402639615,-0.0006900543876721277,7722.239514630895,0.00023994561232787236,,,1.9432415934126488,0.0445,0.0013126409943558376,0.021312640994355838,0.01839839189628082,0.0011227135834486481,0.0003930260286431738,0.0,0.0,26.414163934532553,29.1864168131724,0.0007766728563980242,0.01348295392578945
ulb,M3,ACI-BUDGET,methods,,,13,109,0.296107413661464,0.44609324139939943,0.04380590398778122,0.002426804592663664,0.0,0.8730733128139073,0.12692668718609276,,54688.55250891188,0.002530329289428076,592.9794171293977,370.4655000389771,0.0002674511901577962,0.027159887640449437,0.001178282841752266,1.2708202379814939e-05,11799.949009219648,18222.299929789366,323.5984433025567,0.8640257759703367,6.0,174.0,911.0,0.5056818181818182,0.967391304347826,0.7606602475928473,553.0,178.0,0.20197585071350166,0.0,0.8764159816791396,0.0,0.0,0.0,0.21367521367521367,7.0,150.0,0.03349282296650718,911.0,0.5738636363636364,0.9665071770334929,0.7863247863247863,552.0,202.0,0.0,0.0009223882833277147,0.9918153584168975,0.5929203539823009,0.25663716814159293,86620.42667611511,144799.1105672614,4.562856440758174e-05,0.0001220855920911126,0.05316840376965237,,,,0.38638858397365533,3.9663006285051297,0.0020381789337258036,0.0036062313183917497,0.0009092178470977155,0.9568127885400239,227846.0,0.0,508.0,206.0,0.9725576289791438,0.22941822173435786,0.005925054642170589,,,,0.0026414285714285715,0.0016218021304538158,70.33256753720082,9.040816326530616e-05,-0.00041979591836734695,18.13771953540305,0.027159887640449437,0.012909063810778854,40.843128831555475,20862.923920647336,0.004288421262591004,-0.0007029033637019424,10698.484746516899,0.00022709663629805766,,,1.694394570072997,0.0515,0.004749172686814778,0.02474917268681478,0.01882411804464419,0.001240334006243581,0.00032573903194755963,0.0,0.0,27.148167951963842,29.9251320248004,0.0007619491548957862,0.013479321860127302
ulb,M3,ACI-BUDGET,methods,,,14,113,0.3290800649824371,0.43031175547980327,0.05195175688842464,0.0024436118632166397,0.0,0.8686398129204242,0.13136018707957572,,33958.84641521784,0.002438939409776663,569.5561274657208,710.4604120238454,0.00026727248429774154,0.02856360044518642,0.001105062414669464,-3.0184268621893305e-05,11652.475424749433,17380.496832672645,330.09045547932766,0.8636363636363636,0.0,201.0,911.0,0.464,1.0,0.7272727272727273,536.0,174.0,0.19099890230515917,0.0,0.8636363636363636,0.0,0.0,0.0,0.2727272727272727,0.0,201.0,0.0,911.0,0.464,1.0,0.7272727272727273,536.0,174.0,0.0,0.0008926167840292438,0.959802993579832,0.5752212389380531,0.24778761061946902,71564.59936104904,136688.50947069054,3.5380819303151036e-05,9.479394002324829e-05,0.04251839279006521,,,,0.411635565312843,4.191288925725611,0.0019849631427365307,0.003580001902954709,0.0008541529745136638,0.9403050950946037,227846.0,0.0,505.0,194.0,1.0,0.19099890230515917,0.005468605988255225,,,,0.002172378490175801,0.0019488578590018675,70.33256753720082,-0.00041979591836734695,-0.0006748979591836735,10.253896863127864,0.02856360044518642,0.010918575157924014,25.075483487005272,26541.09547224128,0.003836505828537701,-0.0006795583427530985,10354.197061566078,0.0002504416572469016,,,1.6741960153471542,0.0735,0.00421811223370171,0.02421811223370171,0.018749506245446485,0.0010246438639755753,0.0003520849507377477,0.0,0.0,27.236332010943443,32.094098802190274,0.0007594872145546281,0.013494167422804884
ulb,M3,ACI-BUDGET,methods,,,15,127,0.2959652357518402,0.4167715000946362,0.04748821572465613,0.0031426272758140225,0.0,0.8729199631256839,0.12708003687431624,,47283.26365513379,0.0025948863439781335,541.5806485749564,249.20711890897405,0.00026647125441343016,0.019926201975850714,0.0010498396463422272,-8.96825598814593e-05,11634.09948272347,17443.002986833326,322.9939146850852,0.9369618187631616,8.0,61.0,911.0,0.8242074927953891,0.9727891156462585,0.9011345218800648,556.0,286.0,0.3227222832052689,0.0,0.9423246202565616,1.9709556680688252,1.9709556680688252,0.0,0.07986688851913477,11.0,48.0,0.035483870967741936,911.0,0.861671469740634,0.964516129032258,0.9201331114808652,553.0,299.0,0.0,0.0008313957584724864,0.8939739338413831,0.46017699115044247,0.25663716814159293,70142.62028044998,126777.64593748089,3.520940049964175e-05,0.00011070415693593793,0.04077036781539348,,,,0.3809001097694841,4.052509835289459,0.0019480237486401329,0.0032901548457922635,0.0008118807799407247,0.9538927863267476,227846.0,0.0,491.0,199.0,0.9824368825466521,0.3402854006586169,0.003401420257542375,,,,0.0006124164524421594,0.00036586719788949524,70.33256753720082,-0.0004216115912557194,-0.0006758057956278597,10.253896863127864,0.019926201975850714,0.008209359720525427,40.843128831555475,11928.749912338597,0.003039364674738958,-0.000687709547589883,10681.399594068625,0.00024229045241011698,,,1.6001397275871045,0.061,0.0015320874625843785,0.02153208746258438,0.018130667205042,0.001148973584147374,0.0003384711826862444,0.0,0.0,27.054832025896758,30.394365615211424,0.0007780153209054395,0.01348914560864935
ulb,M3,ACI-BUDGET,methods,,,16,131,0.3664943965105049,0.38642838927762285,0.03788084934561063,0.0027007865127793088,0.0,0.8723991867027039,0.12760081329729603,,34663.049783847186,0.0023799000441981437,432.5876840891028,400.62410254986975,0.0002002803925495694,0.0225075,0.0010644914921272067,-0.00012301152673890777,11813.511772440925,18522.080022397316,324.26048645813256,0.9017615176151761,0.0,145.0,911.0,0.5440251572327044,1.0,0.8035230352303523,593.0,173.0,0.18990120746432493,0.0,0.9023066485753053,0.0,0.0,0.0,0.19538670284938942,0.0,144.0,0.0,911.0,0.5471698113207547,1.0,0.8046132971506106,593.0,174.0,0.0,0.0007953562358719616,0.8552217590021092,0.5309734513274337,0.22123893805309736,53785.465350511775,133484.13204884878,3.7586533205239194e-05,0.00010757736840457379,0.05474556239593607,,,,0.34906695938529086,4.523370304029583,0.0018786213708015492,0.003283752570399219,0.0007259526303813625,0.9478266801933257,227846.0,0.0,489.0,190.0,0.9989023051591658,0.19099890230515917,0.0036428113725937693,,,,0.0031516326530612246,0.0016215415563569657,70.33256753720082,-0.0004226433282597667,-0.0006763216641298834,10.253896863127864,0.0225075,0.009634392241778386,25.075483487005272,11223.471926838174,0.0031019202363367798,-0.0006971262042902007,7498.319537276554,0.00023287379570979932,,,1.6445190984840552,0.0505,0.00215092650298886,0.02215092650298886,0.018508115130395093,0.0010693984407836074,0.00036488981847356927,0.0,0.0,27.129667985718697,30.511837138328698,0.0007700999847228929,0.013484860451954822
ulb,M3,ACI-BUDGET,methods,,,17,137,0.27948430684946984,0.3654608594196947,0.041707995751516375,0.003244123345864926,0.0,0.8750161670977927,0.12498383290220712,,36634.01845311509,0.0026038001407459534,499.33479200147,407.4357869100886,0.000266187529114261,0.0191145434298441,0.0010369607218614816,-5.786562408298969e-05,11802.763278440847,18527.414133907452,324.29759335534874,0.9437366469775041,6.0,55.0,911.0,0.8537234042553191,0.981651376146789,0.9058219178082192,529.0,321.0,0.3589462129527991,0.0,0.9478855721393035,0.0,0.0,0.0,0.08333333333333333,7.0,48.0,0.020895522388059702,911.0,0.8723404255319149,0.9791044776119403,0.9166666666666666,528.0,328.0,0.0,0.0008589461104679389,0.9235979682450955,0.415929203539823,0.2743362831858407,66107.8406795241,127530.93784660296,3.642086635386994e-05,0.00011277404162333531,0.043122420962352095,,,,0.4127332601536773,3.565043368990004,0.002351061393800727,0.003063159834526707,0.000859220917526879,0.9588121296314752,227846.0,0.0,493.0,222.0,0.991218441273326,0.3677277716794731,0.0021461864592751245,,,,0.0026377879714576963,0.002385287553875862,74.27447887333835,-0.0004226433282597667,-0.0006763216641298834,10.253896863127864,0.0191145434298441,0.009591040185450215,40.843128831555475,13731.055730437829,0.0031040599132834057,-0.0006442344473759412,15335.33070906109,0.0002857655526240588,,,1.2820019538698793,0.041,0.0002592979468588434,0.020259297946858844,0.018113111487583718,0.0011682094456131472,0.00031392076452190214,0.0,0.0,27.058331936132163,29.987568373326212,0.0007779777728723485,0.013491602465986583
ulb,M3,ACI-BUDGET,methods,,,18,139,0.335959979392582,0.5494628731176123,0.03475593163803622,0.0026954566822087345,0.0,0.8729277583135077,0.12707224168649245,,61723.54918795278,0.0024800589851866747,558.6456408855046,223.93628990846744,0.00013359161044686394,0.02018111111111111,0.0010669332690559417,-7.311447004721849e-05,11768.98517343882,18115.662564846545,339.3813426637473,0.9163018695850433,6.0,98.0,911.0,0.6397058823529411,0.9666666666666667,0.86593707250342,633.0,174.0,0.19758507135016465,0.0,0.9135396957541815,0.0,0.0,0.0,0.13424657534246576,7.0,98.0,0.03867403314917127,911.0,0.6397058823529411,0.9613259668508287,0.8657534246575342,632.0,174.0,0.0,0.0008485382421811606,0.9124067120227533,0.584070796460177,0.25663716814159293,88600.52164087768,146752.31247022317,3.9396050276149746e-05,0.00011867285872984556,0.05273161787063116,,,,0.29857299670691545,3.980170551214486,0.0014839137084471598,0.003245253908882916,0.0008153554897019873,0.9365645133781823,227846.0,0.0,496.0,205.0,0.9989023051591658,0.1986827661909989,0.004713710137549046,,,,0.002645076608784474,0.00136774238602489,74.27447887333835,-0.00042083503054989827,-0.0006754175152749492,10.253896863127864,0.02018111111111111,0.009249231561844295,32.959306159280345,16178.668979619268,0.0033527265555665124,-0.000670991140568757,10474.367183397166,0.0002590088594312431,,,1.9573779795479103,0.0485,0.0034193270893498225,0.023419327089349823,0.01870561695180078,0.0011033191806609092,0.0004113393465370564,0.0,0.0,27.459000004455447,54.91983073879964,0.0007594060942869005,0.013490178866092148
ulb,M3,ACI-BUDGET,methods,,,19,149,0.31467533113418633,0.4315583541159946,0.048936562414964496,0.0026802291541179967,0.0,0.8710585393226065,0.12894146067739337,,52362.56162399418,0.002585939385580802,625.9453041242718,2846.798751726482,0.0002007226013649137,0.02591931506849315,0.001134304743450959,3.31502943870008e-05,11646.112078728398,17660.108886580972,303.11052056632434,0.8660587105963956,16.0,135.0,911.0,0.625,0.9336099585062241,0.7985074626865671,535.0,225.0,0.2645444566410538,0.0,0.8647211749340824,4.927389170171978,4.927389170171978,0.0,0.20059880239520958,17.0,134.0,0.06995884773662552,911.0,0.6277777777777778,0.9300411522633745,0.7994011976047904,534.0,226.0,0.0,0.0009552941176470588,1.0271979759645793,0.4690265486725664,0.24778761061946902,89164.65248736131,143847.17577158497,3.9944844737167615e-05,0.00012071830877924294,0.0417537385035589,,,,0.3951701427003293,3.8526268019715313,0.0021411111448411927,0.0035598826491932203,0.000924014401647078,0.9545943903812654,227846.0,0.0,514.0,210.0,0.9978046103183315,0.2667398463227223,0.0038885914170097347,,,,0.00019994350282485874,-9.120568560838118e-05,70.33256753720082,-0.00041979591836734695,-0.0006748979591836735,10.253896863127864,0.02591931506849315,0.012085446331551722,40.843128831555475,16418.083218977292,0.004034837376371598,-0.0006399063604717059,17537.208892663348,0.00029009363952829426,,,1.5886151834603162,0.0845,0.002304539030748839,0.02230453903074884,0.018415947613739103,0.001165231416893229,0.0003925729746317029,0.0,0.0,27.223163982853293,33.38794920709915,0.0007919929870415195,0.0134533454417131
ulb,M4,ACI-BUDGET-CRC,methods,,,0,11,0.33901715603154614,0.42629551500589574,0.06005372049542235,0.0032485531156397525,0.0,0.8643996979714944,0.13560030202850556,,58689.628440417335,0.0028662894580107207,654.9043960005743,223.93628990846744,0.0001332001332001332,0.026542527472527472,0.0011872324175051868,-2.5056313883745363e-05,11548.463524451794,17669.875537890675,321.3897993239443,0.7403924062028764,14.0,295.0,911.0,0.4769503546099291,0.950530035335689,0.5302547770700637,333.0,269.0,0.3106476399560922,0.0,0.7444083752637559,0.0,0.0,0.0,0.45544554455445546,17.0,276.0,0.05573770491803279,911.0,0.5106382978723404,0.9442622950819672,0.5445544554455446,330.0,288.0,0.0,0.0008807301014505862,0.9470216144629959,0.45132743362831856,0.25663716814159293,84118.07363862288,154986.12819646872,4.406129064655561e-05,0.00012656027117282566,0.05723885501833948,,,,0.6190998902305159,4.243729519533419,0.002081098937798321,0.0037648804205727905,0.0008871631434669579,0.8615963584503221,227846.0,0.0,508.0,190.0,0.9758507135016465,0.33479692645444564,0.0035594217146669243,,,,0.0031185829959514168,0.002794008211856728,70.33256753720082,-0.000423157627977699,-0.0006765788139888496,10.253896863127864,0.026542527472527472,0.010583666621094515,40.843128831555475,18420.31977268753,0.0035677630614339476,-0.0007065938001394596,6784.18913560955,0.00022340619986054038,,,1.7208516448135578,0.063,0.0015979214030529404,0.02159792140305294,0.018038499688386014,0.0009047457105435762,0.0003218369887382232,0.0,0.0,25.92516806907952,28.98666675318964,0.0007792832583839039,0.01348630034262643
ulb,M4,ACI-BUDGET-CRC,methods,,,1,23,0.31808169929924335,0.48028754041206245,0.058197203374208896,0.00212496746461298,0.0,0.857133501854249,0.1428664981457509,,33758.274375990215,0.0027691501702653146,582.4084889015041,279.5217141914748,0.00020074946466809422,0.021835130483064964,0.0011242826376211016,-2.4293416449397068e-05,11657.4539988541,18136.593074885786,321.59983659325366,0.7541591214440095,6.0,303.0,911.0,0.4608540925266904,0.9773584905660377,0.5309597523219814,343.0,259.0,0.29088913282107576,0.0,0.7608822375427386,0.0,0.0,0.0,0.4536741214057508,7.0,284.0,0.02456140350877193,911.0,0.49466192170818507,0.9754385964912281,0.5463258785942492,342.0,278.0,0.0,0.0008750612305072977,0.9409260543089222,0.6106194690265486,0.26548672566371684,67603.89512335397,124100.43386425725,3.971686340329756e-05,0.00011678126369332593,0.046004050982518675,,,,0.6169045005488474,3.766380456323585,0.0018989483970860454,0.003435094358215001,0.0009120412550058853,0.8677282183788322,227846.0,0.0,497.0,206.0,0.9780461031833151,0.31284302963776073,0.002765025499679608,,,,0.005454213580963436,0.0028355012858945618,74.27447887333835,-0.00041979591836734695,-0.0006748979591836735,10.253896863127864,0.021835130483064964,0.01000226704354235,25.075483487005272,21323.379917373986,0.0034216007140731924,-0.0006740008623128848,12242.719115798285,0.00025599913768711515,,,1.7080786288815875,0.0395,0.0017032557078026367,0.021703255707802637,0.01893823020812303,0.0009172770551027553,0.00030725213492917064,0.0,0.0,26.003164006397128,28.1903687864542,0.0007793795274544984,0.013459804550705822
ulb,M4,ACI-BUDGET-CRC,methods,,,2,37,0.32415019327181493,0.3688235488737941,0.05500206279680135,0.002234583368742014,0.0,0.8605331559134026,0.13946684408659754,,38449.08101342582,0.0021977203307755344,572.5946858221448,1488.9856700593432,0.0004013646397752358,0.021923957636566332,0.001088337604854953,-5.96151772718717e-05,11716.10722342085,18364.872770605336,326.8886944199649,0.7130321863928422,8.0,386.0,911.0,0.31194295900178254,0.9562841530054644,0.4697802197802198,342.0,175.0,0.20087815587266739,0.0,0.7130321863928422,0.0,0.0,0.0,0.5302197802197802,8.0,386.0,0.04371584699453552,911.0,0.31194295900178254,0.9562841530054644,0.4697802197802198,342.0,175.0,0.0,0.0008434020374318881,0.906883911217084,0.48672566371681414,0.23008849557522124,69010.11954487077,135993.37025419,3.470697642176002e-05,9.662652250394862e-05,0.04064833696087425,,,,0.6158068057080132,4.128661822051079,0.002247748622173958,0.0034227540565260157,0.0008290226238063801,0.862605515644508,227846.0,0.0,500.0,194.0,1.0,0.20087815587266739,0.0022076314703791157,,,,0.002490752565564424,0.001627833909900856,70.33256753720082,-0.00041979591836734695,-0.0006748979591836735,10.253896863127864,0.021923957636566332,0.010937330701150575,25.075483487005272,20440.66882043448,0.00370699881376038,-0.000675005804473135,8631.384040951123,0.00025499419552686497,,,1.465481556509856,0.038,0.000922026280909035,0.020922026280909035,0.01871439481052992,0.000842914165184835,0.0003148728607700642,0.0,0.0,25.984004023484886,28.649019182194017,0.0007677453836236091,0.013480211004644435
ulb,M4,ACI-BUDGET-CRC,methods,,,3,53,0.2658261959396301,0.5107450144302154,0.03872352378360823,0.0028622504915024813,0.0,0.8746840158685263,0.12531598413147374,,37961.89825516365,0.0026144667158275793,445.220585454943,223.93628990846744,0.0001334668001334668,0.01816039865244245,0.0010708668603478858,-0.0001201461273524321,11771.072810907233,18308.20331998259,343.92779251007664,0.8377484201849986,6.0,213.0,911.0,0.4481865284974093,0.9664804469273743,0.7090163934426229,519.0,173.0,0.1964873765093304,0.0,0.8354575039733596,0.0,0.0,0.0,0.29041095890410956,7.0,212.0,0.03867403314917127,911.0,0.45077720207253885,0.9613259668508287,0.7095890410958904,518.0,174.0,0.0,0.0008052579152663867,0.8658687260928889,0.5398230088495575,0.23893805309734514,55950.69177315047,125077.02846316222,3.553136377785879e-05,0.00011050809070001912,0.04747076139818511,,,,0.42371020856201974,4.18530022880709,0.0014958381623055453,0.00319753540604147,0.0007639918837920126,0.9453627608481359,227846.0,0.0,477.0,197.0,0.9978046103183315,0.1986827661909989,0.003449698480552654,,,,0.0026414285714285715,0.0016218021304538158,74.27447887333835,-0.000421869918699187,-0.0006759349593495935,10.253896863127864,0.01816039865244245,0.008200996337238281,25.075483487005272,9797.21268349545,0.0028137032283542304,-0.000689616989736981,7967.6445445828995,0.00024038301026301908,,,1.940186723575295,0.045,0.0018173678712814778,0.021817367871281478,0.018367669390728824,0.0008892494512618025,0.0003605473172708195,0.0,0.0,26.004504063166678,28.227549575967714,0.0007505323794439452,0.013504906900736052
ulb,M4,ACI-BUDGET-CRC,methods,,,4,71,0.2300327903112454,0.4057463703307226,0.05845615020671857,0.002471071567208341,0.0,0.8619559706066116,0.13804402939338867,,24823.649721896836,0.0023883270515356195,542.3612135002268,223.93628990846744,0.00013368983957219252,0.02740333333333333,0.0011609243981355963,-3.336984886154837e-05,11649.133076522448,17986.92463164987,332.19463261713366,0.7190418527208052,6.0,386.0,911.0,0.31194295900178254,0.9668508287292817,0.4712328767123288,344.0,175.0,0.1986827661909989,0.0,0.7160230030600401,0.0,0.0,0.0,0.5294924554183813,7.0,386.0,0.038461538461538464,911.0,0.31194295900178254,0.9615384615384616,0.47050754458161864,343.0,175.0,0.0,0.000875094524476489,0.9409618542757946,0.5486725663716814,0.25663716814159293,57421.574781508396,129715.80162671384,4.0656761483319134e-05,0.00011585406827043524,0.049872115332989214,,,,0.6158068057080132,4.30857914134096,0.002073232265724296,0.003624404635856238,0.0008412064666701731,0.8588646705779222,227846.0,0.0,508.0,199.0,0.9989023051591658,0.19978046103183314,0.0034628652686463663,,,,0.0018853153153153151,0.0013432087251706408,74.27447887333835,-0.00042005609382967876,-0.0006750280469148395,10.253896863127864,0.02740333333333333,0.012710488829207183,29.01739482314275,23739.291968858633,0.004027900579624717,-0.000686999756999757,8634.69680084446,0.000243000243000243,,,1.6665072555931726,0.04,0.002177260079176284,0.022177260079176284,0.01871439481052992,0.0008702643528657655,0.00021720379328312665,0.0,0.0,26.138000015635043,28.712267958326265,0.0007547242223010864,0.013479078931772538
ulb,M4,ACI-BUDGET-CRC,methods,,,5,73,0.3287461682387281,0.4270618140966932,0.05991327475575608,0.002771137589478915,0.0,0.8585042876800948,0.14149571231990513,,33169.83497642424,0.0026233931716823445,571.5493576063418,631.2334165771267,0.0002000133342222815,0.024825879059350502,0.0010739154715222283,-2.0743962347080762e-05,11577.815628790777,17994.95308486153,331.057780656067,0.7543859649122807,0.0,336.0,911.0,0.40319715808170514,1.0,0.5087719298245614,348.0,227.0,0.2491767288693743,0.0,0.7558823529411764,0.0,0.0,0.0,0.48823529411764705,0.0,332.0,0.0,911.0,0.4103019538188277,1.0,0.5117647058823529,348.0,231.0,0.0,0.0008810824455038601,0.9474004790364087,0.584070796460177,0.24778761061946902,63101.2471793127,138989.16069616372,3.804173352697133e-05,0.00011403889304583157,0.045963135155658315,,,,0.6180021953896817,3.6061150176490866,0.0021009859453576417,0.00323558983407884,0.0008972508692160903,0.8411496084418106,227846.0,0.0,499.0,216.0,0.995609220636663,0.2535675082327113,0.0027825812171378916,,,,0.0030450141964792725,0.0022243682417635567,70.33256753720082,-0.000420316004077472,-0.0006751580020387361,10.253896863127864,0.024825879059350502,0.010582370544372737,40.843128831555475,18204.911087626966,0.0033985125350933358,-0.000639428046275273,11095.267698684362,0.000290571953724727,,,1.4895543550613783,0.0425,0.0013301967118141203,0.02133019671181412,0.018547615494676227,0.0008797794855872941,0.0003237120716975629,0.0,0.0,26.357503957115114,32.57283433340488,0.0007669150383494926,0.013484712049312163
ulb,M4,ACI-BUDGET-CRC,methods,,,6,79,0.39229561489353343,0.3778382925890735,0.05635824197045373,0.0022419965817472545,0.0,0.8585940900871484,0.14140590991285162,,41589.319501077254,0.0024138443256090315,586.9963420661336,223.93628990846744,0.0001338508901084192,0.028712058165548098,0.001107245911341763,3.7131354561677016e-05,11673.356468687693,18395.75096330321,321.20975937603777,0.7139653898913159,7.0,389.0,911.0,0.3102836879432624,0.9615384615384616,0.4663923182441701,340.0,175.0,0.19978046103183314,0.0,0.7173625812103073,0.0,0.0,0.0,0.5284327323162274,7.0,381.0,0.03684210526315789,911.0,0.324468085106383,0.9631578947368421,0.47156726768377255,340.0,183.0,0.0,0.000935027457532192,1.0054058683141849,0.6017699115044248,0.25663716814159293,70714.14126857171,141092.44785368894,4.31959105683931e-05,0.00011520083426294105,0.05283379470394223,,,,0.6190998902305159,3.5341457665542864,0.002454116221383141,0.0032770687623390735,0.0009272590829025547,0.8605480829463977,227846.0,0.0,515.0,233.0,0.991218441273326,0.20856201975850713,0.002844026228241883,,,,0.002467508493771234,0.0016133488414802116,66.39065620106317,-0.00041979591836734695,-0.0006748979591836735,10.253896863127864,0.028712058165548098,0.012119709819543079,48.72695150383066,17037.755837925244,0.004292273906967459,-0.0006342672886015204,11863.12963966075,0.00029573271139847967,,,1.3127723829368405,0.0335,0.0017866453657294848,0.021786645365729485,0.018942619137487602,0.0009274233276823164,0.00035938264046426826,0.0,0.0,26.830332004465163,36.29043562104922,0.0007721894376046446,0.013469019447420131
ulb,M4,ACI-BUDGET-CRC,methods,,,7,83,0.2515799984315025,0.373048592463489,0.05727552820764903,0.0026545169385391292,0.0,0.8617124608396173,0.1382875391603828,,46482.70875124119,0.0025717480432351845,620.9766225276214,482.01766426892266,0.00020053475935828877,0.022853185840707963,0.0010480852633941904,-8.845662595491244e-05,11654.448641673533,18167.135264736735,336.67768380883575,0.7521035955525638,7.0,302.0,911.0,0.4635879218472469,0.9738805970149254,0.5303265940902022,341.0,261.0,0.29418221734357847,0.0,0.7572336781452746,0.0,0.0,0.0,0.46044303797468356,7.0,291.0,0.025089605734767026,911.0,0.48312611012433393,0.974910394265233,0.5395569620253164,341.0,272.0,0.0,0.0008169468984516007,0.8784375252167749,0.5398230088495575,0.23008849557522124,78579.60388618507,146866.9829985237,3.717182642607209e-05,0.00011644847720912853,0.04620181960319278,,,,0.6180021953896817,3.8264171601738557,0.0022134937488138186,0.0031596284892609376,0.0008257407274217267,0.8604835539178669,227846.0,0.0,482.0,207.0,0.9879253567508233,0.3062568605927552,0.002607024042555059,,,,0.0024426812816188866,0.0013347096402310742,70.33256753720082,-0.00042005609382967876,-0.0006750280469148395,10.253896863127864,0.022853185840707963,0.009366566632094977,21.13357215086762,23672.2670746577,0.0030448875356055395,-0.0006739146022589429,7942.610396017222,0.00025608539774105724,,,1.392114012702624,0.044,0.00128630741816841,0.02128630741816841,0.018679283375613354,0.0008422509975901987,0.00024231839359202615,0.0,0.0,26.56334004132077,30.4128447372932,0.0007581715869578459,0.013492297269546623
ulb,M4,ACI-BUDGET-CRC,methods,,,8,89,0.3227765024029394,0.4620587175682838,0.05744669645286729,0.0024656938207529167,0.0,0.8626193755576276,0.13738062444237267,,34374.39382625155,0.0028229700616596094,555.8848373730725,223.93628990846744,0.00013395847287340923,0.017393153803442533,0.0010494866127782364,-8.867618665466695e-05,11637.09411742764,18119.086639361856,317.10158107704575,0.7698690671031096,6.0,269.0,911.0,0.522202486678508,0.98,0.5597381342062193,342.0,294.0,0.32930845225027444,0.0,0.7739349482299892,0.0,0.0,0.0,0.4297658862876254,7.0,257.0,0.022364217252396165,911.0,0.5435168738898757,0.9776357827476039,0.5702341137123745,341.0,306.0,0.0,0.0008170439161104909,0.8785418452800977,0.504424778761062,0.25663716814159293,62162.5677539616,142933.73675469458,3.606209414938983e-05,0.00011503477776413261,0.0429245330734889,,,,0.6180021953896817,3.531563324913878,0.0019207407248396516,0.0031342447792734123,0.0008874949961005853,0.8641757639840959,227846.0,0.0,491.0,204.0,0.9857299670691547,0.34357848518111966,0.002747469782221325,,,,0.0036000113250283126,0.0027726134831007002,70.33256753720082,-0.00041979591836734695,-0.0006748979591836735,10.253896863127864,0.017393153803442533,0.006271211646891997,32.959306159280345,19575.49824403579,0.002711897835412455,-0.0006671648852286667,7988.739393765795,0.00026283511477133344,,,1.5417504034900762,0.0435,0.0013653081467306857,0.021365308146730686,0.01861783836450936,0.0008624647802694975,0.00031737638924369524,0.0,0.0,26.64049598388374,29.04660405474715,0.0007787188693484366,0.013460958764650288
ulb,M4,ACI-BUDGET-CRC,methods,,,9,97,0.328698166740506,0.5088572096355597,0.05958410505341327,0.0030703405593586,0.0,0.8601388027343335,0.13986119726566654,,35382.69643686572,0.002527252838444419,604.0062301479549,1386.3078101246483,0.000266435755678412,0.035301884057971016,0.0011752367891138902,2.9103664010921913e-05,11601.363304841638,18043.320004153935,327.391802242122,0.7370923913043479,0.0,387.0,911.0,0.3113879003558719,1.0,0.4741847826086957,349.0,175.0,0.19209659714599342,0.0,0.7374149659863946,0.0,0.0,0.0,0.5251700680272109,0.0,386.0,0.0,911.0,0.31316725978647686,1.0,0.4748299319727891,349.0,176.0,0.0,0.0009279837055579086,0.9978319414601167,0.5221238938053098,0.23008849557522124,71670.77309262737,140662.7422448215,4.365975764970907e-05,0.00012047979118917536,0.05106862063248302,,,,0.6169045005488474,4.524526780924593,0.0016558671031631075,0.003812365874882034,0.0008425999136428963,0.8491350714928723,227846.0,0.0,510.0,195.0,0.9989023051591658,0.19319429198682767,0.0032785302353343926,,,,0.0013754755043227666,0.0010948307754171972,70.33256753720082,-0.0004226433282597667,-0.0004236688091526221,10.253896863127864,0.035301884057971016,0.014093920067342268,21.13357215086762,24447.01384111425,0.004297994269340974,-0.0006806183989701215,10454.755004522742,0.0002493816010298786,,,2.0509920201528273,0.0455,0.00143553101656382,0.02143553101656382,0.018157000781229428,0.000902671877876918,0.0003219400343275564,0.0,0.0,26.388504018541425,28.89741886174306,0.0007809081390946236,0.01348416648906808
ulb,M4,ACI-BUDGET-CRC,methods,,,10,101,0.31067961849740217,0.4117435727033382,0.06052333593743142,0.003357398381754139,0.0,0.8618472184166874,0.13815278158331243,,43093.60979528436,0.001965379091390128,618.7194040314537,1065.517292733981,0.00026657780739753413,0.026186768123962367,0.0010103710965958114,-0.00010520925145292297,11612.753582803594,17809.528884847095,336.7769621453055,0.7112181371440631,8.0,389.0,911.0,0.30905861456483125,0.9560439560439561,0.4663923182441701,340.0,174.0,0.19978046103183314,0.0,0.7052882602715148,0.0,0.0,0.0,0.5350756533700137,10.0,389.0,0.05434782608695652,911.0,0.30905861456483125,0.9456521739130435,0.4649243466299862,338.0,174.0,0.0,0.0008002476957153405,0.8604813932423016,0.48672566371681414,0.24778761061946902,74671.25420983578,141093.68281540315,3.461608633347576e-05,9.273990423038078e-05,0.043832845052091236,,,,0.6180021953896817,4.244296934581597,0.001863581525443196,0.003256724226940042,0.0007673177153099185,0.8660250947655823,227846.0,0.0,490.0,195.0,0.9978046103183315,0.20197585071350166,0.003274141305969822,,,,0.0002457789535567313,0.000232272015549187,70.33256753720082,8.57440325038089e-05,-0.0004221279837480956,18.13771953540305,0.026186768123962367,0.01048917138374582,32.959306159280345,19375.030199989247,0.0036815236599253877,-0.00068016880486158,11137.096921828179,0.00024983119513841996,,,1.633313740894375,0.0385,0.0013609192173661168,0.021360919217366117,0.018086777911396294,0.000785575690064183,0.00029746709780402035,0.0,0.0,26.619500014930964,32.153349992586286,0.0007600709980719202,0.013514330737742447
ulb,M4,ACI-BUDGET-CRC,methods,,,11,103,0.3053898158372607,0.41173823509738117,0.053948719749304354,0.002657432389103224,0.0,0.8684152667702623,0.1315847332297377,,43350.68588289446,0.0026473955352032054,578.0419300153403,1247.5456218601335,0.0002673082063619353,0.029237597765363128,0.0011363577448370832,-3.9485967466893496e-05,11691.716366319091,18060.797769717796,323.77567571355166,0.838316567312469,5.0,203.0,911.0,0.5365296803652968,0.9791666666666666,0.6974664679582713,468.0,235.0,0.26344676180021953,0.0,0.8435923249319863,0.0,0.0,0.0,0.289193302891933,6.0,190.0,0.023622047244094488,911.0,0.5662100456621004,0.9763779527559056,0.710806697108067,467.0,248.0,0.0,0.0008706720736664285,0.9362065308241166,0.5132743362831859,0.25663716814159293,71595.86987502773,134362.52650205954,4.265067955779412e-05,0.00013073806807619944,0.053387980498887246,,,,0.4807903402854007,4.214239731910947,0.0020587325050547365,0.003572237765628616,0.0008476588881688475,0.945320592685923,227846.0,0.0,499.0,196.0,0.9846322722283205,0.278814489571899,0.0036603670900520525,,,,-0.00038828819068255696,-0.00039290341376513365,74.27447887333835,9.040816326530616e-05,-0.0001646938775510204,18.13771953540305,0.029237597765363128,0.010779062881288782,40.843128831555475,17221.341997577758,0.003560126582278481,-0.0007005663636793058,9776.296372695371,0.00022943363632069424,,,1.652810879682323,0.0445,0.00219481579663457,0.02219481579663457,0.018534448706582517,0.00100495618622122,0.0003070908197333261,0.0,0.0,26.936499984003603,29.75395523244515,0.0007697584648467051,0.01348622958195757
ulb,M4,ACI-BUDGET-CRC,methods,,,12,107,0.33645796771996517,0.4951237190008501,0.05065702272587625,0.002789836167359647,0.0,0.8644474670074523,0.1355525329925477,,33925.08264642977,0.0024114912801873273,500.52419642694093,223.93628990846744,0.00013345789403443215,0.018861094007696536,0.0010803351089441696,-9.269685484019588e-05,11598.489594507377,17951.524784707093,306.9581486579863,0.7769477670530642,3.0,315.0,911.0,0.3558282208588957,0.9830508474576272,0.5708446866485014,419.0,174.0,0.1942919868276619,0.0,0.7773847663135951,0.0,0.0,0.0,0.42837653478854026,3.0,314.0,0.016853932584269662,911.0,0.35787321063394684,0.9831460674157303,0.5716234652114598,419.0,175.0,0.0,0.0008297424969591823,0.8921962332894433,0.5221238938053098,0.24778761061946902,56079.60006493711,143888.92026520352,3.8129683629340894e-05,0.00011072930999528674,0.05045640758016124,,,,0.5367727771679474,4.431201389474768,0.0015645071047780499,0.0034325174980285042,0.0007746245761209607,0.9535374205753993,227846.0,0.0,487.0,186.0,0.9989023051591658,0.19538968166849616,0.003230252012324114,,,,0.0007833066818960593,0.00021836862682900974,70.33256753720082,-0.00042418310571573094,-0.0006770915528578655,10.253896863127864,0.018861094007696536,0.008988712286939503,40.843128831555475,14208.34161396797,0.0033980104402639615,-0.0006870997712689513,7722.239514630895,0.00024290022873104872,,,1.9754890193609196,0.0435,0.001619866049875792,0.021619866049875792,0.01838961403755168,0.0008620661847216174,0.00037515253929910246,0.0,0.0,26.63266396848485,30.607936810702082,0.0007873173263267862,0.013479149650760401
ulb,M4,ACI-BUDGET-CRC,methods,,,13,109,0.29411936077629874,0.45624026060837986,0.06471476348059654,0.0023900605390933037,0.0,0.8630663005895245,0.1369336994104756,,50754.64013184879,0.002542841348811498,673.0209352463388,370.4655000389771,0.0002674511901577962,0.027159887640449437,0.0011772615551912384,1.517386751863462e-05,11549.586287527349,17065.48152012849,327.5971280051787,0.7583812454449753,6.0,318.0,911.0,0.3931297709923664,0.9716981132075472,0.5450643776824035,381.0,206.0,0.2327113062568606,0.0,0.770027845543481,0.0,0.0,0.0,0.4311377245508982,7.0,288.0,0.02880658436213992,911.0,0.45038167938931295,0.9711934156378601,0.5688622754491018,380.0,236.0,0.0,0.0009242940883491054,0.9938646111280702,0.5929203539823009,0.25663716814159293,82686.51429905201,144799.1105672614,4.600292236071432e-05,0.00012314402542484216,0.053716469164946455,,,,0.575192096597146,3.9436532756994263,0.0020263187593832313,0.0036458609137665077,0.0009244881988566543,0.9571995017731527,227846.0,0.0,508.0,204.0,0.9659714599341384,0.2667398463227223,0.0055081063525363625,,,,0.0026579036391594056,0.0014426555232834063,70.33256753720082,9.040816326530616e-05,-0.00041979591836734695,18.13771953540305,0.027159887640449437,0.012909063810778854,40.843128831555475,20862.923920647336,0.004288421262591004,-0.0006981760225823828,10698.484746516899,0.00023182397741761725,,,1.718970372457269,0.0525,0.004349780114638834,0.024349780114638835,0.01884167376210247,0.0009686981423255796,0.0002970143843483147,0.0,0.0,26.938836032059044,29.53000037232414,0.0007566754707498638,0.013485400332947046
ulb,M4,ACI-BUDGET-CRC,methods,,,14,113,0.30039924259169815,0.40494227863671445,0.06794062656355608,0.002537767815763622,0.0,0.8557702891775677,0.14422971082243222,,23556.08712487005,0.001951854261548471,597.6996105454479,710.4604120238454,0.00026727248429774154,0.02856360044518642,0.0010664261183236916,-9.601020507737497e-05,11526.81103984866,17178.472261916482,312.09097211922216,0.7347354138398914,0.0,391.0,911.0,0.30796460176991153,1.0,0.4694708276797829,346.0,174.0,0.19099890230515917,0.0,0.7347354138398914,0.0,0.0,0.0,0.5305291723202171,0.0,391.0,0.0,911.0,0.30796460176991153,1.0,0.4694708276797829,346.0,174.0,0.0,0.0008120627354501422,0.8731857370431636,0.5575221238938053,0.22123893805309736,60641.940070701254,136688.50947069054,3.377966376010551e-05,9.414068942315632e-05,0.041716865937829625,,,,0.6201975850713501,4.306995680799866,0.0019889980472235923,0.0034689809532201447,0.0008054294014466968,0.8624537595343232,227846.0,0.0,505.0,184.0,1.0,0.19099890230515917,0.005086769133537565,,,,0.0020461904761904758,0.0017352582751758733,70.33256753720082,-0.00041979591836734695,-0.0006748979591836735,10.253896863127864,0.02856360044518642,0.010918575157924014,25.075483487005272,26541.09547224128,0.003836505828537701,-0.0006845778056528912,9834.29706156608,0.0002454221943471088,,,1.620408812711673,0.0735,0.003757274650421777,0.023757274650421777,0.018670505516884213,0.0007728631437169262,0.00028870078210552425,0.0,0.0,27.08199998596683,30.438731214962896,0.0007833868345197256,0.013458873584975913
ulb,M4,ACI-BUDGET-CRC,methods,,,15,127,0.2926423656875068,0.41150829918904497,0.06205507228566663,0.003169964126984986,0.0,0.8622586970823554,0.13774130291764447,,36522.48362141532,0.002571652193358429,550.1238748312912,249.20711890897405,0.00026647125441343016,0.019926201975850714,0.0010531438375387663,-9.464768343881919e-05,11506.166230541177,17349.5010277015,313.9924538096265,0.7634071852962407,6.0,281.0,911.0,0.5026548672566372,0.9793103448275862,0.5475040257648953,340.0,284.0,0.31833150384193193,0.0,0.7677290167345877,0.0,0.0,0.0,0.4415156507413509,7.0,268.0,0.023026315789473683,911.0,0.5256637168141592,0.9769736842105263,0.5584843492586491,339.0,297.0,0.0,0.0008111306206580655,0.8721834630731886,0.46017699115044247,0.25663716814159293,55697.16965363776,126777.64593748089,3.5063904375604915e-05,0.00011072213767549031,0.04103403385550003,,,,0.6201975850713501,4.157702489114255,0.0019659416309132983,0.003363586705576929,0.0008090012968420686,0.853543127454323,227846.0,0.0,491.0,193.0,0.9846322722283205,0.3336992316136114,0.0031731959305846933,,,,0.0007813519680547633,0.0005043796877310853,70.33256753720082,-0.0004216115912557194,-0.0006758057956278597,10.253896863127864,0.019926201975850714,0.008209359720525427,40.843128831555475,11928.749912338597,0.003039364674738958,-0.0006924590241816714,6996.7290009748685,0.00023754097581832865,,,1.6187278551637783,0.0595,0.0012687517007101273,0.021268751700710128,0.018095555770125435,0.0008564922485031935,0.0002774359860791814,0.0,0.0,27.023167931474745,30.73419769643806,0.0007892014931796306,0.013476958138243376
ulb,M4,ACI-BUDGET-CRC,methods,,,16,131,0.35893113869475785,0.3947050716703631,0.05343960394301414,0.002710190536357699,0.0,0.8634477819371732,0.13655221806282677,,24275.6471152377,0.002324167769156506,461.9305892599875,400.62410254986975,0.0002002803925495694,0.0225075,0.0010543620849179515,-0.00013050069338092082,11630.750620243038,18075.86147904754,319.2604225409425,0.7761194029850746,0.0,330.0,911.0,0.34523809523809523,1.0,0.5522388059701493,407.0,174.0,0.19099890230515917,0.0,0.7761194029850746,0.0,0.0,0.0,0.44776119402985076,0.0,330.0,0.0,911.0,0.34523809523809523,1.0,0.5522388059701493,407.0,174.0,0.0,0.0007850184432043885,0.8441058529079446,0.5132743362831859,0.22123893805309736,43398.062681902295,133484.13204884878,3.741400256071201e-05,0.00010829595947663582,0.05581209208265138,,,,0.5532381997804611,4.638601427057952,0.0018218590790341637,0.003335604455573963,0.0007190970183634813,0.9449935058093214,227846.0,0.0,489.0,185.0,1.0,0.19099890230515917,0.003313641670250959,,,,0.0031578896269800717,0.001690646082232827,70.33256753720082,-0.0004226433282597667,-0.0006763216641298834,10.253896863127864,0.0225075,0.009634392241778386,25.075483487005272,11223.471926838174,0.0031019202363367798,-0.0006938390326846779,7498.319537276554,0.00023616096731532212,,,1.7080790043348533,0.046,0.0017910342950940537,0.021791034295094054,0.018477392624843096,0.0008068793927570561,0.0003536728578483741,0.0,0.0,27.08916401024908,29.767835570964962,0.0007760340124790672,0.013483702200687042
ulb,M4,ACI-BUDGET-CRC,methods,,,17,137,0.24071865354237962,0.37358637209760437,0.054400779473855146,0.003280068529394184,0.0,0.8657479525150709,0.13425204748492944,,35915.463749497794,0.0026317713283134734,537.3612755912322,407.4357869100886,0.000266187529114261,0.0191145434298441,0.0010538465530614911,-6.562190472061024e-05,11642.111218895045,18276.10156692636,321.297824775919,0.796780451995176,6.0,227.0,911.0,0.5850091407678245,0.9815950920245399,0.611965811965812,358.0,320.0,0.3578485181119649,0.0,0.7994480721393035,0.0,0.0,0.0,0.3802083333333333,7.0,219.0,0.020895522388059702,911.0,0.5996343692870201,0.9791044776119403,0.6197916666666666,357.0,328.0,0.0,0.0008470245305875227,0.9107790651478739,0.46017699115044247,0.26548672566371684,61183.535382813054,127530.93784660296,3.722213387347967e-05,0.00011277609442876328,0.047452740340473906,,,,0.6004390779363337,3.612509227840653,0.002335995558976668,0.003152622736438185,0.0008726961061142087,0.9010154200013467,227846.0,0.0,493.0,216.0,0.9901207464324918,0.3677277716794731,0.002295410057670532,,,,0.002849697624190065,0.0025463110014128537,74.27447887333835,-0.0004226433282597667,-0.0006763216641298834,10.253896863127864,0.0191145434298441,0.009591040185450215,40.843128831555475,13731.055730437829,0.0031040599132834057,-0.0006609061064131803,11129.580115967332,0.0002690938935868198,,,1.3196009684415513,0.041,0.00039096582779596725,0.020390965827795968,0.018095555770125435,0.0009287342838231974,0.0002244334986194113,0.0,0.0,26.987999910488725,31.760515586938705,0.0007846806022032836,0.013490630165458904
ulb,M4,ACI-BUDGET-CRC,methods,,,18,139,0.30482183388517065,0.5225988888135299,0.0545587809309797,0.0027158987821143603,0.0,0.8552505939242231,0.14474940607577685,,43139.00369182232,0.002294400229440023,557.1490142564678,223.93628990846744,0.00013359161044686394,0.02018111111111111,0.0010588143532199521,-0.00011183178421698851,11544.841826794627,17512.327243560896,332.38161408375163,0.7957541814879285,6.0,274.0,911.0,0.3897550111358575,0.9668508287292817,0.6246575342465753,456.0,175.0,0.1986827661909989,0.0,0.7928405613590799,0.0,0.0,0.0,0.37585733882030176,7.0,274.0,0.038461538461538464,911.0,0.3897550111358575,0.9615384615384616,0.6241426611796982,455.0,175.0,0.0,0.0008050576563350935,0.8656533939087026,0.5575221238938053,0.23893805309734514,65751.4003321749,146752.31247022317,3.68516100753008e-05,0.000113786445269902,0.050817948511380565,,,,0.49286498353457736,4.1706580979810655,0.0015395818056791577,0.003355643694427825,0.0008045837408854556,0.9511334977747788,227846.0,0.0,496.0,189.0,0.9989023051591658,0.19978046103183314,0.004744432643101042,,,,0.0020802347983142682,0.0011689416271856378,74.27447887333835,-0.00042083503054989827,-0.0006754175152749492,10.253896863127864,0.02018111111111111,0.009249231561844295,32.959306159280345,16178.668979619268,0.0033527265555665124,-0.0006867863367968761,6209.791370824837,0.00024321366320312395,,,1.9426762117703502,0.0485,0.003397382442526971,0.02339738244252697,0.018652949799425927,0.0007920601213422224,0.00039130703912413945,0.0,0.0,27.310999983455986,30.490734451450404,0.0007717785988414132,0.01348100082982347
ulb,M4,ACI-BUDGET-CRC,methods,,,19,149,0.31189249745709785,0.41861492881052575,0.06169079114840726,0.002641985710706101,0.0,0.8654061816885964,0.13459381831140366,,39323.87114407367,0.0024016811768237767,631.6741370345371,2846.798751726482,0.0002007226013649137,0.02591931506849315,0.0011106844760714772,1.031452713470129e-05,11590.97810793722,17629.18510566264,309.10979000662695,0.7424613027955873,6.0,328.0,911.0,0.41843971631205673,0.9752066115702479,0.5097159940209267,341.0,236.0,0.265642151481888,0.0,0.740528301423059,0.0,0.0,0.0,0.49025487256371814,7.0,327.0,0.028688524590163935,911.0,0.42021276595744683,0.9713114754098361,0.5097451274362819,340.0,237.0,0.0,0.0009160917236838338,0.9850448641761653,0.45132743362831856,0.24778761061946902,76125.9620074408,143847.17577158497,3.87522741617159e-05,0.00011466713435682962,0.0406294891400737,,,,0.6190998902305159,3.9007978434074215,0.0021385307304603637,0.003492075715098935,0.0008952208894907868,0.8673972637218652,227846.0,0.0,514.0,208.0,0.9978046103183315,0.2678375411635565,0.004002703580488575,,,,0.0002492452830188678,-5.466307277628038e-05,70.33256753720082,-0.00041979591836734695,-0.0006748979591836735,10.253896863127864,0.02591931506849315,0.012085446331551722,40.843128831555475,16418.083218977292,0.004034837376371598,-0.0006388082129627748,17537.208892663348,0.00029119178703722516,,,1.5646649610666152,0.0845,0.0024537626291442453,0.022453762629144246,0.018451059048655672,0.0009165357544418093,0.0003027313402740701,0.0,0.0,26.970496051944792,30.710269120754667,0.0007861899372021969,0.013456533395063398
ulb,M5,ACI-BUDGET-CRC-IAP,methods,,,0,11,0.5694221599353746,1.2316865443196447,0.015216418106966986,0.0031591278061476433,0.0022857226979102964,0.9796965880174129,0.0180176892846766,2.1260794382685395,67936.49862567954,0.002882134119776132,522.3440023742074,223.93628990846744,0.00013332444503699753,0.027002960893854747,0.0011886234955317153,6.043456376411111e-05,77141.98691098638,100384.86916141628,9680.652778732856,0.7025693230353862,152.0,46.0,911.0,0.7526881720430108,0.4794520547945205,0.925686591276252,573.0,140.0,0.3205268935236004,0.0021681311060979783,0.6867470525187567,85.73657156099239,85.73657156099239,18.231339929636306,0.07666666666666666,171.0,46.0,0.5498392282958199,911.0,0.7526881720430108,0.45016077170418006,0.9233333333333333,554.0,140.0,0.0,0.0009942794878779625,1.0691177289010347,0.4424778761061947,0.30973451327433627,101572.51820324577,154986.12819646872,4.5265181558132204e-05,0.00012985104927598634,0.0547960487302813,9.853523769049607e-05,0.0002111169697391783,0.15286044582581126,0.20417124039517015,3.8485028977223874,0.000726937966596935,0.0034457944461840973,0.0008953597120125282,0.937012057837021,227846.0,494.0,508.0,229.0,0.9791437980241493,0.3413830954994512,0.0036603670900520525,0.12712433708676005,0.35975732506693825,0.2937277671091937,0.00315371618172537,0.0028966617624588092,90.04212421788873,-0.0004236708860759494,-0.0006768354430379748,10.253896863127864,0.027002960893854747,0.010755018536443959,40.843128831555475,21251.57124484374,0.003872856940443017,-0.0006123276951901821,12160.512042814024,0.00031767230480981803,0.000723177659098912,0.0006890635648310748,4.1867791608834235,0.082,0.0017383671427192056,0.021738367142719206,0.018078000052667152,0.0013252586285849364,0.0005600891142743398,0.13179372741708717,0.13331435292085766,53.15983603941277,60.80326676601543,8.78419799689804e-05,0.01210289491583699
ulb,M5,ACI-BUDGET-CRC-IAP,methods,,,1,23,0.8834315103188749,1.3600588631429342,0.002084741448171133,0.002720375429582488,0.0024422283829992034,0.9802831086969336,0.017274662920067362,2.0706354785390078,34357.1132936634,0.002581207468740572,342.36013783733335,279.5217141914748,0.00020062863639403464,0.021484671421293938,0.001106244372678123,1.7633250104001198e-05,77191.21708229002,98963.3218925859,9146.170394864886,0.5154710664753707,244.0,8.0,911.0,0.5789473684210527,0.043137254901960784,0.9878048780487805,648.0,11.0,0.27991218441273324,0.0022076314703791157,0.5133841477246949,102.48969473957709,102.48969473957709,39.419113361375764,0.012658227848101266,268.0,8.0,0.9605734767025089,911.0,0.5789473684210527,0.03942652329749104,0.9873417721518988,624.0,11.0,0.0,0.0009409656099473508,1.0117909784380115,0.4778761061946903,0.2831858407079646,71330.97578646708,124100.43386425725,3.874614890005503e-05,0.00011211526227861923,0.04495620982747978,9.241883329538054e-05,0.0002077808815235029,0.14955067344236525,0.020856201975850714,3.387576464921277,0.000668421820111294,0.0030796221215524506,0.0009090930207604973,0.9534811208991405,227846.0,503.0,497.0,241.0,0.973655323819978,0.3062568605927552,0.0028001369345961747,0.11991346469461336,0.3196506109080394,0.2811301565070673,0.004687977528089887,0.0023891928456775966,74.27447887333835,-0.00041979591836734695,-0.0006748979591836735,10.253896863127864,0.021484671421293938,0.010263234888604443,25.075483487005272,23279.511940808952,0.0036529680365296802,-0.0006104928078931057,13414.82883780325,0.0003195071921068943,0.0006898136944335702,0.0006639451518559919,4.435027706804157,0.049,0.0012160845483352792,0.02121608454833528,0.018415947613739103,0.0010886351686752351,0.0006845868705014826,0.14481265220824757,0.13709588382496915,53.516331943683326,61.045265622669824,0.00010164319631311934,0.012086280802192524
ulb,M5,ACI-BUDGET-CRC-IAP,methods,,,2,37,0.8622515423716588,1.006738589740116,0.015598254961684647,0.0019279040845674963,0.0021052045865751993,0.9789221958702807,0.018972599543144203,1.904735785180173,47857.76770043612,0.0023452157598499064,462.3909123330391,1488.9856700593432,0.00040155267032525766,0.02395572879634332,0.001110291065079274,1.935820916984504e-05,76562.26720801117,99012.95124857003,9420.202429036694,0.857788386476911,43.0,36.0,911.0,0.7954545454545454,0.7650273224043715,0.9505494505494505,692.0,140.0,0.20087815587266739,0.0020715746600774207,0.857788386476911,17.24586209560192,17.24586209560192,17.24586209560192,0.04945054945054945,43.0,36.0,0.23497267759562843,911.0,0.7954545454545454,0.7650273224043715,0.9505494505494505,692.0,140.0,0.0,0.0009546235601094635,1.0264769463542618,0.5221238938053098,0.26548672566371684,85749.14264992707,135993.37025419,3.5860050397412134e-05,0.00010116362778777022,0.03897567184139547,9.91448288368781e-05,0.00023370217885515334,0.1675730204891698,0.19319429198682767,3.793928479365479,0.0008440898497589894,0.0032239962912501787,0.0008497778249603115,0.944886060601181,227846.0,472.0,500.0,227.0,1.0,0.20087815587266739,0.0033926423988132337,0.11734734513670658,0.263748650318615,0.2722426734106848,0.0026414285714285715,0.0016210204081632653,74.27447887333835,-0.00041979591836734695,-0.0006748979591836735,10.253896863127864,0.02395572879634332,0.01159950094087997,25.075483487005272,21969.25932195209,0.0040849285137510094,-0.0006185927636743459,14433.129957479508,0.0003114072363256541,0.0006748879359918509,0.0006597362586771734,3.6801357293614316,0.0605,0.002308927960113411,0.02230892796011341,0.018916285561300178,0.0013517094119622802,0.0005247057903732873,0.16232840887342434,0.14030982616949803,53.35516802733764,60.59123321902007,9.358778653615212e-05,0.012108745423319902
ulb,M5,ACI-BUDGET-CRC-IAP,methods,,,3,53,0.7692432580067151,1.5175511586119816,0.004586431185976493,0.002837408140495867,0.002579652554763029,0.9802631699744081,0.017157177470828972,2.027647682476156,37961.89825516365,0.0026144667158275793,324.9103274160305,223.93628990846744,0.00013352026169971293,0.019426234096692113,0.0010689391871258741,-5.415872663760342e-05,77197.55035328263,99259.05877242793,9672.261339228306,0.49969220246238033,171.0,37.0,911.0,0.1956521739130435,0.05,0.9493844049247606,694.0,9.0,0.19758507135016465,0.0022778543402122487,0.49951941269961403,40.40459119541015,40.40459119541015,40.40459119541015,0.050684931506849315,172.0,37.0,0.9502762430939227,911.0,0.1956521739130435,0.049723756906077346,0.9493150684931507,693.0,9.0,0.0,0.0008713931510295016,0.936981882827421,0.5132743362831859,0.2743362831858407,64420.899407069104,125077.02846316222,3.553790608065223e-05,0.00011126224209473339,0.042468734620804444,8.335226897388734e-05,0.00018610337828650907,0.15805288348251015,0.050493962678375415,3.6866175076760985,0.0005483590103861469,0.0030678661377501614,0.0008321628515468169,0.9335780884473567,227846.0,519.0,477.0,222.0,0.9989023051591658,0.1986827661909989,0.00353747706784407,0.11861043229437332,0.3499183548407027,0.2838687666820545,0.0026414285714285715,0.0016218021304538158,74.27447887333835,-0.000421869918699187,-0.0006759349593495935,10.253896863127864,0.019426234096692113,0.008565616829161361,25.075483487005272,16636.941077543408,0.003060199141317256,-0.0006285730319063652,9598.12378445357,0.00030142696809363475,0.0006541281549024109,0.0006179415896549214,5.148733041440294,0.0445,0.001834923588739764,0.021834923588739764,0.018297446520895693,0.00047852879346365164,0.0006569487390448013,0.1350919631977904,0.1344704789223676,53.6161680938676,61.164618004113436,8.751472266591588e-05,0.01210050230052196
ulb,M5,ACI-BUDGET-CRC-IAP,methods,,,4,71,1.0898557521914154,1.0533163799529335,0.015760645348173768,0.002575411299740657,0.0023496722445366836,0.9791478563454052,0.018502471410057873,2.1392780990299958,37007.84646400873,0.002580169553999263,421.86603332353576,223.93628990846744,0.00013357376611233555,0.02737188679245283,0.0011938840052492857,4.5985984600757575e-05,77035.08429829332,99261.3377367419,9661.396867624577,0.8931317641716492,31.0,31.0,911.0,0.8287292817679558,0.8287292817679558,0.9575342465753425,699.0,150.0,0.1986827661909989,0.00212424181245227,0.8908259093444278,0.0,0.0,0.0,0.04252400548696845,32.0,31.0,0.17582417582417584,911.0,0.8287292817679558,0.8241758241758241,0.9574759945130316,698.0,150.0,0.0,0.0009590080856653289,1.0311914899627193,0.49557522123893805,0.2743362831858407,75629.2178336641,129715.80162671384,4.1850779338099664e-05,0.00012100244215626816,0.048868270344784775,9.454871068500086e-05,0.00024010226179752546,0.19174753991496254,0.1986827661909989,4.078433927987186,0.0008143786959165817,0.0034984741790680383,0.0008577984198936446,0.9459382455452806,227846.0,484.0,508.0,226.0,0.9989023051591658,0.19978046103183314,0.003199529506772118,0.1257450510251256,0.3136993148166966,0.2865289421990348,0.0021312244897959184,0.001366309028971466,74.27447887333835,-0.00042005609382967876,-0.0006750280469148395,10.253896863127864,0.02737188679245283,0.012427830867428638,29.01739482314275,24329.343293731232,0.003996725574228343,-0.0006127164650729105,14068.091786015666,0.0003172835349270895,0.0006609407938865975,0.0006312862777036146,4.410934455500797,0.063,0.0017910342950940537,0.021791034295094054,0.018591504788321937,0.0014855066696041197,0.0004530003533037042,0.1501857374054028,0.13581543467763663,53.74616803601384,60.492765583330765,8.788503826953648e-05,0.012113395808057748
ulb,M5,ACI-BUDGET-CRC-IAP,methods,,,5,73,1.0651264847983046,1.4699146247807093,0.001812627827567743,0.0036046307483372565,0.0022874220007370436,0.980947095014659,0.01676548298460388,2.372871335239994,38884.05819078982,0.002512226167347759,369.9009405958322,631.2334165771267,0.000200253654629197,0.0245023499491353,0.0010692377780606283,3.926753784266181e-05,77341.59510489427,100526.8997402489,9162.162924403166,0.4870689655172414,215.0,18.0,911.0,0.0,0.0,0.9741379310344828,678.0,0.0,0.23600439077936333,0.002106686094993987,0.4868421052631579,,,,0.02631578947368421,227.0,18.0,1.0,911.0,0.0,0.0,0.9736842105263158,666.0,0.0,0.0,0.0009624294404927639,1.0348703661212515,0.40707964601769914,0.3008849557522124,78852.03264944832,138989.16069616372,3.6530269161190234e-05,0.00010713372277437303,0.04052691393470482,9.037997004431549e-05,0.0002036179024635982,0.15716847436441161,0.019758507135016465,3.23928436383698,0.000620919147479106,0.0029564887998305245,0.000912698135685908,0.9396386934869269,227846.0,480.0,499.0,255.0,0.986827661909989,0.2491767288693743,0.0030722505551995646,0.11641206441438662,0.3609337675013448,0.275879551257137,0.00263234096692112,0.001872620943113267,74.27447887333835,-0.00041979591836734695,-0.0006748979591836735,10.253896863127864,0.0245023499491353,0.01059838758615521,40.843128831555475,22589.85056499951,0.0035454545454545456,-0.0005531428607928053,16746.890477081866,0.0003768571392071948,0.000706925475779975,0.0006716380021497863,4.682720679372214,0.069,0.0008035251880656215,0.020803525188065622,0.01773127463286606,0.0002332813212249634,0.0007073524523725923,0.13943553814280685,0.13499332557610527,54.83433196786791,64.87833244609645,9.902936656703622e-05,0.012082976549975423
ulb,M5,ACI-BUDGET-CRC-IAP,methods,,,6,79,0.717056476384648,1.0651322810288142,0.02242742905295682,0.0026070021436491284,0.002211806200986532,0.9785869818236952,0.019201211975318187,0.5175229412962754,52192.30418004908,0.002378001808621094,480.637555387348,223.93628990846744,0.00013391362571141613,0.028712058165548098,0.0011141735496989747,5.54361035751855e-05,76407.83112182966,98781.88040980531,8658.791700723992,0.8846907550611254,22.0,80.0,911.0,0.6666666666666666,0.8791208791208791,0.8902606310013718,649.0,160.0,0.19978046103183314,0.0020101296489734295,0.8655741294985035,7.88382267227513,7.88382267227513,0.0,0.11095700416088766,30.0,80.0,0.15789473684210525,911.0,0.6666666666666666,0.8421052631578947,0.8890429958391124,641.0,160.0,0.0,0.0009656485405435091,1.0383317640252785,0.49557522123893805,0.25663716814159293,82710.15873053375,141092.44785368894,4.28794460097269e-05,0.0001116985908964435,0.051645022985193044,8.958555034570217e-05,0.00021268019887745075,0.1202482406731834,0.26344676180021953,3.6270008768132302,0.0008420677745244983,0.0032531063028575975,0.000896913569460136,0.958838370490096,227846.0,458.0,515.0,240.0,0.991218441273326,0.20856201975850713,0.0018521281918488803,0.1246753015878785,0.3163931691470024,0.2878615533368329,0.002117232097511427,0.001358922171204693,66.39065620106317,-0.00041979591836734695,-0.0006748979591836735,10.253896863127864,0.028712058165548098,0.01242394859166305,48.72695150383066,17415.03302232444,0.004469328618437208,-0.0006235175705724701,12878.88523825176,0.00030648242942752995,0.000725024378053439,0.0006936106708669795,3.533666972771964,0.0385,0.0004172994039833913,0.020417299403983392,0.018565171212134513,0.0014249273148369507,0.00046813463014820276,0.14293248078939055,0.13935522628391123,54.67833194416016,64.48375124600715,0.00011879966067643935,0.012092071229310008
ulb,M5,ACI-BUDGET-CRC-IAP,methods,,,7,83,0.9403123532646047,0.983499098649831,0.014518578338000227,0.003153169496888202,0.002310472920118675,0.9796579581021762,0.01803156897770521,2.241111788848943,56720.219698865505,0.0025470022453835586,494.8264056372131,482.01766426892266,0.000200213561131874,0.02290367139959432,0.0010403663740360853,-2.0727618720121784e-05,77215.57409903397,99328.28177747433,9681.15123532469,0.8079228540383918,93.0,9.0,911.0,0.9461077844311377,0.6294820717131474,0.9863636363636363,651.0,158.0,0.27552140504939626,0.001996962860879717,0.7890860442998087,16.26038426156748,16.26038426156748,17.24586209560192,0.009419152276295133,113.0,6.0,0.4124087591240876,911.0,0.9640718562874252,0.5875912408759124,0.9905808477237049,631.0,161.0,0.0,0.0009119906350812398,0.980635091485204,0.4690265486725664,0.2920353982300885,95536.7222184796,146866.9829985237,3.6932829190315495e-05,0.0001126712583203301,0.04486807002309274,8.226183076618702e-05,0.0001856610531214131,0.15212120679634358,0.18331503841931943,3.5598975499074443,0.00084926396032613,0.0029734056371330747,0.0008352503394965347,0.9478515570806034,227846.0,455.0,482.0,239.0,0.9747530186608123,0.300768386388584,0.0032609745178761094,0.1272284114680547,0.3765428928570814,0.29206509119129354,0.0021312244897959184,0.0016215412903293016,86.10021288175113,-0.0004223857868020305,-0.0006761928934010152,10.253896863127864,0.02290367139959432,0.00938703637400475,25.075483487005272,25598.899131728558,0.003252875730718461,-0.0005866512483642348,12735.585723616607,0.0003433487516357653,0.0006625776149107018,0.0006307016240618246,3.55934108447238,0.069,0.00143553101656382,0.02143553101656382,0.01817455649868771,0.0013459635374496533,0.0004973940679431304,0.1392742498701869,0.13438366361926096,54.860504053067416,71.13778200000522,8.772991553748996e-05,0.01211114379020019
ulb,M5,ACI-BUDGET-CRC-IAP,methods,,,8,89,1.3140684104830864,1.3726607572092582,0.0016019592180683444,0.002471071567208341,0.0022029672930095464,0.9800491157684803,0.017747916938510265,2.0355647799576446,51651.650566185715,0.0028166180464741977,406.46000660907424,223.93628990846744,0.00013393156097234312,0.017947551020408164,0.0010478811847246872,9.255697224793344e-06,77471.84166422678,99800.51580116208,9923.990411811925,0.4959677419354839,291.0,5.0,911.0,0.0,0.0,0.9919354838709677,615.0,0.0,0.3194291986827662,0.0020364632251608544,0.4958609271523179,,,,0.008278145695364239,307.0,5.0,1.0,911.0,0.0,0.0,0.9917218543046358,599.0,0.0,0.0,0.0009316283340425056,1.0017508968198985,0.45132743362831856,0.3008849557522124,87940.75457785837,142933.73675469458,3.765610100324861e-05,0.0001195638973292173,0.04195397700589272,8.035599279296215e-05,0.0001825252074372685,0.14345705010397844,0.005488474204171241,3.1079539603608173,0.0006690922225475629,0.002854458782822773,0.0009184366368449632,0.9415463293484537,227846.0,464.0,491.0,255.0,0.9824368825466521,0.33699231613611413,0.0036208667257709155,0.12659801882288743,0.3710420622848369,0.2888289862941158,0.0031516326530612246,0.0028974421560354615,74.27447887333835,-0.00042005609382967876,-0.0006750280469148395,10.253896863127864,0.017947551020408164,0.00689079005825458,32.959306159280345,22639.35227118981,0.0029789184234647113,-0.0005662220704708053,13425.815450574386,0.0003637779295291948,0.0007099344258689939,0.0006794560964240669,4.303858885823831,0.067,0.0021245929268014357,0.022124592926801436,0.01850372620103052,0.00029551973117786744,0.0007074387588395286,0.14338460004220405,0.13421811443156278,54.79433201253414,61.733151180669665,7.966441962263359e-05,0.01211410954715091
ulb,M5,ACI-BUDGET-CRC-IAP,methods,,,9,97,0.7181895509341965,1.3599939225995756,0.011468272429623517,0.0032553563756896674,0.0023016087592227894,0.9799719814014732,0.017726409839303923,2.1756834176331226,45169.21494924093,0.0025123103205707967,448.63968616377105,1386.3078101246483,0.00026657780739753413,0.034513037974683546,0.0011291622062440919,8.526210634831244e-05,77266.71102690321,99645.70152077322,9421.916982312012,0.8523874223602484,50.0,7.0,911.0,0.946969696969697,0.7142857142857143,0.9904891304347826,729.0,125.0,0.19209659714599342,0.002106686094993987,0.8523874223602484,22.1732512657739,22.1732512657739,22.1732512657739,0.009510869565217392,50.0,7.0,0.2857142857142857,911.0,0.946969696969697,0.7142857142857143,0.9904891304347826,729.0,125.0,0.0,0.0010174872135773495,1.0940722726638166,0.45132743362831856,0.2920353982300885,87256.76696007756,140662.7422448215,4.257123401911244e-05,0.00011610781381994187,0.04317836035511166,9.319019991186211e-05,0.00021689644009180185,0.1299094944252509,0.14489571899012074,3.8516901856140153,0.0006400157157721481,0.003352578479809942,0.0008704174838183389,0.9333141121192219,227846.0,480.0,510.0,236.0,1.0,0.19209659714599342,0.0028264705107835996,0.12143123084263677,0.38745851998925357,0.2842617725594059,0.0016197195308516063,0.0011105565494993102,74.27447887333835,-0.0004223857868020305,-0.0004237951145014696,10.253896863127864,0.034513037974683546,0.013603355143872132,25.075483487005272,25781.670662462675,0.004425612052730697,-0.0005945918663527591,14919.57353824929,0.00033540813364724094,0.000744980772247493,0.0007095720047166157,4.551565054898814,0.05,0.0008210809055239077,0.020821080905523908,0.017994610394740308,0.0016326399355153195,0.0005847154927069282,0.13985118568622698,0.13543798849764715,55.12566398829222,64.75769993849097,9.487845835198527e-05,0.012098650890332593
ulb,M5,ACI-BUDGET-CRC-IAP,methods,,,10,101,0.8924561761880908,1.2731162865638586,0.0006188390404044837,0.003806724371750321,0.002311905913929718,0.9813114074602987,0.016376686625771582,2.229723511199321,51351.64180132303,0.0020446470469933633,399.7188026027055,1065.517292733981,0.00026654228026920773,0.027438794326241134,0.0010078761060795555,-2.07373960142482e-05,77674.13604893025,99651.48343496007,10456.035136987486,0.49794238683127573,182.0,3.0,911.0,0.0,0.0,0.9958847736625515,726.0,0.0,0.19978046103183314,0.0020364632251608544,0.49793672627235214,,,,0.0041265474552957355,184.0,3.0,1.0,911.0,0.0,0.0,0.9958734525447043,724.0,0.0,0.0,0.0009030233400240508,0.9709928387355384,0.415929203539823,0.2920353982300885,87881.24208551213,141093.68281540315,3.620368625891555e-05,9.833761874003548e-05,0.04139262517357325,8.61620225566254e-05,0.00021593743522450767,0.14159780292532004,0.003293084522502744,3.672602723999809,0.0006370285194098542,0.0029785226146443167,0.0008110113830663465,0.9495152632528839,227846.0,464.0,490.0,239.0,0.9978046103183315,0.20197585071350166,0.0034848099154692206,0.10150681203645637,0.23230062859843317,0.25803782581249957,9.145045965270682e-05,9.092931145900649e-05,74.27447887333835,8.626016260162607e-05,-0.000421869918699187,18.13771953540305,0.027438794326241134,0.010894115952620955,48.72695150383066,21730.243730788177,0.003908913231216763,-0.0006048506544427514,13733.83926066693,0.0003251493455572486,0.0006400031765287122,0.0006159585485446558,4.454945027736523,0.0695,0.0010931945261272967,0.021093194526127297,0.017608384610658077,0.00038718895802174473,0.0006479887502933883,0.14442822145656398,0.13232367471288892,54.80716400779784,66.99346318491735,6.405916442071293e-05,0.01211917644095131
ulb,M5,ACI-BUDGET-CRC-IAP,methods,,,11,103,1.3204848013767043,1.0608696439071665,0.017516217094002088,0.002569821453114001,0.0024464114253725175,0.9790937006968963,0.018459887877730917,2.037288146445966,45253.55504109036,0.0026149926243797775,453.4077730242365,1247.5456218601335,0.0002668801708033093,0.03014488537952114,0.0011283059206198414,2.2807228395784263e-05,76867.164052766,98694.10816446508,9935.124677622181,0.8606900641144424,62.0,15.0,911.0,0.9230769230769231,0.743801652892562,0.9775784753363229,654.0,180.0,0.265642151481888,0.002062796801348279,0.8647514951042079,16.260384261567538,16.260384261567538,5.420128087189198,0.0106544901065449,66.0,7.0,0.25984251968503935,911.0,0.9641025641025641,0.7401574803149606,0.989345509893455,650.0,188.0,0.0,0.0009561448240693524,1.028112714053067,0.5309734513274337,0.2920353982300885,81506.8653323958,134362.52650205954,4.157558022643911e-05,0.00012547025896392108,0.045912482552991074,9.835308916712485e-05,0.00024643388015245147,0.16423855227427717,0.21405049396267836,4.03550266425348,0.0007937653245299981,0.0033982222868085385,0.0008420815371799956,0.9456606418420128,227846.0,470.0,499.0,221.0,0.986827661909989,0.278814489571899,0.0031161398488452727,0.12235882524978925,0.2923288450884362,0.2800639764895873,9.040816326530616e-05,-0.0001645636570095113,74.27447887333835,8.57440325038089e-05,-0.00016793377937595526,18.13771953540305,0.03014488537952114,0.011502628509495278,40.843128831555475,19996.054756291138,0.004030130019670872,-0.0006442356127372981,15009.709913154178,0.0002857643872627019,0.0006771991462450779,0.0006477597957498981,4.3647223665172,0.049,0.0016505885554277885,0.02165058855542779,0.018534448706582517,0.0014511985710011332,0.00046353615800822333,0.14946567698783414,0.13658970444071805,55.031164025422186,63.62598441774025,7.911989070535126e-05,0.012120158305531668
ulb,M5,ACI-BUDGET-CRC-IAP,methods,,,12,107,0.47883052473021265,1.5479105982977197,0.0038754246289160223,0.0032084650204748403,0.0022417517480953554,0.9809807009652065,0.01677754728669819,2.0591471269561676,51433.07002810244,0.0025135732957973053,377.2412416932451,223.93628990846744,0.00013347570742124932,0.01895781234064253,0.0010633118011863854,-9.364991948822175e-06,77154.73906634677,99417.4282847662,9406.652988251577,0.47748976807639837,178.0,33.0,911.0,0.0,0.0,0.9549795361527967,700.0,0.0,0.19538968166849616,0.002150575388639695,0.4774281805745554,,,,0.04514363885088919,180.0,33.0,1.0,911.0,0.0,0.0,0.9548563611491108,698.0,0.0,0.0,0.0009152907394113424,0.9841835907648843,0.3893805309734513,0.2920353982300885,78363.9647855375,143888.92026520352,3.8719912347199674e-05,0.00011260763282531975,0.047617025862602254,8.54914914372814e-05,0.00021920929866805998,0.13080573054687988,0.036223929747530186,3.606425044447144,0.0005463447385020049,0.003049927733684854,0.0008456928110514496,0.9369441569150022,227846.0,490.0,487.0,234.0,0.9978046103183315,0.19758507135016465,0.0028747487337938784,0.11988941359629611,0.35196697716428577,0.2795249555759894,0.0011108163265306124,0.0006006122448979593,86.10021288175113,-0.0004239271255060729,-0.0006769635627530365,10.253896863127864,0.01895781234064253,0.009087177667106865,40.843128831555475,17208.49859271536,0.0034600500796722056,-0.000603271703407584,9498.459874811222,0.0003267282965924161,0.0006850638063360647,0.0006505956112895653,4.333854527324257,0.0615,0.0007947473293364801,0.02079474732933648,0.017919998595542604,0.0004159983909651502,0.0006934596244933164,0.1345371779416688,0.13489236956425052,53.839663916733116,62.91401645867154,9.393232057066868e-05,0.012089227509715327
ulb,M5,ACI-BUDGET-CRC-IAP,methods,,,13,109,0.9852897775194157,1.2336237571041575,0.0017029045934534729,0.0029677469777415,0.002309334415057822,0.9806084849979612,0.017082180586981053,2.0873638872055467,55313.771537517016,0.002513826043237808,425.5617686486449,370.4655000389771,0.0002674511901577962,0.027539750889679714,0.0011670666396260332,7.594383254024624e-05,77459.03558818442,100345.25167977688,9418.064574435193,0.5096766392593104,199.0,7.0,911.0,0.46153846153846156,0.02926829268292683,0.990084985835694,699.0,6.0,0.22502744237102085,0.0019925739315151464,0.5075266792215944,97.56230556940517,97.56230556940517,42.37554686347903,0.01037037037037037,230.0,7.0,0.9745762711864406,911.0,0.46153846153846156,0.025423728813559324,0.9896296296296296,668.0,6.0,0.0,0.001003179721438488,1.0786878725145033,0.5132743362831859,0.2920353982300885,92541.04037309796,144799.1105672614,4.358906139990299e-05,0.00011657852337341388,0.04825075579200654,9.57828159588035e-05,0.0002307593851403968,0.15891975524530164,0.014270032930845226,3.6378941261838134,0.0007345830931831373,0.0032966565842832683,0.0009061991553177754,0.9396857811457786,227846.0,454.0,508.0,245.0,0.9659714599341384,0.25905598243688255,0.005165769862099839,0.13206396040799506,0.4392021144549179,0.29779942451814895,0.0026414285714285715,0.0016218021304538158,74.27447887333835,9.040816326530616e-05,-0.00041979591836734695,18.13771953540305,0.027539750889679714,0.012973900257459828,40.843128831555475,25476.323478304985,0.00437238112588814,-0.0006169869620487662,11380.479857237,0.00031301303795123385,0.0006987592162366564,0.0006664986395031522,4.461619832814232,0.0615,0.0034588274536309603,0.02345882745363096,0.01829305759153112,0.0009959221671602938,0.000695177848811134,0.14232963347970506,0.1342614646054133,55.293332028668374,62.386616365984075,9.259013212659668e-05,0.012098291088197878
ulb,M5,ACI-BUDGET-CRC-IAP,methods,,,14,113,0.41512756882616947,1.174330745583328,0.022098259350614012,0.0025438629951420534,0.002520249189801031,0.9791252597255705,0.01835449108462845,2.1807511502781134,37780.877309977586,0.0024473648920477404,471.88881412865106,710.4604120238454,0.00026721891909947226,0.029635461029037188,0.0011061970121176914,2.7577815448878036e-05,76661.3406114468,98933.71963672247,9915.201027737907,0.8231218515572607,37.0,104.0,911.0,0.5684647302904564,0.7873563218390804,0.858887381275441,633.0,137.0,0.19099890230515917,0.00212424181245227,0.8231218515572607,18.231339929636306,18.231339929636306,18.231339929636306,0.14111261872455902,37.0,104.0,0.21264367816091953,911.0,0.5684647302904564,0.7873563218390804,0.858887381275441,633.0,137.0,0.0,0.0009653304541170658,1.037989735609748,0.5132743362831859,0.2920353982300885,80932.28433401827,136688.50947069054,3.740249426525167e-05,0.00010705356853995977,0.04296082722310841,8.216079273957881e-05,0.00016284177794957406,0.14268507673215244,0.2645444566410538,3.8122897171086603,0.0007414472348274796,0.0033193769888621855,0.0008707042840856511,0.908550434816224,227846.0,484.0,505.0,226.0,1.0,0.19099890230515917,0.003607699937677203,0.13228133157483007,0.3921412626404725,0.2945349635807171,0.0021312244897959184,0.0018774253194638428,74.27447887333835,-0.00041979591836734695,-0.0006748979591836735,10.253896863127864,0.029635461029037188,0.011294111473205042,25.075483487005272,27716.483673777875,0.004109783173508432,-0.0006220294603307736,14724.462938238958,0.00030797053966922654,0.0006429209945810136,0.0006220099212286383,3.720510161244381,0.055,0.0021860379379054252,0.022186037937905426,0.018578338000228223,0.0010696324218190038,0.0005006118145730089,0.1470358790745471,0.1341600543758741,56.604504003189504,135.60248438152482,8.118713888692752e-05,0.012116307524919765
ulb,M5,ACI-BUDGET-CRC-IAP,methods,,,15,127,1.1499605389027034,1.2375697206120653,0.007369012403114384,0.0035803050248263014,0.002356606029376423,0.9808739396637504,0.016769454306873304,2.20329766306154,48700.63131049485,0.0025796509095782102,378.5090925659539,249.20711890897405,0.00026673779674579886,0.021371064368981247,0.0010509153003127338,-9.733802289341287e-06,76851.74033990786,98846.84884107483,9416.770602584087,0.6176675345256961,211.0,7.0,911.0,0.9078947368421053,0.24642857142857144,0.9889064976228209,624.0,69.0,0.30735455543358947,0.002106686094993987,0.605099142550911,28.086118269980318,28.086118269980318,38.9263744443586,0.011666666666666667,242.0,7.0,0.7781350482315113,911.0,0.9078947368421053,0.22186495176848875,0.9883333333333333,593.0,69.0,0.0,0.0009227625259386295,0.9922177698264832,0.37168141592920356,0.2831858407079646,74924.26670855202,126777.64593748089,3.5799683630681395e-05,0.00011457981179210855,0.04069684977036577,8.951894450818208e-05,0.000189884271627872,0.14677271239297754,0.08342480790340286,3.6619385497912535,0.0006711961230130525,0.00304179657452355,0.0008306519984331648,0.9436539841281798,227846.0,480.0,491.0,241.0,0.9659714599341384,0.3413830954994512,0.0034145870456360875,0.1141452235085305,0.287135655943999,0.2683747061467775,0.000600612244897959,0.0003457706451646508,74.27447887333835,-0.0004216115912557194,-0.0006758057956278597,10.253896863127864,0.021371064368981247,0.009049515606230374,40.843128831555475,13485.800428409591,0.003344175179806679,-0.0006019940830305175,12488.627850738601,0.0003280059169694826,0.0006709223215843038,0.0006481133485686127,4.516432747295545,0.0795,0.0010054159388358797,0.02100541593883588,0.01759082889319979,0.001157162709450338,0.0006241932338467009,0.15031001466594718,0.13827188476302432,56.0580039746128,70.86364752613008,9.450507374427866e-05,0.012102124402737535
ulb,M5,ACI-BUDGET-CRC-IAP,methods,,,16,131,0.766372692559964,1.4250464152324536,0.0020803525188065625,0.0027369966098769426,0.002075374046797336,0.9799592836301246,0.01796534232307814,2.062387437701008,47661.338135921214,0.0024469547145778165,372.5887836385989,400.62410254986975,0.00020032051282051281,0.023049591836734693,0.0010861443260340327,4.823500493568958e-06,77340.31538397273,99515.23556031755,9416.543205262742,0.48846675712347354,174.0,17.0,911.0,0.0,0.0,0.9769335142469471,720.0,0.0,0.19099890230515917,0.001996962860879717,0.48846675712347354,,,,0.023066485753052916,174.0,17.0,1.0,911.0,0.0,0.0,0.9769335142469471,720.0,0.0,0.0,0.0009274442861367242,0.9972519205771226,0.4690265486725664,0.2920353982300885,79024.57582079142,133484.13204884878,4.0663654924358696e-05,0.00011565480545437792,0.050164946286668344,8.5899597950062e-05,0.0002011465812435724,0.12402748615079097,0.018660812294182216,3.5630032122720863,0.0006055640525191985,0.0030747181434596037,0.0008629568822361211,0.928831963420056,227846.0,455.0,489.0,239.0,1.0,0.19099890230515917,0.0035023656329275037,0.12018323656876535,0.35467834919040675,0.28040627310693195,0.0031516326530612246,0.0016215415563569657,74.27447887333835,-0.0004221279837480956,-0.0006760639918740478,10.253896863127864,0.023049591836734693,0.010457464784277748,40.843128831555475,21467.309247977697,0.003644480889253337,-0.0006039839165398826,9495.30433434265,0.0003260160834601174,0.0006935796791210793,0.000663262833323876,4.541255181414511,0.0485,0.001839312518104333,0.021839312518104333,0.01833694688517683,0.0004671425519206807,0.0006908641335464472,0.13658620656036308,0.13476194487144705,55.96817203331739,65.47168472316116,9.570287947436191e-05,0.01209432711111409
ulb,M5,ACI-BUDGET-CRC-IAP,methods,,,17,137,0.8925670316872418,0.8715874288974592,0.024986174872501602,0.0031894460916719407,0.0024581408987423355,0.9788463448473632,0.018695514253894596,2.384480845260258,42598.62739844181,0.0026459456743812173,454.038211267911,407.4357869100886,0.00026647125441343016,0.0191145434298441,0.0010467258535728132,-2.274970376080618e-05,76582.17980628017,97544.99927135385,9934.104220775745,0.9198860544762026,44.0,12.0,911.0,0.9574468085106383,0.8598726114649682,0.9798994974874372,585.0,270.0,0.3446761800219539,0.00233929935131624,0.9090925580431177,25.622423684894272,25.622423684894272,0.0,0.008680555555555556,58.0,5.0,0.17313432835820897,911.0,0.9822695035460993,0.826865671641791,0.9913194444444444,571.0,277.0,0.0,0.000898975351563575,0.966640162971586,0.4247787610619469,0.3008849557522124,73621.41789510818,127530.93784660296,3.66480794729989e-05,0.00011218817608298109,0.04304229769084765,8.57613891915547e-05,0.00019615911528795613,0.17063062372971602,0.30954994511525796,3.6762816382537893,0.0009674575435259854,0.003099928293935839,0.0008432238329292653,0.953624951072068,227846.0,533.0,493.0,228.0,0.9769484083424808,0.3677277716794731,0.002655302265565338,0.11732899400805026,0.260370660955599,0.2733749924509834,0.0026377879714576963,0.0023845062306268074,74.27447887333835,-0.0004223857868020305,-0.0006761928934010152,10.253896863127864,0.0191145434298441,0.009594652677601418,40.843128831555475,13731.055730437829,0.0031019202363367798,-0.0006028776300638543,16884.298979318464,0.00032712236993614574,0.0006715987338473239,0.0006551910453324326,3.261244199991119,0.0615,0.000768413753149056,0.020768413753149056,0.018113111487583718,0.0012950741918485087,0.00038626620810142164,0.15478300324702213,0.1361089797030044,55.48450397327542,70.3881800174713,8.101913026563493e-05,0.01212568698319256
ulb,M5,ACI-BUDGET-CRC-IAP,methods,,,18,139,1.4039580602976094,1.6185238294324447,0.00408170430905085,0.0029230545303860858,0.0022693128241410634,0.9800575609813896,0.017673126194469143,0.5040755634508824,61723.54918795278,0.002479809657853289,445.37377096523267,223.93628990846744,0.00013363624214887077,0.021427723577235772,0.001080392579938331,1.7953635159037652e-05,76948.97253836259,99264.26409126184,8637.589228026322,0.5903822769417845,145.0,10.0,911.0,0.7777777777777778,0.19444444444444445,0.9863201094391245,721.0,35.0,0.19758507135016465,0.0021417975299105538,0.589835767804435,25.622423684894272,25.622423684894272,25.622423684894272,0.0136986301369863,146.0,10.0,0.8066298342541437,911.0,0.7777777777777778,0.19337016574585636,0.9863013698630136,720.0,35.0,0.0,0.0009428413646955296,1.0138079190274512,0.5486725663716814,0.336283185840708,94879.26617510374,146752.31247022317,4.032838546520385e-05,0.00011763050127370599,0.05124166280529152,9.334312432972421e-05,0.00020416796169523657,0.16267227916578825,0.04939626783754116,3.8122891481329817,0.0005300731898620618,0.0032707004424010703,0.0008579360891350156,0.921069013685916,227846.0,488.0,496.0,227.0,0.9989023051591658,0.1986827661909989,0.00467859870263248,0.10969274586514426,0.31584300977574675,0.2660514548618862,0.002645076608784474,0.00136774238602489,74.27447887333835,-0.00042135300101729407,-0.0006756765005086471,10.253896863127864,0.021427723577235772,0.010426271235745984,48.72695150383066,20163.43500022659,0.003828376674914795,-0.0005977422446567203,12768.345697015902,0.00033225775534327976,0.0006670006515490262,0.0006419652207499105,5.9555460845627035,0.056,0.003046268093361306,0.023046268093361306,0.018367669390728824,0.0012561189959732042,0.0006394154007160048,0.14518238092234143,0.1391157607867451,56.37966800713912,66.0053187632002,0.00011841022527540933,0.012080960870898508
ulb,M5,ACI-BUDGET-CRC-IAP,methods,,,19,149,1.3470615534500032,1.366479640330039,0.0021725200354625494,0.0023095607366900263,0.002507065964203778,0.979867543096554,0.017625390939242057,2.148425511260147,54464.89353948627,0.0025804289544235923,432.02573255040863,2846.798751726482,0.00020073603211776515,0.027059821882951654,0.001145505362664136,9.431616306804923e-05,77361.53797466133,99803.82103240206,9399.543612176029,0.5204711585804643,222.0,7.0,911.0,0.631578947368421,0.05128205128205128,0.9896602658788775,670.0,12.0,0.25686059275521406,0.0022383539759311113,0.5200094896799731,97.06956665238789,97.06956665238789,39.419113361375764,0.010401188707280832,226.0,7.0,0.9495798319327731,911.0,0.631578947368421,0.05042016806722689,0.9895988112927192,666.0,12.0,0.0,0.0010175949792670625,1.0941881497495296,0.5486725663716814,0.2743362831858407,93321.35720734109,143847.17577158497,4.1683259098127665e-05,0.0001199001880609761,0.04135883096076397,9.621932101118871e-05,0.00025452103306800337,0.14843014172158445,0.020856201975850714,3.502153727891833,0.000693641717295975,0.0033195069004233434,0.0009478472843685146,0.9384161587513408,227846.0,510.0,514.0,242.0,0.995609220636663,0.26125137211855104,0.003445309551188083,0.12452096702940671,0.3900488854544003,0.2861384610064064,0.000600612244897959,9.040816326530605e-05,74.27447887333835,-0.00041979591836734695,-0.0006748979591836735,10.253896863127864,0.027059821882951654,0.012474306895012022,40.843128831555475,17978.21892542009,0.0042987149586134355,-0.0005911751468773774,18031.445990708235,0.0003388248531226226,0.0007380671853550515,0.000703448605908068,4.796859291662963,0.065,0.002212371514092853,0.022212371514092853,0.018767061962904768,0.0012035645385930708,0.0007290948922511503,0.14560417380947366,0.13535182590125128,55.80632796045393,64.70468325424008,9.64745884178086e-05,0.012101275422721516
ulb,M5_oracle,M5 with oracle propensity,methods,,,0,11,0.6537312763784348,1.1193046090833019,0.012056388964476005,0.0031086519287561436,0.0023645856063138,0.978996095335779,0.018639319057907257,,67936.49862567954,0.002882134119776132,508.1330879846636,223.93628990846744,0.00013332444503699753,0.027002960893854747,0.0011885707569828374,5.98197835441025e-05,76121.67228009654,98355.51343624125,9761.789739453276,0.7257037422267466,155.0,11.0,911.0,0.9256756756756757,0.4691780821917808,0.9822294022617124,608.0,137.0,0.3205268935236004,0.0021725200354625494,0.7110905680600215,87.21478831204399,87.21478831204399,19.70955668068791,0.018333333333333333,174.0,11.0,0.5594855305466238,911.0,0.9256756756756757,0.4405144694533762,0.9816666666666667,589.0,137.0,0.0,0.0009910802775024777,1.0656777177445995,0.4336283185840708,0.30973451327433627,101572.51820324577,154986.12819646872,4.5240784207044477e-05,0.00012985104927598634,0.05456198570073547,0.000115617782568844,0.00024772904955715436,0.1675760020554889,0.16245883644346873,3.8426566749193762,0.0008009179656494774,0.0034448309269989497,0.0008964711704490817,0.9420617273203888,227846.0,495.0,508.0,229.0,0.9791437980241493,0.3413830954994512,0.0036208667257709155,,,,0.00315371618172537,0.0028966617624588092,90.04212421788873,-0.0004236708860759494,-0.0006768354430379748,10.253896863127864,0.027002960893854747,0.010755018536443959,40.843128831555475,21251.57124484374,0.0038644610961873793,-0.0006136913860772568,12160.512042814024,0.0003163086139227432,0.0007384209392145413,0.0006896317939399049,3.970295284682526,0.082,0.0017383671427192056,0.021738367142719206,0.01811750041694829,0.0015342870164667191,0.0005582327228325245,0.13636805762190538,0.14583374338169053,48.096831946168095,54.39653161447491,4.565607943082192e-05,0.01214876697462404
ulb,M5_oracle,M5 with oracle propensity,methods,,,1,23,1.1914080255266346,1.2958904235212836,0.005130658427183273,0.0027507038520015073,0.002510441735445999,0.9794134249455032,0.018076133319050627,,34357.1132936634,0.002581207468740572,356.36767444809146,279.5217141914748,0.00020062863639403464,0.021484671421293938,0.0011113906547842642,1.410556332014239e-05,76114.60808818303,99169.61821069864,9251.532271377311,0.6070809421329508,200.0,1.0,911.0,0.9821428571428571,0.21568627450980393,0.9984756097560976,655.0,55.0,0.27991218441273324,0.002198853611649974,0.5977751690032213,122.69199033728228,122.69199033728228,59.62140895908095,0.0015822784810126582,224.0,1.0,0.8028673835125448,911.0,0.9821428571428571,0.1971326164874552,0.9984177215189873,631.0,55.0,0.0,0.0009394356194431709,1.0101458273582482,0.49557522123893805,0.2831858407079646,71311.37269483501,124100.43386425725,3.955854635636104e-05,0.00011211526227861923,0.04543453314782156,9.351401694323665e-05,0.00022090690958905123,0.14106428729976223,0.06147091108671789,3.531969413333765,0.0006872365821360648,0.0031455129949938417,0.0008905833054836243,0.956129691368632,227846.0,501.0,497.0,235.0,0.973655323819978,0.3062568605927552,0.002852804086971024,,,,0.004687977528089887,0.0023891928456775966,74.27447887333835,-0.00041979591836734695,-0.0006748979591836735,10.253896863127864,0.021484671421293938,0.010263234888604443,25.075483487005272,23279.511940808952,0.003643319063667001,-0.0006153568951788971,13395.22574617117,0.00031464310482110295,0.0006897565713787412,0.0006598926846602861,4.5888927982874455,0.049,0.0012994742062621238,0.021299474206262124,0.0184466701192911,0.0014901442868686166,0.0006365987575300541,0.1504900140116899,0.1480626626962827,47.59617202216759,53.28829879872501,5.5772560309439e-05,0.012133717832185203
ulb,M5_oracle,M5 with oracle propensity,methods,,,2,37,1.2957339400986125,1.174971004955196,0.0057933867612334645,0.0022965923197611374,0.002145990422140124,0.9794181112707204,0.018435898307139622,,47857.76770043612,0.0023452157598499064,419.1470158969006,1488.9856700593432,0.00040155267032525766,0.02395572879634332,0.00109221898350076,4.057546174359318e-05,76214.12059572757,99086.48221060316,9547.19012428198,0.6830601092896175,116.0,0.0,911.0,1.0,0.366120218579235,1.0,728.0,67.0,0.20087815587266739,0.0020759635894419914,0.6830601092896175,53.21580303785737,53.21580303785737,53.21580303785737,0.0,116.0,0.0,0.6338797814207651,911.0,1.0,0.366120218579235,1.0,728.0,67.0,0.0,0.0009672398124904401,1.0400428091295055,0.48672566371681414,0.2831858407079646,86091.2867956541,135993.37025419,3.654116330281575e-05,0.00010317623660582422,0.03848741188581281,0.00012923270930033167,0.00024268537564288298,0.22736437191125877,0.07354555433589462,3.4739119132258542,0.0007572893008402179,0.003091062401740609,0.0008897929708500486,0.9449857206892178,227846.0,473.0,500.0,243.0,1.0,0.20087815587266739,0.003239029871053255,,,,0.0026414285714285715,0.0016210204081632653,74.27447887333835,-0.00041979591836734695,-0.0006748979591836735,10.253896863127864,0.02395572879634332,0.01159950094087997,25.075483487005272,22295.804190518313,0.0040081985880209515,-0.0006021037438037252,14448.729234640316,0.00032789625619627485,0.0007411473061439199,0.0006745238901279276,4.132129948908516,0.0605,0.001865646094291757,0.021865646094291757,0.018626616223238503,0.0014570362997232428,0.0006451273729570611,0.14125502020582992,0.14686461449453247,47.439667978323996,52.80612956848926,4.988602146338635e-05,0.012142531196416298
ulb,M5_oracle,M5 with oracle propensity,methods,,,3,53,0.824342696644589,1.2614971582993395,0.006912563749199021,0.0029040709906240363,0.0026922705380452187,0.9797759230119742,0.017531806449980546,,37961.89825516365,0.0026144667158275793,335.632481853677,223.93628990846744,0.00013352026169971293,0.019426234096692113,0.0010688631314197381,-5.299732514704713e-05,75958.50917039438,99066.13639666821,9730.008715136384,0.5517859857121143,152.0,38.0,911.0,0.42424242424242425,0.15555555555555556,0.948016415868673,693.0,28.0,0.19758507135016465,0.0023041879163996737,0.5513206690380685,71.9398818845109,71.9398818845109,71.9398818845109,0.052054794520547946,153.0,38.0,0.8453038674033149,911.0,0.42424242424242425,0.15469613259668508,0.947945205479452,692.0,28.0,0.0,0.0008734646832114685,0.9392093367865253,0.48672566371681414,0.2743362831858407,64420.899407069104,125077.02846316222,3.5626961980775956e-05,0.00011126224209473339,0.042543016498641506,8.673180719725606e-05,0.00019824340123564062,0.149074398399841,0.07244785949506037,3.7128543570951797,0.0006559524934476924,0.003072320915687222,0.0008274822064636301,0.9348107062189601,227846.0,525.0,477.0,222.0,0.9989023051591658,0.1986827661909989,0.0034848099154692206,,,,0.0026414285714285715,0.0016218021304538158,74.27447887333835,-0.000421869918699187,-0.0006759349593495935,10.253896863127864,0.019426234096692113,0.008565616829161361,25.075483487005272,16636.941077543408,0.003048780487804878,-0.0006273891768341758,9598.12378445357,0.00030261082316582427,0.000644270754662141,0.0006114706721195899,4.504376362587944,0.0445,0.001773478577635771,0.02177347857763577,0.018288668662166552,0.000688653416458943,0.0006397257565945899,0.149263467260676,0.14641625529681807,48.09732805006206,70.57860238710417,4.578654619117347e-05,0.012145714687890947
ulb,M5_oracle,M5 with oracle propensity,methods,,,4,71,1.0777343159591186,1.0482549521831162,0.011073268786812146,0.00263023603368982,0.0024073093753289713,0.9788084565796932,0.018784234044977997,,37007.84646400873,0.002580169553999263,407.6130414649378,223.93628990846744,0.00013357376611233555,0.025465939086294416,0.0011813696273189583,3.238103911377738e-05,76211.7552456952,98366.2635297671,9759.417601541905,0.8701657458563536,47.0,0.0,911.0,1.0,0.7403314917127072,1.0,730.0,134.0,0.1986827661909989,0.002133019671181412,0.8681318681318682,20.20229559770513,20.20229559770513,20.20229559770513,0.0,48.0,0.0,0.26373626373626374,911.0,1.0,0.7362637362637363,1.0,729.0,134.0,0.0,0.0009678615686593761,1.0407113641498666,0.4690265486725664,0.2743362831858407,77308.46268749473,129715.80162671384,4.1603517343979635e-05,0.00012073592003965868,0.048310199430385205,0.00010274754824788222,0.0002623356613927792,0.1922737817504939,0.14709110867178923,3.967545067758282,0.0008266810626703527,0.0034381655189324035,0.0008665725178201983,0.9464409230900592,227846.0,486.0,508.0,226.0,0.9989023051591658,0.19978046103183314,0.0030985841313869895,,,,0.0021312244897959184,0.001366309028971466,74.27447887333835,-0.00042005609382967876,-0.0006750280469148395,10.253896863127864,0.025465939086294416,0.011944041165969763,29.01739482314275,26008.588147561873,0.004052398454434078,-0.000614009595790234,14068.091786015666,0.000315990404209766,0.0006686514845894301,0.0006326050224719918,4.280372689026298,0.063,0.0016066992617820818,0.021606699261782082,0.018508115130395093,0.0016484855225306929,0.0004936881264281746,0.1559589645558345,0.14604902787513488,47.91133606340736,52.45354840299114,4.565401421007847e-05,0.01215136422395777
ulb,M5_oracle,M5 with oracle propensity,methods,,,5,73,1.118499299073697,1.1196697659598236,0.007772793904654899,0.0035837020459271304,0.002432276008619357,0.9797299033338012,0.017837820657579332,,38884.05819078982,0.002512226167347759,397.84739840667174,631.2334165771267,0.000200253654629197,0.0245023499491353,0.0010683160279460473,4.173618933393342e-05,76040.17160413801,98862.70738581975,9265.124484148104,0.6817361668003208,135.0,6.0,911.0,0.9302325581395349,0.37209302325581395,0.9913793103448276,690.0,80.0,0.23600439077936333,0.0021198528830876995,0.6718254888322127,109.38803957781789,109.38803957781789,46.81019711663379,0.008771929824561403,147.0,6.0,0.6475770925110133,911.0,0.9302325581395349,0.3524229074889868,0.9912280701754386,678.0,80.0,0.0,0.0009683986739694436,1.0412888967413372,0.415929203539823,0.3008849557522124,78945.86630479839,138989.16069616372,3.6382346451230414e-05,0.00010713372277437303,0.039712632497645985,9.223372404838591e-05,0.00021955161428929815,0.14597254602548448,0.09440175631174534,3.3264809139363827,0.0008043136761947303,0.002995714631368296,0.000900565705583239,0.9415931542822524,227846.0,483.0,499.0,251.0,0.986827661909989,0.2491767288693743,0.002975694109179007,,,,0.00263234096692112,0.001872620943113267,74.27447887333835,-0.00041979591836734695,-0.0006748979591836735,10.253896863127864,0.0245023499491353,0.01059838758615521,40.843128831555475,22589.85056499951,0.0035454545454545456,-0.0005497988155766492,16840.72413243192,0.0003802011844233508,0.0007025005564097658,0.0006737983796905719,3.779452019336686,0.069,0.0007903583999719112,0.02079035839997191,0.017814664290792905,0.0014153918865160466,0.0006264308667814842,0.15260323850582166,0.14818804312523312,48.63500001374632,55.814313213340924,5.571003396052662e-05,0.012133176565989215
ulb,M5_oracle,M5 with oracle propensity,methods,,,6,79,0.870957790094578,1.0762084215747751,0.007847405703852603,0.002874591159849203,0.002311630943010878,0.9791330424284278,0.018555326628561235,,52192.30418004908,0.002378001808621094,429.9897194860982,223.93628990846744,0.00013391362571141613,0.031147393075356418,0.001119055601860662,8.72245932007705e-05,75917.48544697106,98896.61467673804,8791.56482545861,0.723217112106001,100.0,3.0,911.0,0.9647058823529412,0.45054945054945056,0.9958847736625515,726.0,82.0,0.19978046103183314,0.002045241083889996,0.7137090298561939,107.90982282676623,107.90982282676623,45.82471928259935,0.004160887656033287,108.0,3.0,0.5684210526315789,911.0,0.9647058823529412,0.43157894736842106,0.9958391123439667,718.0,82.0,0.0,0.0010140570846534855,1.0903839619929951,0.4424778761061947,0.2831858407079646,86453.44794069178,141092.44785368894,4.468071766663039e-05,0.00011367757901485195,0.05222892393617092,0.0001021997002906252,0.0002576615270150984,0.12485901918786929,0.09330406147091108,3.4184054701693594,0.0008631706615073786,0.003175533009349097,0.0009289515351705105,0.9525988878062088,227846.0,466.0,515.0,255.0,0.991218441273326,0.20856201975850713,0.0016721820879014773,,,,0.002117232097511427,0.001358922171204693,74.27447887333835,-0.00041979591836734695,-0.0006748979591836735,10.253896863127864,0.031147393075356418,0.013163132161214793,48.72695150383066,21125.251764901564,0.004603883672167016,-0.0006012879710733416,12911.955705832668,0.00032871202892665853,0.0007278332624893077,0.0007006040949151586,3.5095019978450286,0.0385,4.7400437137370965e-06,0.020004740043713738,0.01833255795581226,0.0016384376190891473,0.0006420553118981189,0.15137409509558133,0.14979134069707922,48.64133201772347,54.01290397858246,7.196495544856036e-05,0.012122519779098472
ulb,M5_oracle,M5 with oracle propensity,methods,,,7,83,1.3693558406912933,0.9125801661148557,0.009488865286202084,0.0031675204562414375,0.0023635377426756074,0.9793523912030586,0.01828407105426601,,56720.219698865505,0.0025470022453835586,471.8894218850295,482.01766426892266,0.000200213561131874,0.02290367139959432,0.0010398784652853688,-2.178619817938377e-05,76241.0453188723,98670.43515204902,9752.382267654139,0.7231075697211156,139.0,0.0,911.0,1.0,0.44621513944223107,1.0,660.0,112.0,0.27552140504939626,0.002005740719608859,0.7043795620437956,92.14217748221597,92.14217748221597,29.564335021031866,0.0,162.0,0.0,0.5912408759124088,911.0,1.0,0.40875912408759124,1.0,637.0,112.0,0.0,0.0009072362244529501,0.9755228219924195,0.46017699115044247,0.2920353982300885,95536.7222184796,146866.9829985237,3.637281171366628e-05,0.00010962722140773881,0.044155283833658875,8.53033116311467e-05,0.00019129238374658924,0.13960167766876527,0.12294182217343579,3.5580827621188917,0.0009147177059718448,0.00297012109986223,0.0008347532360639859,0.9494260826801398,227846.0,457.0,482.0,239.0,0.9747530186608123,0.300768386388584,0.0031644180718555515,,,,0.0021312244897959184,0.0016215412903293016,86.10021288175113,-0.0004223857868020305,-0.0006761928934010152,10.253896863127864,0.02290367139959432,0.00938703637400475,25.075483487005272,25598.899131728558,0.0031883924033085345,-0.0005882585370886207,12735.585723616607,0.0003417414629113793,0.0006630010778075281,0.0006309176962293108,3.4360742785219904,0.069,0.0012994742062621238,0.021299474206262124,0.018135056134406573,0.0014482022542250791,0.000544603527322465,0.15071718014874494,0.14620717641072756,49.099167983513325,56.639816443203,4.569339800244232e-05,0.012150640429968322
ulb,M5_oracle,M5 with oracle propensity,methods,,,8,89,1.850140285515333,1.2451336409432097,0.0014351799022146536,0.002677751665539746,0.002267950523527251,0.979761519088837,0.01797053038763589,,51651.650566185715,0.0028166180464741977,406.98808770190703,223.93628990846744,0.00013393156097234312,0.017947551020408164,0.0010449171257053446,1.3810690975828707e-05,76379.84695744376,99328.43168625716,9947.286252834696,0.520618556701031,279.0,0.0,911.0,1.0,0.041237113402061855,1.0,620.0,12.0,0.3194291986827662,0.002040852154525425,0.5195439739413681,156.19823669445162,156.19823669445162,80.31644347380319,0.0,295.0,0.0,0.9609120521172638,911.0,1.0,0.03908794788273615,1.0,604.0,12.0,0.0,0.0009358516249787307,1.0062920698696027,0.4424778761061947,0.30973451327433627,88265.06355003154,142933.73675469458,3.7838705312911414e-05,0.0001195638973292173,0.042029501149527915,8.41102891496278e-05,0.00017897413173201352,0.13486132191647385,0.013172338090010977,3.1128742869504338,0.0007404890837453256,0.0028700945875348737,0.0009220078689225185,0.9438973232044204,227846.0,465.0,491.0,255.0,0.9824368825466521,0.33699231613611413,0.0036120888670417737,,,,0.0031516326530612246,0.0028974421560354615,74.27447887333835,-0.00042005609382967876,-0.0006750280469148395,10.253896863127864,0.017947551020408164,0.00689079005825458,40.843128831555475,22963.661243362978,0.003007244725930651,-0.0005660687766164612,13425.815450574386,0.00036393122338353884,0.0007078543053902433,0.0006783498380889448,4.087715319008856,0.067,0.002014869692687167,0.022014869692687167,0.018402780825645393,0.001323212316460852,0.0006987586028490806,0.1529375914125842,0.14519054391198064,48.9798320340924,62.04133082646872,4.201502207186269e-05,0.012151478424651068
ulb,M5_oracle,M5 with oracle propensity,methods,,,9,97,0.779553076115346,1.3833619392305692,0.005073602345443852,0.003359045376399069,0.002368427161630683,0.9798770627960977,0.017754510042271437,,45169.21494924093,0.0025123103205707967,419.4641784096136,1386.3078101246483,0.00026657780739753413,0.034513037974683546,0.0011246048811147803,8.885967849128586e-05,76190.82273695167,99161.57715662714,9530.36637887403,0.6628571428571428,118.0,0.0,911.0,1.0,0.32571428571428573,1.0,736.0,57.0,0.19209659714599342,0.002115463953723129,0.6628571428571428,58.14319220802935,58.14319220802935,58.14319220802935,0.0,118.0,0.0,0.6742857142857143,911.0,1.0,0.32571428571428573,1.0,736.0,57.0,0.0,0.0010152101844448237,1.0916238542417458,0.4424778761061947,0.2920353982300885,87258.50021309542,140662.7422448215,4.2243340441485314e-05,0.00011514774454491413,0.04269377521141639,0.00010171918247207398,0.0002713770185534592,0.12815714144732754,0.06256860592755215,3.7331406982023214,0.0006413346122900511,0.0033120345615431255,0.0008871978929532503,0.9344747336275044,227846.0,482.0,510.0,240.0,1.0,0.19209659714599342,0.0027869701465024622,,,,0.0016197195308516063,0.0011105565494993102,74.27447887333835,-0.0004223857868020305,-0.0004237951145014696,10.253896863127864,0.034513037974683546,0.013603355143872132,25.075483487005272,25781.670662462675,0.004283240681673198,-0.0005898421153969579,14921.306791267158,0.0003401578846030422,0.0007438988984522145,0.00071204333364536,4.59271055820404,0.05,0.0006762462364930701,0.02067624623649307,0.017889276089990608,0.001644934869262512,0.0006855232514567589,0.15126297162358252,0.1471986607526223,48.82016405463219,53.93856804585084,5.0231446689153955e-05,0.012142071654265622
ulb,M5_oracle,M5 with oracle propensity,methods,,,10,101,0.9085923256325193,1.2423656745926963,0.0024709672322533642,0.003800908135546985,0.0023640241652729535,0.9803448394716511,0.017291136363076075,,51351.64180132303,0.0020446470469933633,408.31452076321744,1065.517292733981,0.00026654228026920773,0.027438794326241134,0.0010074260696134546,-2.0287359548147315e-05,76540.43014474977,99343.07071946506,10401.843644212446,0.5741758241758241,155.0,0.0,911.0,1.0,0.14835164835164835,1.0,729.0,27.0,0.19978046103183314,0.002023296437067142,0.5733695652173914,72.43262080152806,72.43262080152806,72.43262080152806,0.0,157.0,0.0,0.8532608695652174,911.0,1.0,0.14673913043478262,1.0,727.0,27.0,0.0,0.0009047990181586893,0.9729021700631066,0.4336283185840708,0.2920353982300885,87881.24208551213,141093.68281540315,3.630589606399698e-05,9.833761874003548e-05,0.04148996956081629,9.409760813313312e-05,0.00024189496622704004,0.15502620867279426,0.029637760702524697,3.6844623126713447,0.000651076486849536,0.002980269743483909,0.0008088750787962666,0.9500067950573793,227846.0,461.0,490.0,239.0,0.9978046103183315,0.20197585071350166,0.0035506438559377825,,,,9.145045965270682e-05,9.092931145900649e-05,74.27447887333835,8.626016260162607e-05,-0.000421869918699187,18.13771953540305,0.027438794326241134,0.010894115952620955,48.72695150383066,21730.243730788177,0.003908913231216763,-0.0006039380610183363,13733.83926066693,0.0003260619389816638,0.0006510867655736771,0.0006114464706321684,4.389919182696424,0.0695,0.001233640265793562,0.021233640265793562,0.01768299640985578,0.0013616374927006001,0.0006203292737880184,0.1426546729684419,0.1435258475863094,49.1456679883413,63.09667958994391,3.6988752685201146e-05,0.012155376103006417
ulb,M5_oracle,M5 with oracle propensity,methods,,,11,103,1.2455511915640125,1.0108032855259368,0.010217427560720837,0.002516757993224652,0.002428888376106844,0.9786481042558524,0.018923007368040787,,45253.55504109036,0.0026149926243797775,420.57638691256454,1247.5456218601335,0.0002668801708033093,0.03014488537952114,0.0011225337413844861,2.379568926207939e-05,76325.71626644065,98620.22508587973,9968.51734656567,0.7396694214876033,126.0,0.0,911.0,1.0,0.4793388429752066,1.0,669.0,116.0,0.265642151481888,0.0020276853664317127,0.7283464566929134,84.25835480994084,84.25835480994084,25.12968476787711,0.0,138.0,0.0,0.5433070866141733,911.0,1.0,0.4566929133858268,1.0,657.0,116.0,0.0,0.000953547331649185,1.0253197114507364,0.5309734513274337,0.2920353982300885,81506.8653323958,134362.52650205954,4.146920056442328e-05,0.00012547025896392108,0.0452954216300103,9.4896116494293e-05,0.0002373043868223287,0.13937034564784587,0.12733260153677278,3.9327976917499283,0.0008412702564319868,0.0033442888867508155,0.0008503587392166996,0.945699223884617,227846.0,462.0,499.0,225.0,0.986827661909989,0.278814489571899,0.0032346409416886845,,,,9.040816326530616e-05,-0.0001645636570095113,74.27447887333835,8.57440325038089e-05,-0.00016793377937595526,18.13771953540305,0.03014488537952114,0.01146911145303766,40.843128831555475,19996.054756291138,0.003911342894393742,-0.0006396530676766439,15009.709913154178,0.00029034693232335613,0.000686085364005793,0.0006523265534277143,4.060050904841892,0.049,0.001839312518104333,0.021839312518104333,0.018604671576415648,0.0015935008323304462,0.0005485602422636606,0.15020904581414837,0.1449999602937605,48.89266798272729,64.90503443055782,4.179773766512653e-05,0.012152909746657474
ulb,M5_oracle,M5 with oracle propensity,methods,,,12,107,0.5208504644138602,1.2044958688734806,0.007961517867331442,0.0031818066888655784,0.0023672935615257004,0.9798593471370557,0.01777335930141881,,51433.07002810244,0.0025135732957973053,395.92528234512645,223.93628990846744,0.00013347570742124932,0.01895781234064253,0.0010727671944753578,-1.7363778049006986e-05,75940.69225536034,98993.5263122365,9516.394226063707,0.6409322930238974,122.0,24.0,911.0,0.7,0.3146067415730337,0.9672578444747613,709.0,56.0,0.19538968166849616,0.0021549643180042662,0.639139686882505,58.63593112504651,58.63593112504651,58.63593112504651,0.03283173734610123,124.0,24.0,0.6888888888888889,911.0,0.7,0.3111111111111111,0.9671682626538988,707.0,56.0,0.0,0.0009101969089352498,0.978706353693817,0.40707964601769914,0.2920353982300885,78342.62844088755,143888.92026520352,3.8784665921442026e-05,0.00011260763282531975,0.04770893806535067,9.34469768815565e-05,0.00022732874008948007,0.13337401477024002,0.08781558726673985,3.81803185237757,0.0006798421609913092,0.0031264605729226305,0.0008188670744000517,0.9408970662841941,227846.0,491.0,487.0,226.0,0.9978046103183315,0.19758507135016465,0.0029098601687104447,,,,0.0011108163265306124,0.0006006122448979593,86.10021288175113,-0.0004239271255060729,-0.0006769635627530365,10.253896863127864,0.01895781234064253,0.009087177667106865,40.843128831555475,17208.49859271536,0.0034600500796722056,-0.0006141623534416635,9477.123530161276,0.0003158376465583365,0.0006803905867371186,0.0006439867079157784,3.85664305919387,0.0615,0.0009132484221798937,0.020913248422179894,0.01800338825346945,0.001097965363401435,0.000635132284060221,0.14592421234113293,0.1472939993837526,49.1089959978126,54.723334434675046,5.0140221518879037e-05,0.012138685531209085
ulb,M5_oracle,M5 with oracle propensity,methods,,,13,109,1.0857115769058814,1.0765964471133702,0.009111417360848995,0.0027361881630686173,0.002342030554567557,0.9789212371039445,0.018736732341487886,,55313.771537517016,0.002513826043237808,458.34933924947086,370.4655000389771,0.0002674511901577962,0.027539750889679714,0.0011781700083373927,6.3313735287265e-05,76145.99810952491,98660.12922994044,9525.506128582349,0.7585365853658537,99.0,0.0,911.0,1.0,0.5170731707317073,1.0,706.0,106.0,0.22502744237102085,0.001970629284692292,0.7245762711864407,90.1712218141472,90.1712218141472,34.984463108221064,0.0,130.0,0.0,0.5508474576271186,911.0,1.0,0.4491525423728814,1.0,675.0,106.0,0.0,0.0009930531418847245,1.0677990772954027,0.5663716814159292,0.2831858407079646,92188.5313743241,144799.1105672614,4.3584272412911545e-05,0.00011617459693297713,0.04817350620571276,0.00010326711993482933,0.00027223408513706346,0.1496252468235905,0.1163556531284303,3.9333427191264816,0.0008027543102939207,0.003399361702512447,0.000864242438367379,0.9426566723853005,227846.0,449.0,508.0,233.0,0.9659714599341384,0.25905598243688255,0.0053018266724015346,,,,0.0026414285714285715,0.0016218021304538158,74.27447887333835,9.040816326530616e-05,-0.00041979591836734695,18.13771953540305,0.027539750889679714,0.012973900257459828,40.843128831555475,25476.323478304985,0.004429065743944637,-0.0006398140875587627,11027.970858463128,0.00029018591244123735,0.0006984259433573657,0.0006645270947887079,4.279447328830608,0.0615,0.003871386813900618,0.02387138681390062,0.018569560141499082,0.001736545361738692,0.0005576741649093606,0.15334564885067972,0.1470694925333894,48.56783204013482,101.75735197844868,4.990160079098525e-05,0.012144536468907131
ulb,M5_oracle,M5 with oracle propensity,methods,,,14,113,0.6551088114556337,1.1039686460888845,0.014136741483282568,0.0026486764101459653,0.0025166280564301344,0.9790837246482503,0.018399647295319392,,37780.877309977586,0.0024473648920477404,436.16579601092633,710.4604120238454,0.00026721891909947226,0.029635461029037188,0.0010942676264318611,3.953639736772623e-05,75899.88600429152,98235.29662850316,9884.094444692679,0.7843657886118,63.0,51.0,911.0,0.6851851851851852,0.6379310344827587,0.9308005427408412,686.0,111.0,0.19099890230515917,0.002106686094993987,0.7843657886118,31.04255177208347,31.04255177208347,31.04255177208347,0.06919945725915876,63.0,51.0,0.3620689655172414,911.0,0.6851851851851852,0.6379310344827587,0.9308005427408412,686.0,111.0,0.0,0.000970873786407767,1.0439503079653407,0.504424778761062,0.3008849557522124,81007.39775594011,136688.50947069054,3.852780002152582e-05,0.00010705356853995977,0.04196830083977701,9.764004208843053e-05,0.00021296735610911618,0.15268908367466824,0.1778265642151482,3.7338568695470378,0.0007986278420261851,0.003291992611620545,0.000881660097490535,0.910882275775383,227846.0,480.0,505.0,230.0,1.0,0.19099890230515917,0.003546254926573212,,,,0.0021312244897959184,0.0018774253194638428,74.27447887333835,-0.00041979591836734695,-0.0006748979591836735,10.253896863127864,0.029635461029037188,0.011294111473205042,25.075483487005272,27716.483673777875,0.004017918995058422,-0.0006052614145612783,14799.5763601608,0.00032473858543872184,0.0006764355863265757,0.0006427526752358499,3.8044139865603466,0.055,0.0020017029045934533,0.022001702904593454,0.01845544797802024,0.0011239278068495631,0.0005773903189864885,0.15239642641803774,0.14525083532995228,50.10333203244954,59.65541958576067,4.2261549614591524e-05,0.01214820577019341
ulb,M5_oracle,M5 with oracle propensity,methods,,,15,127,1.8320253491055298,1.12053544400669,0.002879137663158449,0.0035632713417402357,0.0023219602361647202,0.9803972215373037,0.017280818226531474,,48700.63131049485,0.0025796509095782102,358.2356449571756,249.20711890897405,0.00026673779674579886,0.021371064368981247,0.0010448872814522202,-1.778281470639198e-06,76211.78151481033,99345.33019911827,9550.206145363527,0.5402097902097902,263.0,0.0,911.0,1.0,0.08041958041958042,1.0,625.0,23.0,0.31394072447859495,0.0020803525188065625,0.5369774919614148,143.87976376902174,143.87976376902174,76.37453213766565,0.0,288.0,0.0,0.9260450160771704,911.0,1.0,0.07395498392282958,1.0,600.0,23.0,0.0,0.0009230755443233095,0.9925543487347414,0.39823008849557523,0.2920353982300885,74840.72391309081,126777.64593748089,3.645239499458701e-05,0.00011508227304150022,0.040971185431666265,8.96947367508352e-05,0.00020635352121235802,0.13679578369583806,0.025246981339187707,3.5754751138037437,0.0007475184919106572,0.0029948929160027314,0.0008376209652363195,0.9468184284177926,227846.0,474.0,491.0,245.0,0.9725576289791438,0.3413830954994512,0.003541865997208641,,,,0.000600612244897959,0.0003457706451646508,74.27447887333835,-0.0004216115912557194,-0.0006758057956278597,10.253896863127864,0.021371064368981247,0.009049515606230374,40.843128831555475,13485.800428409591,0.00331999272330362,-0.0005973788171479014,12405.085055277394,0.0003326211828520987,0.0006787025433934915,0.0006479713962967687,4.205344668098225,0.0795,0.0011985288308769965,0.021198528830876997,0.017656662833668357,0.0013904384867455205,0.0006508791282518785,0.14807468500728882,0.14695193225706785,49.83849998097867,59.578396449796855,5.0106337610628104e-05,0.012142126920312584
ulb,M5_oracle,M5 with oracle propensity,methods,,,16,131,0.7857667003627773,1.1157583382490797,0.0072241777340835475,0.0026938146128012586,0.0021721788384437683,0.978729870684273,0.01909795047728305,,47661.338135921214,0.0024469547145778165,396.12215234539445,400.62410254986975,0.00020032051282051281,0.023049591836734693,0.0010941981265438973,-3.0347506711338008e-06,76172.97733771043,98920.27918038201,9520.827726366317,0.6896551724137931,108.0,0.0,911.0,1.0,0.3793103448275862,1.0,737.0,66.0,0.19099890230515917,0.0019837960727860046,0.6896551724137931,53.21580303785731,53.21580303785731,53.21580303785731,0.0,108.0,0.0,0.6206896551724138,911.0,1.0,0.3793103448275862,1.0,737.0,66.0,0.0,0.0009234400619830988,0.992946303207633,0.4690265486725664,0.2831858407079646,79003.23947614148,133484.13204884878,4.023800156956907e-05,0.00011565480545437792,0.050088829062985986,9.141681510559811e-05,0.0002256935646220979,0.12532677089499403,0.07244785949506037,3.7917560409597364,0.000741930544323791,0.0031388732521481872,0.0008278151912309482,0.9330803395044455,227846.0,452.0,489.0,232.0,1.0,0.19099890230515917,0.0035023656329275037,,,,0.0031516326530612246,0.0016215415563569657,74.27447887333835,-0.0004221279837480956,-0.0006760639918740478,10.253896863127864,0.023049591836734693,0.010457464784277748,40.843128831555475,21467.309247977697,0.003646474315146543,-0.000614375966196022,9473.967989692703,0.00031562403380397814,0.0006722164623336334,0.0006425513623302072,3.925315722810364,0.0485,0.001953424681583174,0.021953424681583174,0.018451059048655672,0.0013307680435856956,0.0006138229916374038,0.1440257584130545,0.14707263895217748,49.58716401597485,60.83639762946404,5.018785031743885e-05,0.012142942059060793
ulb,M5_oracle,M5 with oracle propensity,methods,,,17,137,1.1650587330363293,0.9211522987517718,0.011797442131966328,0.0032454869959234107,0.0024305067808971527,0.9790537859131552,0.01851570730594762,,42598.62739844181,0.0026459456743812173,405.61874773758655,407.4357869100886,0.00026647125441343016,0.01988218274111675,0.0010393006638114862,-7.820780792440945e-06,76292.38014247119,98365.85623934527,9974.649768557167,0.7211538461538461,174.0,0.0,911.0,1.0,0.4423076923076923,1.0,599.0,138.0,0.3424807903402854,0.0023173547044933857,0.7059701492537314,94.11313315028474,94.11313315028474,21.68051234875668,0.0,197.0,0.0,0.5880597014925373,911.0,1.0,0.41194029850746267,1.0,576.0,138.0,0.0,0.0009273668210770122,0.9971686248139915,0.415929203539823,0.30973451327433627,76354.18593078916,127530.93784660296,3.623929828154904e-05,0.00011210872170846962,0.042109850047203745,9.169075374093303e-05,0.0002010356323489157,0.16953068293674303,0.15148188803512624,3.510308592009761,0.0009352299706957536,0.003024093071856636,0.0008614892373679456,0.9530058379409428,227846.0,528.0,493.0,238.0,0.9747530186608123,0.3677277716794731,0.0026684690536590504,,,,0.0026377879714576963,0.0023845062306268074,74.27447887333835,-0.0004223857868020305,-0.0006761928934010152,10.253896863127864,0.01988218274111675,0.009569217507090841,40.843128831555475,16433.6824961381,0.0033101621979476996,-0.0005946048464599687,16914.440249299176,0.0003353951535400313,0.0006947003512231628,0.0006614151747955899,3.3774362462897565,0.0615,0.0006718573071284976,0.020671857307128498,0.01800338825346945,0.0014914574764519906,0.0005306088734529805,0.14908437181522308,0.1449769749885683,49.667996005155146,56.30941642448305,4.1901065705686935e-05,0.012152981158651849
ulb,M5_oracle,M5 with oracle propensity,methods,,,18,139,1.239425049104338,1.57240486987773,0.01034031758292882,0.0027301171811863405,0.002273655825844183,0.978878429790142,0.01884791438401392,,61723.54918795278,0.002479809657853289,469.73947302788133,223.93628990846744,0.00013363624214887077,0.021427723577235772,0.001090963065346426,6.14195047167569e-06,75836.02695913837,98428.1763831247,8741.368032796365,0.8257257941936464,62.0,3.0,911.0,0.9752066115702479,0.6555555555555556,0.9958960328317373,728.0,118.0,0.19758507135016465,0.002115463953723129,0.8239120563081813,27.59337935296304,27.59337935296304,27.59337935296304,0.00410958904109589,63.0,3.0,0.34806629834254144,911.0,0.9752066115702479,0.6519337016574586,0.9958904109589041,727.0,118.0,0.0,0.0009355467072823498,1.0059642013788705,0.5929203539823009,0.3185840707964602,93758.52744122052,146752.31247022317,4.010670928676305e-05,0.00011763050127370599,0.05125923885713009,9.138990527711358e-05,0.00021441681440268048,0.1425185054084021,0.132821075740944,3.998903469197953,0.0005264845042437272,0.0033104794340381876,0.0008278467983879991,0.9256223065779385,227846.0,482.0,496.0,221.0,0.9989023051591658,0.1986827661909989,0.004959490181965011,,,,0.002645076608784474,0.00136774238602489,74.27447887333835,-0.00042135300101729407,-0.0006756765005086471,10.253896863127864,0.021427723577235772,0.010426271235745984,48.72695150383066,20163.43500022659,0.003824626865671642,-0.0006138995187531449,11647.606963132666,0.0003161004812468551,0.000653558147020145,0.0006258272804952232,5.931673739116835,0.056,0.0035202724647349533,0.023520272464734954,0.01856078228276994,0.001413352799899138,0.0005345783617404786,0.15483364306115133,0.1502226196898949,50.56516802869737,59.15625367197208,7.234437174672598e-05,0.0121260602806064
ulb,M5_oracle,M5 with oracle propensity,methods,,,19,149,1.1151697277304808,1.2230839490199343,0.006987175548396724,0.0023114757956730373,0.0025475775961572612,0.9791389605221228,0.018313461881719822,,54464.89353948627,0.0025804289544235923,454.1312827317363,2846.798751726482,0.00020073603211776515,0.027059821882951654,0.0011459924507036291,9.550199401578341e-05,76198.4485670613,98957.59074178521,9512.231681295452,0.6666666666666666,156.0,0.0,911.0,1.0,0.3333333333333333,1.0,677.0,78.0,0.25686059275521406,0.0022120203997436864,0.6638655462184874,105.93886715869752,105.93886715869752,48.28841386768539,0.0,160.0,0.0,0.6722689075630253,911.0,1.0,0.3277310924369748,1.0,673.0,78.0,0.0,0.001022591616550668,1.0995608780114707,0.5309734513274337,0.2743362831858407,93301.754115709,143847.17577158497,4.145925947453942e-05,0.00012118107151471776,0.04126844423289352,0.00010337131295757351,0.0002468833546074891,0.15127401655769948,0.08562019758507135,3.57162498068597,0.0007671279091182776,0.003351119399337579,0.0009382618324877881,0.9403178081768934,227846.0,504.0,514.0,240.0,0.995609220636663,0.26125137211855104,0.0033926423988132337,,,,0.000600612244897959,9.040816326530605e-05,74.27447887333835,-0.00041979591836734695,-0.0006748979591836735,10.253896863127864,0.027059821882951654,0.012474306895012022,40.843128831555475,17978.21892542009,0.0042879299334002375,-0.0005886766959904172,18011.842899076157,0.0003413233040095828,0.0007272515636757887,0.0006940171356407877,4.328231857006402,0.065,0.002128981856166008,0.02212898185616601,0.018736339457352775,0.0016200426217524034,0.0006460189778444133,0.15107900567674024,0.14695505288426297,49.85533596482128,55.81326193059794,5.008530253284028e-05,0.012144270416787171
ulb,M5_legacy,M5_legacy,methods,,,0,11,0.5694221599353746,1.3204804681598736,0.008286298640309683,0.00330559996830265,0.0022551586987677916,0.9804325480339531,0.01731229326727893,90.27405906373349,67936.49862567954,0.002882134119776132,493.2593937064391,223.93628990846744,0.00013332444503699753,0.027002960893854747,0.0011799277399493404,7.647618517213762e-05,77075.85876712213,99468.9392333043,9680.652778732856,0.5416104189257972,246.0,46.0,911.0,0.5,0.15753424657534246,0.925686591276252,573.0,46.0,0.3205268935236004,0.0021725200354625494,0.5356216505894963,123.6774681713166,123.6774681713166,56.17223653996052,0.07666666666666666,265.0,46.0,0.8520900321543409,911.0,0.5,0.14790996784565916,0.9233333333333333,554.0,46.0,0.0,0.001005079482406602,1.080730626243658,0.39823008849557523,0.3185840707964602,102168.54925103001,154986.12819646872,4.5826998726929186e-05,0.0001312233095769612,0.054787569027852985,0.00010366786804033518,0.00021519904287330767,0.1581475082867519,0.10098792535675083,3.596633212155777,0.0007077930352463885,0.0033615100723392555,0.0009346268785424489,0.9360994899968983,227846.0,495.0,508.0,239.0,0.9791437980241493,0.3413830954994512,0.0036428113725937693,0.10938553517503158,0.14891222823551392,0.2664005902442596,0.00315371618172537,0.0028966617624588092,90.04212421788873,-0.0004236708860759494,-0.0006768354430379748,10.253896863127864,0.027002960893854747,0.010755018536443959,40.843128831555475,21776.573583955775,0.0037765037765037767,-0.0005946351294701881,12231.54075148623,0.000335364870529812,0.0007394760853886124,0.0006997658752636256,4.201122197976574,0.082,0.0015715878268655128,0.021571587826865513,0.017928776454271746,0.0009900958067620067,0.000703101621720656,0.13186303815923173,0.1349786756915351,53.79050399642438,63.816115207737305,8.785740150440224e-05,0.012098595287624537
ulb,M5_legacy,M5_legacy,methods,,,1,23,0.8834315103188749,1.5572192390409598,0.001062120906226135,0.0027171204174331067,0.003088090062415432,0.9749536224589266,0.02195828747865812,90.24736559506094,34357.1132936634,0.002581207468740572,337.8749911165055,279.5217141914748,0.00020062863639403464,0.021484671421293938,0.0011021631669484951,2.1714455833629275e-05,75221.85910798378,87525.48850208896,9146.170394864886,0.49390243902439024,255.0,8.0,911.0,0.0,0.0,0.9878048780487805,648.0,0.0,0.27991218441273324,0.002203242541014545,0.4936708860759494,,,,0.012658227848101266,279.0,8.0,1.0,911.0,0.0,0.0,0.9873417721518988,624.0,0.0,0.0,0.0009444603595215928,1.015548773679132,0.4778761061946903,0.2831858407079646,71332.70903948495,124100.43386425725,3.8930712970738005e-05,0.00011211526227861923,0.045053946007604165,0.00011210777495574839,0.0003156574748171172,0.16258791043766999,0.008781558726673985,3.3485142785307804,0.0005886539960094508,0.003069460241490215,0.0009166633277242571,0.9534811208991405,227846.0,502.0,497.0,243.0,0.973655323819978,0.3062568605927552,0.002791359075867033,0.08536358569773107,0.1318943663533491,0.24271838080619113,0.004687977528089887,0.0023891928456775966,74.27447887333835,-0.00041979591836734695,-0.0006748979591836735,10.253896863127864,0.021484671421293938,0.010263234888604443,25.075483487005272,23279.511940808952,0.003643319063667001,-0.0006044666998582973,13416.56209082112,0.00032553330014170275,0.0007215338364670189,0.000665008690277401,4.9216159193317885,0.049,0.0012073066896061378,0.021207306689606138,0.018415947613739103,0.0003927866166905638,0.0006973585500242577,0.15074753403495764,0.15579578235691718,53.7131640012376,63.56799638597295,0.00010198728340991973,0.012109643270697865
ulb,M5_legacy,M5_legacy,methods,,,2,37,0.8622515423716588,1.2284809066176368,0.002699191559211046,0.002296110601387771,0.002729762622551984,0.9738099657966772,0.02346027158077075,89.78021123852696,47857.76770043612,0.0023452157598499064,404.86763420926945,1488.9856700593432,0.00040155267032525766,0.02395572879634332,0.0010920280842707975,3.926522785166879e-05,74038.74279922548,85304.03418554462,9420.202429036694,0.555301597309794,161.0,7.0,911.0,0.7586206896551724,0.12021857923497267,0.9903846153846154,721.0,22.0,0.20087815587266739,0.0020759635894419914,0.555301597309794,75.38905430363121,75.38905430363121,75.38905430363121,0.009615384615384616,161.0,7.0,0.8797814207650273,911.0,0.7586206896551724,0.12021857923497267,0.9903846153846154,721.0,22.0,0.0,0.0009641601492430222,1.0367313432720668,0.45132743362831856,0.2831858407079646,86091.2867956541,135993.37025419,3.677963509003723e-05,0.00010317623660582422,0.03859928624163403,0.00011674332324296641,0.0002630908335175511,0.17448597571480648,0.031833150384193196,3.44956261863612,0.0007282263625199328,0.003086020741380831,0.0008946121820513508,0.9435652964815681,227846.0,473.0,500.0,243.0,1.0,0.20087815587266739,0.003239029871053255,0.0933505324602273,0.20320171324790062,0.24346278858912326,0.0026414285714285715,0.0016210204081632653,74.27447887333835,-0.00041979591836734695,-0.0006748979591836735,10.253896863127864,0.02395572879634332,0.01159950094087997,25.075483487005272,22295.804190518313,0.0040081985880209515,-0.0006035937329996737,14448.729234640316,0.0003264062670003264,0.000734529772651651,0.0006829994270380586,4.014563489939111,0.0605,0.0018437014474689054,0.021843701447468906,0.018604671576415648,0.0011675320997993992,0.0006982360544280534,0.16692288530854835,0.16666028610049383,53.528331976849586,63.72645674273372,9.401062834590905e-05,0.012132355636103034
ulb,M5_legacy,M5_legacy,methods,,,3,53,0.7692432580067151,1.6031940085882992,0.003519921350385787,0.0030595129463734175,0.0033186407961720266,0.9753695173465726,0.021311841857255435,90.24459220590964,37961.89825516365,0.0026144667158275793,319.9631262362863,223.93628990846744,0.00013352026169971293,0.019426234096692113,0.0010691640947178742,-5.4383634229603444e-05,75056.44621996244,88270.51091850916,9672.261339228306,0.4746922024623803,180.0,37.0,911.0,0.0,0.0,0.9493844049247606,694.0,0.0,0.19758507135016465,0.002295410057670532,0.47465753424657536,,,,0.050684931506849315,181.0,37.0,1.0,911.0,0.0,0.0,0.9493150684931507,693.0,0.0,0.0,0.0008703571604821958,0.9358679144969847,0.49557522123893805,0.2743362831858407,64420.899407069104,125077.02846316222,3.5651304981669654e-05,0.00011126224209473339,0.04248824952096738,0.00010081957966895431,0.0002738265280996529,0.16897172574065583,0.04061470911086718,3.677070788445753,0.0005201562333376293,0.0030663510903040153,0.0008339113568167447,0.9335780884473567,227846.0,523.0,477.0,222.0,0.9989023051591658,0.1986827661909989,0.003493587774198362,0.07436579174343894,0.20030360355619173,0.24069406044154085,0.0026414285714285715,0.0016218021304538158,74.27447887333835,-0.000421869918699187,-0.0006759349593495935,10.253896863127864,0.019426234096692113,0.008565616829161361,25.075483487005272,16636.941077543408,0.003048780487804878,-0.0006289263842980501,9598.12378445357,0.00030107361570194994,0.0006753205128648741,0.00061967325471874,5.368528254387574,0.0445,0.0016944778490734953,0.021694477849073496,0.018200890074875135,0.00025774387750901885,0.0006663674505148657,0.14608703467094616,0.1547657174533336,53.22816804982722,62.54288203781471,8.789905475143398e-05,0.012127881666464042
ulb,M5_legacy,M5_legacy,methods,,,4,71,1.0898557521914154,1.2862347047423175,0.0008821748022787322,0.0026407293173352,0.002314891649164284,0.9803969367006196,0.017288171650216216,90.24630668805293,37007.84646400873,0.002580169553999263,361.2496533822001,223.93628990846744,0.00013357376611233555,0.025465939086294416,0.0011695723593638891,4.371662889174229e-05,77352.43502126865,100661.21960027523,9661.396867624577,0.4958904109589041,181.0,6.0,911.0,0.0,0.0,0.9917808219178083,724.0,0.0,0.1986827661909989,0.0021417975299105538,0.49588477366255146,,,,0.00823045267489712,182.0,6.0,1.0,911.0,0.0,0.0,0.9917695473251029,723.0,0.0,0.0,0.0009711084061291708,1.0442025872356675,0.45132743362831856,0.2831858407079646,77342.95442255029,129715.80162671384,4.1240841351307076e-05,0.00011988802029893949,0.04784969693770392,9.457679491104244e-05,0.00021452824499064232,0.19332848239171807,0.006586169045005488,3.74876774834816,0.0006974130181513466,0.0033627827279576164,0.0008970368274853458,0.9437531104087038,227846.0,488.0,508.0,234.0,0.9989023051591658,0.19978046103183314,0.00315564021312641,0.09891440022587046,0.09510325159354974,0.2551588849972375,0.0021312244897959184,0.001366309028971466,74.27447887333835,-0.00042005609382967876,-0.0006750280469148395,10.253896863127864,0.025465939086294416,0.011944041165969763,40.843128831555475,26021.743537967486,0.003965540817721865,-0.0006045394094485677,14089.428130665614,0.00032546059055143237,0.0006701033277646415,0.0006422748503067335,4.90458848094968,0.063,0.0015408653213135198,0.02154086532131352,0.01838522510818711,0.0002739265308815003,0.0006786595702957133,0.15087657180713188,0.13563716840256246,53.801504080183804,63.53711804840713,8.783729109107572e-05,0.01209816132583723
ulb,M5_legacy,M5_legacy,methods,,,5,73,1.0651264847983046,1.4167981640117968,0.0039237028519263015,0.0036037099860722443,0.0029881240865131647,0.9751161771821203,0.021895698731366625,90.14360124782158,38884.05819078982,0.002512226167347759,379.58642991756705,631.2334165771267,0.000200253654629197,0.0245023499491353,0.001068418338908121,4.0086976995169196e-05,75057.56903157942,87299.64273581887,9162.162924403166,0.5452085004009624,190.0,18.0,911.0,0.5813953488372093,0.11627906976744186,0.9741379310344828,678.0,25.0,0.23600439077936333,0.002111075024358558,0.5419081845583121,136.48868001376383,136.48868001376383,73.91083755257972,0.02631578947368421,202.0,18.0,0.8898678414096917,911.0,0.5813953488372093,0.11013215859030837,0.9736842105263158,666.0,25.0,0.0,0.0009645321346217689,1.037131327550289,0.40707964601769914,0.3008849557522124,78852.03264944832,138989.16069616372,3.6654100139496255e-05,0.00010713372277437303,0.04062947207862479,0.00010589621724802365,0.00023603987997081356,0.16681212796459297,0.04720087815587267,3.247934509923379,0.0006430998697860824,0.002959331866828946,0.0009111427147891471,0.9396386934869269,227846.0,481.0,499.0,255.0,0.986827661909989,0.2491767288693743,0.0030459169790121397,0.07853548643122507,0.2016941327939292,0.23927424401420636,0.00263234096692112,0.001872620943113267,74.27447887333835,-0.00041979591836734695,-0.0006748979591836735,10.253896863127864,0.0245023499491353,0.01059838758615521,40.843128831555475,22589.85056499951,0.0035454545454545456,-0.0005519669253096348,16746.890477081866,0.0003780330746903653,0.0007219880110206782,0.0006704699051029782,4.547244467675494,0.069,0.0008035251880656215,0.020803525188065622,0.017757608209053484,0.00095722846106629,0.0006830803523678976,0.1537160381673973,0.1564618189870738,54.93199999909848,64.68586482806131,9.943906626677929e-05,0.012109455451470463
ulb,M5_legacy,M5_legacy,methods,,,6,79,0.717056476384648,1.1684878949327209,0.006824785161907604,0.0028776680578773213,0.002803359757694374,0.9750793598479393,0.02211728039436643,89.80855393090346,52192.30418004908,0.002378001808621094,425.13468582300993,223.93628990846744,0.00013391362571141613,0.031147393075356418,0.0011191626435239,8.711755153753266e-05,75040.09055803968,90698.95810275008,8658.791700723992,0.6552292015254978,123.0,10.0,911.0,0.855072463768116,0.3241758241758242,0.9862825788751715,719.0,59.0,0.19978046103183314,0.0020540189426191376,0.6483283451346814,109.38803957781784,109.38803957781784,47.30293603365095,0.013869625520110958,131.0,10.0,0.6894736842105263,911.0,0.855072463768116,0.3105263157894737,0.986130374479889,711.0,59.0,0.0,0.0010129386024148456,1.0891812929191886,0.4247787610619469,0.2831858407079646,86453.44794069178,141092.44785368894,4.49533209721335e-05,0.00011367757901485195,0.052419902571629026,0.0001140895623745654,0.00027966734828103904,0.14018835401341057,0.07574094401756312,3.412532532605533,0.0007960802276396185,0.0031743722604593632,0.0009302101093921791,0.9509251892350213,227846.0,468.0,515.0,255.0,0.991218441273326,0.20856201975850713,0.0016414595823494816,0.08036090421445362,0.07400917163909326,0.22804446710630158,0.002117232097511427,0.001358922171204693,74.27447887333835,-0.00041979591836734695,-0.0006748979591836735,10.253896863127864,0.031147393075356418,0.013163132161214793,48.72695150383066,21125.251764901564,0.004603883672167016,-0.0006018062240984324,12911.955705832668,0.0003281937759015676,0.0007469589417886691,0.0007029011717781576,3.636794202264136,0.0385,0.0,0.019921350385786893,0.01827989080343741,0.001512982715527468,0.0006738614606539358,0.1595903573041589,0.1568396559876981,55.33899599686265,64.79226923547685,0.00011905674467600985,0.012097201193331259
ulb,M5_legacy,M5_legacy,methods,,,7,83,0.9403123532646047,1.1594025035953661,0.0008470633673621656,0.0033455160851662627,0.0023517769162673054,0.9802653991534259,0.017382823930306684,90.10723436598973,56720.219698865505,0.0025470022453835586,431.99273728227155,482.01766426892266,0.000200213561131874,0.02290367139959432,0.0010361570677410758,-1.9464748588798638e-05,76175.90378485897,93375.24327949612,9681.15123532469,0.4954545454545455,251.0,6.0,911.0,0.0,0.0,0.990909090909091,654.0,0.0,0.27552140504939626,0.002005740719608859,0.49529042386185246,,,,0.009419152276295133,274.0,6.0,1.0,911.0,0.0,0.0,0.9905808477237049,631.0,0.0,0.0,0.0009034999440903499,0.9715053162261826,0.45132743362831856,0.2920353982300885,95536.7222184796,146866.9829985237,3.632862037436588e-05,0.00010962722140773881,0.04408786666112527,9.560688342285784e-05,0.00024388810947808154,0.16246334918420566,0.006586169045005488,3.459082740138587,0.0007304308040103508,0.002929370234223979,0.0008468633028727769,0.9477071079297841,227846.0,457.0,482.0,243.0,0.9747530186608123,0.300768386388584,0.0031731959305846933,0.09987170762214315,0.1951610314695446,0.2578016073007739,0.0021312244897959184,0.0016215412903293016,86.10021288175113,-0.0004223857868020305,-0.0006761928934010152,10.253896863127864,0.02290367139959432,0.00938703637400475,25.075483487005272,25598.899131728558,0.003138360775038661,-0.0005855375527856806,12735.585723616607,0.0003444624472143194,0.0006821740427740005,0.0006353125530204415,4.014375361845872,0.069,0.0010712498793044416,0.021071249879304442,0.01789805394871975,0.00029744679008434754,0.0006644219008524859,0.14548556497012505,0.14664312315005115,55.27700000675395,67.77938315062784,8.790723866939902e-05,0.012117946362647854
ulb,M5_legacy,M5_legacy,methods,,,8,89,1.3140684104830864,1.4444221171084004,0.0012113445046215425,0.0025852714206798617,0.0032335491466937497,0.9708693385999443,0.02589711225336182,90.17557676171015,51651.650566185715,0.0028166180464741977,406.0800182163773,223.93628990846744,0.00013393156097234312,0.017947551020408164,0.0010451749987299567,1.3552817951216661e-05,72997.04078988796,82395.97881961463,9923.990411811925,0.5062770202859993,285.0,5.0,911.0,0.5454545454545454,0.020618556701030927,0.9919354838709677,615.0,6.0,0.3194291986827662,0.0020364632251608544,0.5056329141230019,159.15467019655483,159.15467019655483,83.2728769759064,0.008278145695364239,301.0,5.0,0.9804560260586319,911.0,0.5454545454545454,0.019543973941368076,0.9917218543046358,599.0,6.0,0.0,0.0009356840342755836,1.0061118648124554,0.4424778761061947,0.30973451327433627,88265.06355003154,142933.73675469458,3.780468305821392e-05,0.0001195638973292173,0.041994014223432796,9.510794566925185e-05,0.00019919973110158628,0.15362825946449057,0.012074643249176729,3.110850907030022,0.0006386366501651943,0.0028696383346029724,0.0009224609022946269,0.9415463293484537,227846.0,464.0,491.0,255.0,0.9824368825466521,0.33699231613611413,0.00359014422021892,0.10433091007312456,0.29037944219410466,0.2679898359798663,0.0031516326530612246,0.0028974421560354615,74.27447887333835,-0.00042005609382967876,-0.0006750280469148395,10.253896863127864,0.017947551020408164,0.00689079005825458,40.843128831555475,22963.661243362978,0.003007244725930651,-0.0005661616974014286,13425.815450574386,0.0003638383025985715,0.0007300511253839481,0.0006814227328000049,4.5036508157343675,0.067,0.002041203268874591,0.02204120326887459,0.018451059048655672,0.0008621495703014636,0.0007063430501294974,0.17767570498908308,0.17624991772688334,55.27166399406269,66.71980356913991,8.042175572364077e-05,0.012166622956724642
ulb,M5_legacy,M5_legacy,methods,,,9,97,0.7181895509341965,1.6243866353604277,0.0009348419546535818,0.003354101966249685,0.002442947626966972,0.9796516090384535,0.017905443334579656,90.62612897924426,45169.21494924093,0.0025123103205707967,400.56062074347074,1386.3078101246483,0.00026657780739753413,0.034513037974683546,0.0011215184569360961,9.208814311622967e-05,76114.11162650706,92979.63354909435,9421.916982312012,0.4952445652173913,175.0,7.0,911.0,0.0,0.0,0.9904891304347826,729.0,0.0,0.19209659714599342,0.0021286307418168413,0.4952445652173913,,,,0.009510869565217392,175.0,7.0,1.0,911.0,0.0,0.0,0.9904891304347826,729.0,0.0,0.0,0.0010153828261637763,1.0918094904986841,0.4336283185840708,0.3008849557522124,87258.50021309542,140662.7422448215,4.22467484049159e-05,0.00011514774454491413,0.042735975282525214,0.00010900261242755809,0.0002796064512881484,0.14269963244845218,0.007683863885839737,3.6753802753138376,0.0005520816168426807,0.003296058978720602,0.000896794000027427,0.9333141121192219,227846.0,485.0,510.0,242.0,1.0,0.19209659714599342,0.002791359075867033,0.08944649966290204,0.18092437697796843,0.245693853014426,0.0016197195308516063,0.0011105565494993102,74.27447887333835,-0.0004223857868020305,-0.0004237951145014696,10.253896863127864,0.034513037974683546,0.013603355143872132,25.075483487005272,25781.670662462675,0.004283240681673198,-0.0005855177759206925,14921.306791267158,0.0003444822240793075,0.0007669231683443622,0.0007176244903880116,5.026965504192731,0.05,0.0006630794483993563,0.020663079448399357,0.017871720372532325,0.0002050645722045787,0.0007533769738148067,0.14802615332557106,0.1473557108873097,54.88900002092123,64.02679999009705,9.507099063819136e-05,0.012103242708087809
ulb,M5_legacy,M5_legacy,methods,,,10,101,0.8924561761880908,1.5233586349743655,0.0017862942513803184,0.0038055618356499944,0.0033513048721727015,0.9725077041997734,0.02414099092805397,90.32359864199526,51351.64180132303,0.0020446470469933633,405.20891434484713,1065.517292733981,0.00026654228026920773,0.027438794326241134,0.0010075665634826912,-2.042785341738392e-05,75378.63639028506,88989.34229457552,10456.035136987486,0.5336566725455615,169.0,3.0,911.0,0.8125,0.07142857142857142,0.9958847736625515,726.0,13.0,0.19978046103183314,0.0020320742957962833,0.5332628132288739,79.3309656397688,79.3309656397688,79.3309656397688,0.0041265474552957355,171.0,3.0,0.9293478260869565,911.0,0.8125,0.07065217391304347,0.9958734525447043,724.0,13.0,0.0,0.0009041510379832956,0.9722054171863393,0.415929203539823,0.2920353982300885,87881.24208551213,141093.68281540315,3.625909431768952e-05,9.833761874003548e-05,0.041452451430282374,0.00010140576819240772,0.00029646410804252087,0.15320282175718752,0.01756311745334797,3.6736250602020895,0.0005323837502519516,0.002979351740941687,0.0008110113830663465,0.9495152632528839,227846.0,463.0,490.0,239.0,0.9978046103183315,0.20197585071350166,0.0034848099154692206,0.06928579461228104,0.16723540908961743,0.22693319483122137,9.145045965270682e-05,9.092931145900649e-05,74.27447887333835,8.626016260162607e-05,-0.000421869918699187,18.13771953540305,0.027438794326241134,0.010894115952620955,48.72695150383066,21730.243730788177,0.003908913231216763,-0.0006042712617837162,13733.83926066693,0.0003257287382162839,0.000665285905951225,0.0006142940294474129,5.167292955183525,0.0695,0.0011502506078667173,0.021150250607866718,0.017665440692397498,0.0011746802484628666,0.0006355403336750215,0.153317599010646,0.15386383699953937,55.365168023854494,65.55128199979661,6.448053695031065e-05,0.012148077008252748
ulb,M5_legacy,M5_legacy,methods,,,11,103,1.3204848013767043,1.222921259937369,0.005372049542234667,0.0028637959832411805,0.0031220148559022794,0.9737408448823927,0.023137140261704867,90.55535891858663,45253.55504109036,0.0026149926243797775,398.0729295784278,1247.5456218601335,0.0002668801708033093,0.03014488537952114,0.0011182244464517177,2.768249766675912e-05,75295.91552711168,88142.86373669341,9935.124677622181,0.6037010957516461,190.0,5.0,911.0,0.9122807017543859,0.21487603305785125,0.992526158445441,664.0,52.0,0.265642151481888,0.0020496300132545665,0.5985570296863577,118.25734008412752,118.25734008412752,59.12867004206379,0.0076103500761035,202.0,5.0,0.7952755905511811,911.0,0.9122807017543859,0.2047244094488189,0.9923896499238964,652.0,52.0,0.0,0.0009530617107457708,1.0247975384363126,0.504424778761062,0.2920353982300885,81508.59858541368,134362.52650205954,4.192892442035069e-05,0.0001264882564386369,0.04543206487504354,0.00011492333083038686,0.00028895792490787756,0.17353861646630708,0.06256860592755215,3.8049346600836,0.000709457092676181,0.003301199975491626,0.000867610161647058,0.9443841003538321,227846.0,467.0,499.0,229.0,0.986827661909989,0.278814489571899,0.0031468623543972683,0.09237894856517888,0.13489172250481002,0.25051866980040594,9.040816326530616e-05,-0.0001645636570095113,74.27447887333835,8.57440325038089e-05,-0.00016793377937595526,18.13771953540305,0.03014488537952114,0.01146911145303766,40.843128831555475,19996.054756291138,0.0038275767793675385,-0.0006345201986138144,15011.443166172046,0.0002954798013861857,0.0007083000510513154,0.0006576824276395903,4.7036418753918765,0.049,0.0014969760276678096,0.02149697602766781,0.01835011367327054,0.0014323239152316078,0.0006405482918489495,0.15835411421760726,0.15458093484890562,54.748004011344165,69.02394879143684,7.941482598332265e-05,0.012132910991790764
ulb,M5_legacy,M5_legacy,methods,,,12,107,0.47883052473021265,1.4692487032616663,0.007755238187196615,0.0031556242808309597,0.003055200342183297,0.9741099602317473,0.022834839426069453,90.47247234369354,51433.07002810244,0.0025135732957973053,395.09935638474735,223.93628990846744,0.00013347570742124932,0.01895781234064253,0.001068109382367462,-1.2705965941111214e-05,73363.7717659723,80975.29914240618,9406.652988251577,0.6095122399865107,131.0,33.0,911.0,0.5875,0.2640449438202247,0.9549795361527967,700.0,47.0,0.19538968166849616,0.0021637421767334076,0.6079837361301109,63.070581378201325,63.070581378201325,63.070581378201325,0.04514363885088919,133.0,33.0,0.7388888888888889,911.0,0.5875,0.2611111111111111,0.9548563611491108,698.0,47.0,0.0,0.0009145215205384414,0.9833564736972488,0.3893805309734513,0.2920353982300885,78363.9647855375,143888.92026520352,3.877383266472229e-05,0.00011260763282531975,0.04771069740736173,0.00011753111259843689,0.00035147681965663475,0.15530779227079825,0.08781558726673985,3.719532709296262,0.000565429922457086,0.0030900285058147116,0.0008307571803554181,0.9370947996097024,227846.0,493.0,487.0,230.0,0.9978046103183315,0.19758507135016465,0.0028747487337938784,0.08319357016961007,0.17440733423384389,0.23782475141915227,0.0011108163265306124,0.0006006122448979593,86.10021288175113,-0.0004239271255060729,-0.0006769635627530365,10.253896863127864,0.01895781234064253,0.009087177667106865,40.843128831555475,17208.49859271536,0.0034600500796722056,-0.0006078080638197787,9498.459874811224,0.0003221919361802213,0.0007140768983726031,0.000645386888523146,4.267742616755544,0.0615,0.0008913037753570385,0.02089130377535704,0.018016555041563163,0.0009876221588437793,0.0006468700067061482,0.15607110840880759,0.17059890716185858,54.58250001538545,63.80478602950461,9.463337259630838e-05,0.012140073967628263
ulb,M5_legacy,M5_legacy,methods,,,13,109,0.9852897775194157,1.4162608500514335,0.0015712367125163488,0.002956169489913822,0.0028993420086497446,0.975386298152843,0.02171435983850731,90.21577374396487,55313.771537517016,0.002513826043237808,423.9198667792248,370.4655000389771,0.0002674511901577962,0.027539750889679714,0.0011673441886713726,7.56662834949069e-05,75594.65506334284,87884.38416152979,9418.064574435193,0.5145546880397982,197.0,7.0,911.0,0.5333333333333333,0.03902439024390244,0.990084985835694,699.0,8.0,0.22502744237102085,0.0019925739315151464,0.5117639673571877,138.4596356818326,138.4596356818326,83.27287697590646,0.01037037037037037,228.0,7.0,0.9661016949152542,911.0,0.5333333333333333,0.03389830508474576,0.9896296296296296,668.0,8.0,0.0,0.0009986341550793758,1.073800166752017,0.5132743362831859,0.2920353982300885,92244.44611668051,144799.1105672614,4.365325445629256e-05,0.00011654193902990736,0.04827846837363371,0.00011684763223996135,0.00032340674019553484,0.17326030162661846,0.01646542261251372,3.7325858685686155,0.0006304757884424013,0.0033328937658103973,0.0008929181760762831,0.9397213746022849,227846.0,454.0,508.0,241.0,0.9659714599341384,0.25905598243688255,0.005139436285912414,0.09131783336852696,0.2602951830137934,0.2554816479896298,0.0026414285714285715,0.0016218021304538158,74.27447887333835,9.040816326530616e-05,-0.00041979591836734695,18.13771953540305,0.027539750889679714,0.012973900257459828,40.843128831555475,25476.323478304985,0.00437238112588814,-0.0006234043613229602,11083.88560081953,0.0003065956386770398,0.0007259143900086505,0.0006660985340947168,5.154789386292466,0.0615,0.003498327817912098,0.0234983278179121,0.018358891531999683,0.0010212965927167332,0.0006933503092550695,0.1478918906132685,0.15193508694846286,58.56149992905557,1327.8017683769572,9.290281240002396e-05,0.012115160299569664
ulb,M5_legacy,M5_legacy,methods,,,14,113,0.41512756882616947,1.2883919765317884,0.009497643144931225,0.0027519100366032176,0.003129838885083334,0.9740671666554708,0.022802994459445898,90.1086665667118,37780.877309977586,0.0024473648920477404,414.6664855117294,710.4604120238454,0.00026721891909947226,0.029635461029037188,0.001098203110906996,3.38099579884395e-05,72345.06891676034,82103.69126498865,9915.201027737907,0.5759135357694287,132.0,66.0,911.0,0.3888888888888889,0.2413793103448276,0.9104477611940298,671.0,42.0,0.19099890230515917,0.0021022971656294164,0.5759135357694287,65.04153704627004,65.04153704627004,65.04153704627004,0.08955223880597014,132.0,66.0,0.7586206896551724,911.0,0.3888888888888889,0.2413793103448276,0.9104477611940298,671.0,42.0,0.0,0.000961664356565278,1.0340476952314817,0.4778761061946903,0.3008849557522124,81002.30775594011,136688.50947069054,3.863027287013352e-05,0.00010842424772838605,0.04273332832744218,0.00012872863914298443,0.00043594615799522383,0.17430106785406774,0.11855104281009879,3.7119590960710225,0.0006873942127089778,0.003287434169347327,0.0008856331883686326,0.9071726358805654,227846.0,479.0,505.0,230.0,1.0,0.19099890230515917,0.0035769774321252074,0.105809524409601,0.23091208613091116,0.2660730225921387,0.0021312244897959184,0.0018774253194638428,74.27447887333835,-0.00041979591836734695,-0.0006748979591836735,10.253896863127864,0.029635461029037188,0.011294111473205042,25.075483487005272,27716.483673777875,0.003960846801730025,-0.0006133172837671025,14794.4863601608,0.0003166827162328975,0.0007236138579509509,0.0006487860632898379,3.9087263335049114,0.055,0.0019709803990414568,0.021970980399041457,0.01839400296691625,0.000745798782755893,0.0006719029184010453,0.17043472226402723,0.17808838404279081,55.93249999219552,71.92501442623319,8.194038047846047e-05,0.012165319590931839
ulb,M5_legacy,M5_legacy,methods,,,15,127,1.1499605389027034,1.3510378519630923,0.00108845448241356,0.003600331843112656,0.0032013410038195748,0.9740032641393354,0.02279539485684536,89.95650184855182,48700.63131049485,0.0025796509095782102,350.41069862389526,249.20711890897405,0.00026673779674579886,0.021371064368981247,0.0010400539724990643,2.727670006899985e-06,75326.71372327974,87051.8349672184,9416.770602584087,0.4978965034965035,284.0,7.0,911.0,0.2222222222222222,0.006993006993006993,0.9888,618.0,2.0,0.31394072447859495,0.0021022971656294164,0.49738210075026795,154.22728102638285,154.22728102638285,86.72204939502677,0.011666666666666667,309.0,7.0,0.9935691318327974,911.0,0.2222222222222222,0.006430868167202572,0.9883333333333333,593.0,2.0,0.0,0.0009302575203270213,1.0002769035774421,0.37168141592920356,0.2920353982300885,74947.33630621983,126777.64593748089,3.591870606503836e-05,0.00011508227304150022,0.04058168483364988,9.870372007295739e-05,0.00020955408899498126,0.15113114782250717,0.009879253567508232,3.435948857765168,0.0006343062223321439,0.00294451098909299,0.0008569717161064433,0.9428504711209453,227846.0,479.0,491.0,253.0,0.9725576289791438,0.3413830954994512,0.003471643127375508,0.10274311249674967,0.17239729174894197,0.26214070804052697,0.000600612244897959,0.0003457706451646508,74.27447887333835,-0.0004216115912557194,-0.0006758057956278597,10.253896863127864,0.021371064368981247,0.009049515606230374,40.843128831555475,13485.800428409591,0.00331999272330362,-0.0005855265659188191,12511.697448406418,0.0003444734340811809,0.0006946764846177319,0.0006512188129163583,4.613577413519742,0.0795,0.0010449163031170175,0.021044916303117018,0.01757327317574151,0.0005754016280018023,0.0006728572634159305,0.155201417697862,0.15470133127815017,56.09649600228295,67.8267663810402,9.477214610008555e-05,0.012116942717268625
ulb,M5_legacy,M5_legacy,methods,,,16,131,0.766372692559964,1.4505968098480564,0.0019881850021505752,0.0027567294974523513,0.0020935123467217135,0.9800597476317322,0.01784674002154617,91.10895893139894,47661.338135921214,0.0024469547145778165,372.1994856039615,400.62410254986975,0.00020032051282051281,0.023049591836734693,0.0010860747559734358,4.753930432972175e-06,76878.16017287786,99236.2576620351,9416.543205262742,0.48846675712347354,174.0,17.0,911.0,0.0,0.0,0.9769335142469471,720.0,0.0,0.19099890230515917,0.002005740719608859,0.48846675712347354,,,,0.023066485753052916,174.0,17.0,1.0,911.0,0.0,0.0,0.9769335142469471,720.0,0.0,0.0,0.0009273362601917391,0.9971357636470313,0.46017699115044247,0.2920353982300885,79024.57582079142,133484.13204884878,4.067315815661101e-05,0.00011565480545437792,0.050156456406525815,9.108889430494888e-05,0.0002130663763340391,0.12848108648729242,0.018660812294182216,3.5602360554904036,0.000595306225494618,0.0030744393947994765,0.0008635493115851805,0.928831963420056,227846.0,457.0,489.0,239.0,1.0,0.19099890230515917,0.003493587774198362,0.08832041713363983,0.16338971292518148,0.2462732319236942,0.0031516326530612246,0.0016215415563569657,74.27447887333835,-0.0004221279837480956,-0.0006760639918740478,10.253896863127864,0.023049591836734693,0.010457464784277748,40.843128831555475,21467.309247977697,0.003644480889253337,-0.0006040380928032724,9495.30433434265,0.0003259619071967276,0.0007056739758359953,0.0006636763355095003,4.603025477057055,0.0485,0.0018085900125523365,0.021808590012552337,0.018315002238353976,0.0004671425519206807,0.0006911683063166699,0.1349690671790053,0.13910833307521586,56.21733202133328,71.47221638006157,9.578107475565293e-05,0.012098053232175034
ulb,M5_legacy,M5_legacy,methods,,,17,137,0.8925670316872418,0.8799233445598337,0.011011823775708154,0.0032417355779770386,0.0023869351574171914,0.9795078222542375,0.018105242588345307,90.44528885319222,42598.62739844181,0.0026459456743812173,402.101898637756,407.4357869100886,0.00026647125441343016,0.01988218274111675,0.0010388082214127148,-8.504966916837364e-06,70317.75331002164,76929.72755938541,9934.104220775745,0.6897366337057489,191.0,5.0,911.0,0.9603174603174603,0.38782051282051283,0.991652754590985,594.0,121.0,0.3424807903402854,0.002321743633857957,0.6762567371475954,101.99695582255993,101.99695582255993,29.564335021031866,0.008680555555555556,214.0,5.0,0.6388059701492538,911.0,0.9603174603174603,0.3611940298507463,0.9913194444444444,571.0,121.0,0.0,0.0009265871760334837,0.9963302968101975,0.40707964601769914,0.30973451327433627,76354.18593078916,127530.93784660296,3.6243963550391424e-05,0.00011218817608298109,0.042021070515307554,0.00011895032002855879,0.0003121573759225794,0.20767104412332185,0.13830954994511527,3.5047414857223687,0.0009799680991055618,0.0030221273936445643,0.0008622968073269085,0.95097826137885,227846.0,529.0,493.0,238.0,0.9747530186608123,0.3677277716794731,0.002633357618742484,0.1206751939574504,0.24736402384518352,0.28215751811534245,0.0026377879714576963,0.0023845062306268074,74.27447887333835,-0.0004223857868020305,-0.0006761928934010152,10.253896863127864,0.01988218274111675,0.009569217507090841,40.843128831555475,16433.6824961381,0.003264316358888267,-0.0005943645517330408,16914.440249299176,0.0003356354482669593,0.000711354755267777,0.000663729891301078,3.1513375652311253,0.0615,0.0006060233666599357,0.020606023366659936,0.017972665747917452,0.0014298064180256478,0.0005576697501312809,0.21588942129425268,0.20026444009499503,56.30250001559034,68.36208199383691,8.219564090636451e-05,0.01220513210959684
ulb,M5_legacy,M5_legacy,methods,,,18,139,1.4039580602976094,1.806828139132274,0.004639098338351343,0.0030417449579773336,0.0027885557891442624,0.9744830152788342,0.022728428932021576,89.94978537736543,61723.54918795278,0.002479809657853289,443.4071842621261,223.93628990846744,0.00013363624214887077,0.021427723577235772,0.0010817953761466013,1.3577953332099302e-05,72264.99378654934,81900.86932174645,8637.589228026322,0.5876044991640067,146.0,10.0,911.0,0.7727272727272727,0.18888888888888888,0.9863201094391245,721.0,34.0,0.19758507135016465,0.0021022971656294164,0.5870733368652085,68.98344838240769,68.98344838240769,68.98344838240769,0.0136986301369863,147.0,10.0,0.8121546961325967,911.0,0.7727272727272727,0.1878453038674033,0.9863013698630136,720.0,34.0,0.0,0.0009388152959514151,1.009478812850984,0.5486725663716814,0.3185840707964602,93781.59703888831,146752.31247022317,4.056301018252867e-05,0.00012076908257343817,0.051174447196589555,0.00012819931978645343,0.00038459362733239325,0.18414044347640382,0.048298572996706916,3.7898955193829607,0.0004749672872644869,0.0032524286810088642,0.0008581842597967971,0.9205664059610872,227846.0,479.0,496.0,227.0,0.9989023051591658,0.1986827661909989,0.004665431914538767,0.06733408013680829,0.2240582557259884,0.2263639038609546,0.002645076608784474,0.00136774238602489,74.27447887333835,-0.00042135300101729407,-0.0006756765005086471,10.253896863127864,0.021427723577235772,0.010426271235745984,48.72695150383066,20163.43500022659,0.0037340619307832425,-0.0006027706699860126,11670.67656080048,0.00032722933001398744,0.0007155991157833212,0.0006391981667959034,6.499911690998731,0.056,0.002958489506069889,0.02295848950606989,0.01829305759153112,0.0011373006770546334,0.0006435761603492947,0.16440771348613265,0.18373123184708753,56.39733199495822,67.27380234515294,0.00011921079911547821,0.012135450899578069
ulb,M5_legacy,M5_legacy,methods,,,19,149,1.3470615534500032,1.4900658390755006,0.0018521281918488803,0.0023414313752394608,0.003134881252466257,0.9747689792499384,0.02209613949759532,90.24690774225006,54464.89353948627,0.0025804289544235923,430.75415991031946,2846.798751726482,0.00020073603211776515,0.027059821882951654,0.0011411649545743374,9.86565711578478e-05,75879.60090842177,92371.03013668198,9399.543612176029,0.514060902170208,225.0,7.0,911.0,0.5625,0.038461538461538464,0.9896602658788775,670.0,9.0,0.25686059275521406,0.0022339650465665406,0.5137069686715697,137.96689676481532,137.96689676481532,80.31644347380319,0.010401188707280832,229.0,7.0,0.9621848739495799,911.0,0.5625,0.037815126050420166,0.9895988112927192,666.0,9.0,0.0,0.0010217251021725103,1.0986291421209786,0.5309734513274337,0.2743362831858407,93323.09046035894,143847.17577158497,4.191488744711057e-05,0.00012118107151471776,0.04144913617928378,0.00011208604460994764,0.00026877703067642764,0.15958837797576303,0.01756311745334797,3.455858537463914,0.0006424056307090086,0.0033080400121613006,0.0009572266851492451,0.9380160166035612,227846.0,509.0,514.0,244.0,0.995609220636663,0.26125137211855104,0.003401420257542375,0.09898528619938789,0.16657828732628607,0.25462769780266536,0.000600612244897959,9.040816326530605e-05,74.27447887333835,-0.00041979591836734695,-0.0006748979591836735,10.253896863127864,0.027059821882951654,0.012474306895012022,40.843128831555475,17978.21892542009,0.0042879299334002375,-0.0005848307711975455,18033.179243726103,0.0003451692288024545,0.0007527595764852936,0.0007044175732758588,5.115624983194707,0.065,0.00215092650298886,0.02215092650298886,0.018749506245446485,0.0010304916214538486,0.000735062694414193,0.15457016511535746,0.14940618109747567,55.66933599766344,67.17908318387343,9.672668254339312e-05,0.012115670726920973
ulb,M5_strictmatch,M5_strictmatch,methods,,,0,11,0.5694221599353746,0.9893682018727663,0.019605347471537794,0.00330392633143353,0.0022695759685599157,0.9802036350638408,0.017526788967599606,0.5928940478111481,67936.49862567954,0.002882134119776132,541.8256522962438,223.93628990846744,0.00013332444503699753,0.027002960893854747,0.0011897263290649278,2.402750015636579e-05,74673.89903824522,99010.51202584413,5976.027525745199,0.6102618657937807,198.0,73.0,911.0,0.5828571428571429,0.34,0.8805237315875614,538.0,102.0,0.32930845225027444,0.0021549643180042662,0.6012813536898932,104.46065040764591,104.46065040764591,36.95541877628983,0.12227805695142378,212.0,73.0,0.6751592356687898,911.0,0.5828571428571429,0.3248407643312102,0.8777219430485762,524.0,102.0,0.0,0.0009621830154177288,1.034605392922289,0.415929203539823,0.2831858407079646,101577.7006297692,154986.12819646872,4.5881047818676004e-05,0.00013197756963289473,0.05595635600493465,0.00011864892830608561,0.00021890132377018094,0.24090602882237436,0.19209659714599342,3.769900034822344,0.0009470724109536719,0.0035324088798682207,0.0009370033282685399,0.9379112221813569,227846.0,491.0,508.0,214.0,0.9846322722283205,0.3446761800219539,0.0030985841313869895,0.1328351905741788,0.3776227416608029,0.3025817816391562,0.00315371618172537,0.0028966617624588092,90.04212421788873,-0.0004236708860759494,-0.0006768354430379748,10.253896863127864,0.027002960893854747,0.010755018536443959,40.843128831555475,21776.573583955775,0.0038019330310109477,-0.000667914586363696,11640.692130225414,0.0002620854136363041,0.0007505818036661856,0.0006927505233541578,3.4333017108635087,0.062,0.0010317495150233037,0.021031749515023304,0.017933165383636315,0.0010683777003645124,0.0006350917965870483,0.14750770810726022,0.1531010865673298,53.30416397191584,65.46790360007432,9.517720236075523e-05,0.012143177711249252
ulb,M5_strictmatch,M5_strictmatch,methods,,,1,23,0.8834315103188749,1.34691954389068,0.002084741448171133,0.002720375429582488,0.0024422283829992034,0.9802831086969336,0.017274662920067362,0.46097843187895454,34357.1132936634,0.002581207468740572,342.36013783733335,279.5217141914748,0.00020062863639403464,0.021484671421293938,0.001106244372678123,1.7633250104001198e-05,77145.34780056462,98963.3218925859,9146.170394864886,0.5154710664753707,244.0,8.0,911.0,0.5789473684210527,0.043137254901960784,0.9878048780487805,648.0,11.0,0.27991218441273324,0.0022076314703791157,0.5133841477246949,102.48969473957709,102.48969473957709,39.419113361375764,0.012658227848101266,268.0,8.0,0.9605734767025089,911.0,0.5789473684210527,0.03942652329749104,0.9873417721518988,624.0,11.0,0.0,0.0009409656099473508,1.0117909784380115,0.4778761061946903,0.2831858407079646,71330.97578646708,124100.43386425725,3.874614890005503e-05,0.00011211526227861923,0.04495620982747978,9.244158206494212e-05,0.0002077808815235029,0.14963111018841915,0.020856201975850714,3.387576464921277,0.0006749423340717981,0.0030796221215524506,0.0009090930207604973,0.9534811208991405,227846.0,503.0,497.0,241.0,0.973655323819978,0.3062568605927552,0.0028001369345961747,0.11898498653429793,0.3196506109080394,0.2791001880991546,0.004687977528089887,0.0023891928456775966,74.27447887333835,-0.00041979591836734695,-0.0006748979591836735,10.253896863127864,0.021484671421293938,0.010263234888604443,25.075483487005272,23279.511940808952,0.0036529680365296802,-0.0006104928078931057,13414.82883780325,0.0003195071921068943,0.0006895351802408957,0.0006639451518559919,4.398669893678213,0.049,0.0012160845483352792,0.02121608454833528,0.018415947613739103,0.0010886351686752351,0.0006845868705014826,0.14605526814012906,0.13761518488326954,53.78116405336186,66.94618119508952,0.00010165320637938026,0.012085486783613144
ulb,M5_strictmatch,M5_strictmatch,methods,,,2,37,0.8622515423716588,0.6807056573456791,0.02955943927038438,0.0018577748608559431,0.0021751573489609106,0.9783221925635804,0.019502650087458783,0.3107671304340271,47857.76770043612,0.0023452157598499064,516.6223323247275,1488.9856700593432,0.00040155267032525766,0.021911225626740947,0.0010932312845169793,-2.2573827050244352e-05,73933.44395218264,97697.92418761857,5788.592917665387,0.8771805380411938,8.0,147.0,911.0,0.5434782608695652,0.9562841530054644,0.7980769230769231,581.0,175.0,0.20087815587266739,0.002150575388639695,0.8771805380411938,0.0,0.0,0.0,0.20192307692307693,8.0,147.0,0.04371584699453552,911.0,0.5434782608695652,0.9562841530054644,0.7980769230769231,581.0,175.0,0.0,0.0008902583594337404,0.9572670531545595,0.5221238938053098,0.23893805309734514,83763.11201193387,135993.37025419,3.5402071606406464e-05,0.00010171136286787521,0.03947056909846751,0.00010911232040234195,0.00023282079567676388,0.2055428114043059,0.3534577387486279,3.829331836248593,0.0012435099481179499,0.0032413925262345083,0.0008464642566495204,0.9500940092743868,227846.0,490.0,500.0,214.0,1.0,0.20087815587266739,0.0023041879163996737,0.1278242186718272,0.3177474667955968,0.29322952792907864,0.0026414285714285715,0.0016210204081632653,70.33256753720082,-0.00041979591836734695,-0.0006748979591836735,10.253896863127864,0.021911225626740947,0.010928381251798638,25.075483487005272,20440.66882043448,0.0037084651898734175,-0.0006532782305619429,13975.689821003947,0.00027672176943805717,0.0006759139547843437,0.0006467299573661,2.6537814634631416,0.034,0.0012643627713455584,0.02126436277134556,0.018960174854945885,0.0011336582472614848,0.0004179526644055543,0.18005913686263306,0.15941508628062306,53.04483196232468,61.92150315619072,0.00010113016965199311,0.012156492467873063
ulb,M5_strictmatch,M5_strictmatch,methods,,,3,53,0.7692432580067151,0.9517728620776142,0.005955777147722585,0.0032736545571107585,0.0026184987646623685,0.9805658724874862,0.016815628747851495,0.40948473574285554,37961.89825516365,0.0026144667158275793,329.98165837692943,223.93628990846744,0.00013352026169971293,0.019426234096692113,0.0010653833127774442,-8.121354034516891e-05,75265.52865603783,100288.16627279899,6018.075517672563,0.45896032831737343,180.0,60.0,911.0,0.0,0.0,0.9179206566347469,671.0,0.0,0.19758507135016465,0.0023041879163996737,0.4589041095890411,,,,0.0821917808219178,181.0,60.0,1.0,911.0,0.0,0.0,0.9178082191780822,670.0,0.0,0.0,0.0008454111711193153,0.9090442700207692,0.4778761061946903,0.25663716814159293,64411.86915884602,125077.02846316222,3.604135490808607e-05,0.00011179732362822382,0.04380497442127205,9.082318513340151e-05,0.00017972008178571852,0.2063309139497684,0.06586169045005488,3.6253784784325083,0.0008935366937881591,0.0030831812892188337,0.0008504439764181249,0.935099294221084,227846.0,525.0,477.0,213.0,0.9989023051591658,0.1986827661909989,0.0030503059083767108,0.1236231029954648,0.38941444076325266,0.2920741134924183,0.0026414285714285715,0.0016218021304538158,74.27447887333835,-0.000421869918699187,-0.0006759349593495935,10.253896863127864,0.019426234096692113,0.008565616829161361,25.075483487005272,16636.941077543408,0.003048780487804878,-0.0006664835334344551,9589.093536230483,0.0002635164665655449,0.0006583637648119261,0.0006145067800031169,3.432750296840631,0.0385,0.0010975834554918656,0.021097583455491866,0.018047277547115156,0.0002372853778526176,0.000673816030566622,0.15337086034842404,0.15335195673020743,53.099500015378,66.406500415178,9.469048062473928e-05,0.012138728722393475
ulb,M5_strictmatch,M5_strictmatch,methods,,,4,71,1.0898557521914154,1.072941394749017,0.015760645348173768,0.002575411299740657,0.0023496722445366836,0.9791478563454052,0.018502471410057873,0.5058522661778003,37007.84646400873,0.002580169553999263,421.86603332353576,223.93628990846744,0.00013357376611233555,0.02737188679245283,0.0011938840052492857,4.5985984600757575e-05,75233.251689562,99261.3377367419,6042.050842468974,0.8931317641716492,31.0,31.0,911.0,0.8287292817679558,0.8287292817679558,0.9575342465753425,699.0,150.0,0.1986827661909989,0.00212424181245227,0.8908259093444278,0.0,0.0,0.0,0.04252400548696845,32.0,31.0,0.17582417582417584,911.0,0.8287292817679558,0.8241758241758241,0.9574759945130316,698.0,150.0,0.0,0.0009590080856653289,1.0311914899627193,0.49557522123893805,0.2743362831858407,75629.2178336641,129715.80162671384,4.1850779338099664e-05,0.00012100244215626816,0.048868270344784775,0.00010556280410498479,0.00027614836320286144,0.23530009031055082,0.1986827661909989,4.078433927987186,0.000799483013789678,0.0034984741790680383,0.0008577984198936446,0.9459382455452806,227846.0,484.0,508.0,226.0,0.9989023051591658,0.19978046103183314,0.003199529506772118,0.1270431886991798,0.33438930782682647,0.2887490315652263,0.0021312244897959184,0.001366309028971466,74.27447887333835,-0.00042005609382967876,-0.0006750280469148395,10.253896863127864,0.02737188679245283,0.012427830867428638,29.01739482314275,24329.343293731232,0.003996725574228343,-0.0006127164650729105,14068.091786015666,0.0003172835349270895,0.0006734491973612597,0.0006312862777036146,4.486614602585512,0.063,0.0017910342950940537,0.021791034295094054,0.018591504788321937,0.0014855066696041197,0.0004530003533037042,0.1659869765588503,0.15548819028934183,53.734000015538186,60.594463237794116,9.495086857616464e-05,0.012151877897810387
ulb,M5_strictmatch,M5_strictmatch,methods,,,5,73,1.0651264847983046,1.4484922636995425,0.001812627827567743,0.0036046307483372565,0.0022874220007370436,0.980947095014659,0.01676548298460388,0.7894757669744883,38884.05819078982,0.002512226167347759,369.9009405958322,631.2334165771267,0.000200253654629197,0.0245023499491353,0.0010692377780606283,3.926753784266181e-05,77294.10074730034,100526.8997402489,9162.162924403166,0.4870689655172414,215.0,18.0,911.0,0.0,0.0,0.9741379310344828,678.0,0.0,0.23600439077936333,0.002106686094993987,0.4868421052631579,,,,0.02631578947368421,227.0,18.0,1.0,911.0,0.0,0.0,0.9736842105263158,666.0,0.0,0.0,0.0009624294404927639,1.0348703661212515,0.40707964601769914,0.3008849557522124,78852.03264944832,138989.16069616372,3.6530269161190234e-05,0.00010713372277437303,0.04052691393470482,9.059798790366317e-05,0.0002036179024635982,0.15785146370832082,0.019758507135016465,3.23928436383698,0.0006301021818058028,0.0029564887998305245,0.000912698135685908,0.9396386934869269,227846.0,480.0,499.0,255.0,0.986827661909989,0.2491767288693743,0.0030722505551995646,0.11498356001039388,0.3609337675013448,0.2733943946698717,0.00263234096692112,0.001872620943113267,74.27447887333835,-0.00041979591836734695,-0.0006748979591836735,10.253896863127864,0.0245023499491353,0.01059838758615521,40.843128831555475,22589.85056499951,0.0035454545454545456,-0.0005531428607928053,16746.890477081866,0.0003768571392071948,0.0007066807024147931,0.0006716380021497863,4.624030736730034,0.069,0.0008035251880656215,0.020803525188065622,0.01773127463286606,0.0002332813212249634,0.0007073524523725923,0.14050054236386017,0.13553188032229818,55.19749998347834,61.84403488878161,9.903974535549938e-05,0.012082192485437014
ulb,M5_strictmatch,M5_strictmatch,methods,,,6,79,0.717056476384648,1.0651322810288142,0.02242742905295682,0.0026070021436491284,0.002211806200986532,0.9785869818236952,0.019201211975318187,0.5175229412962754,52192.30418004908,0.002378001808621094,480.637555387348,223.93628990846744,0.00013391362571141613,0.028712058165548098,0.0011141735496989747,5.54361035751855e-05,76407.83112182966,98781.88040980531,8658.791700723992,0.8846907550611254,22.0,80.0,911.0,0.6666666666666666,0.8791208791208791,0.8902606310013718,649.0,160.0,0.19978046103183314,0.0020101296489734295,0.8655741294985035,7.88382267227513,7.88382267227513,0.0,0.11095700416088766,30.0,80.0,0.15789473684210525,911.0,0.6666666666666666,0.8421052631578947,0.8890429958391124,641.0,160.0,0.0,0.0009656485405435091,1.0383317640252785,0.49557522123893805,0.25663716814159293,82710.15873053375,141092.44785368894,4.28794460097269e-05,0.0001116985908964435,0.051645022985193044,8.958555034570217e-05,0.00021268019887745075,0.1202482406731834,0.26344676180021953,3.6270008768132302,0.0008420677745244983,0.0032531063028575975,0.000896913569460136,0.958838370490096,227846.0,458.0,515.0,240.0,0.991218441273326,0.20856201975850713,0.0018521281918488803,0.1246753015878785,0.3163931691470024,0.2878615533368329,0.002117232097511427,0.001358922171204693,66.39065620106317,-0.00041979591836734695,-0.0006748979591836735,10.253896863127864,0.028712058165548098,0.01242394859166305,48.72695150383066,17415.03302232444,0.004469328618437208,-0.0006235175705724701,12878.88523825176,0.00030648242942752995,0.000725024378053439,0.0006936106708669795,3.533666972771964,0.0385,0.0004172994039833913,0.020417299403983392,0.018565171212134513,0.0014249273148369507,0.00046813463014820276,0.14293248078939055,0.13935522628391123,54.85883599612862,62.59152722777798,0.00011879966067643935,0.012092071229310008
ulb,M5_strictmatch,M5_strictmatch,methods,,,7,83,0.9403123532646047,0.7380121799712469,0.025104675965345012,0.0030359206444325972,0.002401006265556145,0.9790903909932314,0.01850860274121248,0.6451310835143002,56720.219698865505,0.0025470022453835586,539.3791753531855,482.01766426892266,0.000200213561131874,0.022230061760164694,0.0010210566036568793,-7.46193392909214e-05,74795.63170705232,98822.50224917488,6003.745109325198,0.862877951493999,51.0,50.0,911.0,0.8054474708171206,0.8023255813953488,0.9234303215926493,603.0,207.0,0.283205268935236,0.002040852154525425,0.8709119496855346,10.347517257361119,10.347517257361119,10.347517257361119,0.05817610062893082,55.0,37.0,0.2,911.0,0.8560311284046692,0.8,0.9418238993710691,599.0,220.0,0.0,0.0008579437794488055,0.9225201929557049,0.4690265486725664,0.26548672566371684,94923.72262365045,146866.9829985237,3.7189304789572926e-05,0.00011361743721782924,0.04504617064813155,9.161393250931706e-05,0.00017921067304102082,0.1945322732453205,0.28210757409440174,3.4903000236013946,0.0011575753816097103,0.0029817798222933197,0.0008543047308628303,0.9511151245975851,227846.0,465.0,482.0,222.0,0.9813391877058177,0.3018660812294182,0.0025060786671699305,0.13940245980960872,0.4385930999056512,0.31100233553276685,0.0021312244897959184,0.0016215412903293016,86.10021288175113,-0.0004223857868020305,-0.0006761928934010152,10.253896863127864,0.022230061760164694,0.009067619802469116,25.075483487005272,25523.242637498653,0.00318287037037037,-0.0006544166819768511,12198.242623017353,0.000275583318023149,0.0006671454199741903,0.0006228634784212434,2.703228932946212,0.0375,0.0007771916118781974,0.020777191611878198,0.01827111294470827,0.0011912213024181818,0.0004301005805909052,0.153437449514405,0.15305963459307154,54.806167958304286,64.36920287087558,9.500168888394565e-05,0.012158278170857025
ulb,M5_strictmatch,M5_strictmatch,methods,,,8,89,1.3140684104830864,1.1656409967637782,0.0036867006662394774,0.0025852714206798617,0.0021985109222710133,0.9802825523660492,0.01751893671167979,0.38517714389425645,51651.650566185715,0.0028166180464741977,416.9694660883375,223.93628990846744,0.00013393156097234312,0.017947551020408164,0.0010314398379383945,-1.8234284034560494e-07,75527.68482031349,99380.68290099716,6279.091516866325,0.4813915857605178,293.0,23.0,911.0,0.0,0.0,0.9627831715210357,595.0,0.0,0.3216245883644347,0.002040852154525425,0.48092868988391374,,,,0.03814262023217247,308.0,23.0,1.0,911.0,0.0,0.0,0.9618573797678275,580.0,0.0,0.0,0.0009200788126046309,0.9893320565641192,0.4424778761061947,0.30973451327433627,88258.26919820151,142933.73675469458,3.816111583941766e-05,0.00012002185418908227,0.04298464938253262,8.616381093930468e-05,0.0001750687022591112,0.16672860154927072,0.025246981339187707,3.099377399130351,0.0008019469671123043,0.0028972430162497597,0.0009347822620964753,0.9429416671599683,227846.0,465.0,491.0,248.0,0.9835345773874863,0.3380900109769484,0.003221474153594972,0.1408411168360493,0.4460858052040762,0.3112177472655907,0.0031516326530612246,0.0028974421560354615,74.27447887333835,-0.00042005609382967876,-0.0006750280469148395,10.253896863127864,0.017947551020408164,0.00689079005825458,40.843128831555475,22963.661243362978,0.003007244725930651,-0.0005904827550863527,13419.021098744346,0.0003395172449136473,0.0007187290676312976,0.000679062238672242,3.715552932205773,0.0585,0.0016505885554277885,0.02165058855542779,0.018429114401832817,0.0002985089212090847,0.0007170935023310468,0.1590105486455024,0.15252881088018994,55.3999999538064,63.89287004712968,8.631309987799003e-05,0.0121525235715444
ulb,M5_strictmatch,M5_strictmatch,methods,,,9,97,0.7181895509341965,1.3711299055402568,0.01142438313597781,0.0032495745126515157,0.002317402857096362,0.97999190799993,0.017690689142973646,0.5696507445565281,45169.21494924093,0.0025123103205707967,448.33046624991465,1386.3078101246483,0.00026657780739753413,0.034513037974683546,0.0011274462441561008,7.638775087001788e-05,75393.90235379715,100228.8426053754,5721.813891068338,0.8323874223602484,57.0,7.0,911.0,0.944,0.6742857142857143,0.9904891304347826,729.0,118.0,0.19209659714599342,0.002133019671181412,0.8323874223602484,28.08611826998026,28.08611826998026,28.08611826998026,0.009510869565217392,57.0,7.0,0.32571428571428573,911.0,0.944,0.6742857142857143,0.9904891304347826,729.0,118.0,0.0,0.00100841096138193,1.0843128617009998,0.4424778761061947,0.2831858407079646,87253.3004540418,140662.7422448215,4.24110395037797e-05,0.00011619269849493712,0.04294469199762471,0.00010437741974679199,0.00026385164710004966,0.15877149710655483,0.13721185510428102,3.83800435176094,0.0006416570262150179,0.003376657567317437,0.0008797951377434395,0.9333141121192219,227846.0,486.0,510.0,232.0,1.0,0.19209659714599342,0.002528023313992785,0.12079646918127904,0.3709158202524309,0.2837606331205661,0.0016197195308516063,0.0011105565494993102,74.27447887333835,-0.0004223857868020305,-0.0004237951145014696,10.253896863127864,0.034513037974683546,0.013603355143872132,25.075483487005272,25781.670662462675,0.004376163873370577,-0.0006070067570186433,14916.107032213557,0.0003229932429813568,0.0007423173074737746,0.0007099861028301444,4.562266921093004,0.0365,0.0005358004968268049,0.020535800496826805,0.018007777182834018,0.0016221864286062259,0.0005967952830278316,0.16069285605492828,0.15511211384313986,54.324332042597234,63.141966861439855,0.00010266182413388775,0.012135282983925015
ulb,M5_strictmatch,M5_strictmatch,methods,,,10,101,0.8924561761880908,1.2175705374637649,0.0025719126076384925,0.003806724371750321,0.002311905913929718,0.9813114074602987,0.016376686625771582,0.5965147132648425,51351.64180132303,0.0020446470469933633,408.38619069336767,1065.517292733981,0.00026654228026920773,0.027438794326241134,0.0009983470575319797,-3.6921017650344044e-05,75764.85336068658,99893.07482240346,6697.776233162349,0.4883401920438957,182.0,17.0,911.0,0.0,0.0,0.9766803840877915,712.0,0.0,0.19978046103183314,0.002045241083889996,0.48830811554332876,,,,0.023383768913342505,184.0,17.0,1.0,911.0,0.0,0.0,0.9766162310866575,710.0,0.0,0.0,0.0008869060417114599,0.9536624104424299,0.415929203539823,0.2831858407079646,87877.75824694622,141093.68281540315,3.62036313927469e-05,9.792634623051225e-05,0.04144423246544884,9.335640939476663e-05,0.00021726478784101245,0.18011955382630276,0.018660812294182216,3.6167487706880816,0.0006764794151060108,0.00297897637411921,0.0008236614050337988,0.9495152632528839,227846.0,466.0,490.0,234.0,0.9978046103183315,0.20197585071350166,0.0030503059083767108,0.11440663940284332,0.3040849500325918,0.28057561238631973,9.145045965270682e-05,9.092931145900649e-05,74.27447887333835,8.626016260162607e-05,-0.000421869918699187,18.13771953540305,0.027438794326241134,0.010894115952620955,48.72695150383066,21730.243730788177,0.003908913231216763,-0.0006295000191808499,13730.355422101016,0.00030049998081915015,0.0006603227474329733,0.0006165137325515478,4.232714572431525,0.0695,0.0006586905190347873,0.020658690519034788,0.017608384610658077,0.00027715082251569595,0.0006549939248119701,0.1568829886751369,0.1509514706768369,54.999499989207834,98.68623721995387,7.027300682160235e-05,0.012165776971376017
ulb,M5_strictmatch,M5_strictmatch,methods,,,11,103,1.3204848013767043,0.8158105856431876,0.02071574660077421,0.002517197486460033,0.002450678588879122,0.9789384250969915,0.018610896314129616,0.41631141753048473,45253.55504109036,0.0026149926243797775,465.09601096619787,1247.5456218601335,0.0002668801708033093,0.03014488537952114,0.0011148291179245244,3.1209817567140625e-06,74822.13802844712,98851.77292752345,6273.261332577493,0.8644818287675431,55.0,31.0,911.0,0.8597285067873304,0.7755102040816326,0.9534534534534534,635.0,190.0,0.2689352360043908,0.0020540189426191376,0.8668008964632845,16.260384261567538,16.260384261567538,5.420128087189198,0.0380517503805175,58.0,25.0,0.2283464566929134,911.0,0.8868778280542986,0.7716535433070866,0.9619482496194824,632.0,196.0,0.0,0.0009365349121941414,1.0070267873055283,0.5398230088495575,0.2831858407079646,80877.10518088387,134362.52650205954,4.176298876590574e-05,0.0001259216990815486,0.04737058987767843,0.00010775137720556926,0.0002273593386510509,0.20973076067724275,0.24259055982436883,4.022732823187676,0.0010340374691271248,0.003393491778795951,0.0008435787132655992,0.9482924697421118,227846.0,468.0,499.0,216.0,0.9901207464324918,0.278814489571899,0.0030810284139287064,0.11999078042217913,0.27799362114218634,0.27976868595338916,9.040816326530616e-05,-0.0001645636570095113,74.27447887333835,8.57440325038089e-05,-0.00016793377937595526,18.13771953540305,0.03014488537952114,0.011502628509495278,40.843128831555475,19371.355703591373,0.00396671826625387,-0.000662731871398399,15004.648814342005,0.000267268128601601,0.0006753499485422751,0.0006427929424616854,3.4273776069582125,0.0465,0.0016637553435215023,0.021663755343521503,0.018582726929592796,0.0013600185784916098,0.00044863459981994263,0.1701838066435584,0.15575571408265904,55.58400403242558,69.6418115927372,8.588450939023456e-05,0.012161285144963074
ulb,M5_strictmatch,M5_strictmatch,methods,,,12,107,0.47883052473021265,1.4423021950801695,0.006644839057960201,0.0032084650204748403,0.0022417517480953554,0.9809807009652065,0.01677754728669819,0.49421817699440707,51433.07002810244,0.0025135732957973053,389.6064718015693,223.93628990846744,0.00013347570742124932,0.01895781234064253,0.0010576856403632755,-2.081484235668371e-05,75139.1872136211,100150.30470680265,5752.493760676073,0.46998635743519784,178.0,44.0,911.0,0.0,0.0,0.9399727148703957,689.0,0.0,0.19538968166849616,0.002159353247368837,0.46990424076607384,,,,0.060191518467852256,180.0,44.0,1.0,911.0,0.0,0.0,0.9398084815321477,687.0,0.0,0.0,0.0009043910208819837,0.9724634633139609,0.3893805309734513,0.2831858407079646,78358.76502648389,143888.92026520352,3.857278839611791e-05,0.00011278734089268797,0.04714659733510737,9.237271263279054e-05,0.00021147888106800796,0.15594706972672262,0.048298572996706916,3.5714774737633066,0.0005983236462740281,0.0030820547308925005,0.0008629635083894017,0.9369441569150022,227846.0,492.0,487.0,228.0,0.9978046103183315,0.19758507135016465,0.0024841340203470767,0.12587359262312303,0.3708806115637793,0.29470653010086995,0.0011108163265306124,0.0006006122448979593,86.10021288175113,-0.0004239271255060729,-0.0006769635627530365,10.253896863127864,0.01895781234064253,0.009087177667106865,40.843128831555475,17208.49859271536,0.0034600500796722056,-0.0006212428760726095,9493.260115757621,0.0003087571239273906,0.0006968231377345838,0.0006518210466686977,4.088152877987051,0.05,0.000404132615889681,0.02040413261588968,0.017919998595542604,0.00038120936619291803,0.0007004617947658347,0.15110598442788448,0.15409278767875625,54.406831972301006,61.84605035814456,0.0001016154058151942,0.012129148831368718
ulb,M5_strictmatch,M5_strictmatch,methods,,,13,109,0.9852897775194157,1.2488551661156213,0.0033663088226258088,0.002956169489913822,0.002305973870890163,0.9806251716764959,0.017068854452614,0.48535878516431447,55313.771537517016,0.002513826043237808,432.66533822347833,370.4655000389771,0.0002674511901577962,0.027539750889679714,0.0011673647564612684,5.9324574281570035e-05,75522.70949208218,100789.42228669598,5775.503757318456,0.4840277777777778,191.0,23.0,911.0,0.0,0.0,0.9680555555555556,697.0,0.0,0.20965971459934138,0.0020101296489734295,0.4833091436865022,,,,0.033381712626995644,222.0,23.0,1.0,911.0,0.0,0.0,0.9666182873730044,666.0,0.0,0.0,0.0009869454039746982,1.0612316171770948,0.5132743362831859,0.2831858407079646,92477.32599216118,144799.1105672614,4.4048880804300335e-05,0.00011692143612103166,0.049860123093937656,0.00010635637358780858,0.0002536470101752476,0.2008891754596954,0.025246981339187707,3.6292460089273986,0.0007431365276090214,0.003368193950217472,0.0009280698916337505,0.9403378901944718,227846.0,458.0,508.0,235.0,0.9659714599341384,0.24368825466520308,0.004713710137549046,0.1359510790042403,0.45246002487984727,0.3094788933464658,0.0026414285714285715,0.0016218021304538158,74.27447887333835,9.040816326530616e-05,-0.00041979591836734695,18.13771953540305,0.027539750889679714,0.012973900257459828,40.843128831555475,25476.323478304985,0.00437238112588814,-0.0006418395522626999,11316.765476300194,0.0002881604477373001,0.0007106351100704936,0.0006625454148955715,4.500521614479235,0.045,0.003011156658444737,0.023011156658444738,0.018297446520895693,0.00025952060745492865,0.000707583073429933,0.15855801889935658,0.15323672565897742,56.66816799202934,78.72291394742203,0.00010014490274888695,0.012135272315940719
ulb,M5_strictmatch,M5_strictmatch,methods,,,14,113,0.41512756882616947,1.0235315228794444,0.025828849310499197,0.0026082747832873636,0.0024951648826538955,0.9794139368309069,0.018090898286439148,0.6010043233231953,37780.877309977586,0.0024473648920477404,488.4090893473446,710.4604120238454,0.00026721891909947226,0.029635461029037188,0.0011054981192749468,5.599043987879719e-06,74449.01550440946,98810.72182164353,6279.650793964998,0.7246642960744865,63.0,139.0,911.0,0.444,0.6379310344827587,0.8113975576662144,598.0,111.0,0.19099890230515917,0.002115463953723129,0.7246642960744865,31.04255177208347,31.04255177208347,31.04255177208347,0.18860244233378562,63.0,139.0,0.3620689655172414,911.0,0.444,0.6379310344827587,0.8113975576662144,598.0,111.0,0.0,0.0009460564143543395,1.0172649616713327,0.49557522123893805,0.2743362831858407,80927.20590267592,136688.50947069054,3.785915193750359e-05,0.00010803359925487684,0.043327581448381086,8.774823682867656e-05,0.00019243842082722348,0.16641592008157094,0.27442371020856204,3.7573199081309276,0.0008756230123067774,0.0033674143870377603,0.0008962277552546423,0.9089957865775867,227846.0,482.0,505.0,217.0,1.0,0.19099890230515917,0.003247807729782397,0.1453420957078889,0.45766302804112957,0.3162645487506217,0.0021312244897959184,0.0018774253194638428,74.27447887333835,-0.00041979591836734695,-0.0006748979591836735,10.253896863127864,0.029635461029037188,0.011294111473205042,25.075483487005272,27716.483673777875,0.004022749341101401,-0.0006524461743831037,14719.384506896606,0.0002775538256168964,0.0006534599298914352,0.0006229088841409914,3.3096035683848433,0.049,0.001747145001448347,0.021747145001448347,0.01849933727166595,0.0009104954042101479,0.0005570528461919601,0.1635335439670865,0.15292885964914982,55.83166395081207,66.56352999270892,8.79416126818556e-05,0.012160021821346659
ulb,M5_strictmatch,M5_strictmatch,methods,,,15,127,1.1499605389027034,1.2436885692495958,0.007369012403114384,0.0035803050248263014,0.002356606029376423,0.9808739396637504,0.016769454306873304,0.61799588208485,48700.63131049485,0.0025796509095782102,378.5090925659539,249.20711890897405,0.00026673779674579886,0.021371064368981247,0.0010509153003127338,-9.733802289341287e-06,75003.54611443254,98846.84884107483,5736.905494563278,0.6176675345256961,211.0,7.0,911.0,0.9078947368421053,0.24642857142857144,0.9889064976228209,624.0,69.0,0.30735455543358947,0.002106686094993987,0.605099142550911,28.086118269980318,28.086118269980318,38.9263744443586,0.011666666666666667,242.0,7.0,0.7781350482315113,911.0,0.9078947368421053,0.22186495176848875,0.9883333333333333,593.0,69.0,0.0,0.0009227625259386295,0.9922177698264832,0.37168141592920356,0.2831858407079646,74924.26670855202,126777.64593748089,3.5799683630681395e-05,0.00011457981179210855,0.04069684977036577,0.00010725462807810556,0.00020512176873237268,0.21025948685488843,0.08342480790340286,3.6619385497912535,0.0006678938915828061,0.00304179657452355,0.0008306519984331648,0.9436539841281798,227846.0,480.0,491.0,241.0,0.9659714599341384,0.3413830954994512,0.0034145870456360875,0.11509460176674194,0.30420143204211786,0.2703009870129871,0.000600612244897959,0.0003457706451646508,74.27447887333835,-0.0004216115912557194,-0.0006758057956278597,10.253896863127864,0.021371064368981247,0.009049515606230374,40.843128831555475,13485.800428409591,0.003344175179806679,-0.0006019940830305175,12488.627850738601,0.0003280059169694826,0.0006886919589358174,0.0006481133485686127,4.536147936085349,0.0795,0.0010054159388358797,0.02100541593883588,0.01759082889319979,0.001157162709450338,0.0006241932338467009,0.1691370086456561,0.15851282835274844,55.53199595306069,65.68638083408585,0.00010221612579453816,0.012140474139708219
ulb,M5_strictmatch,M5_strictmatch,methods,,,16,131,0.766372692559964,1.0491962076174457,0.004287983989185678,0.0027567294974523513,0.002097627168493827,0.9800205548442068,0.01788181798729923,0.4752843066314192,47661.338135921214,0.0024469547145778165,382.33382291627424,400.62410254986975,0.00020032051282051281,0.023049591836734693,0.0010755265673555974,-1.2017815717226793e-05,75308.08986702767,99874.23836706884,5747.804838895572,0.47761194029850745,174.0,33.0,911.0,0.0,0.0,0.9552238805970149,704.0,0.0,0.19099890230515917,0.002023296437067142,0.47761194029850745,,,,0.04477611940298507,174.0,33.0,1.0,911.0,0.0,0.0,0.9552238805970149,704.0,0.0,0.0,0.0009115565614110716,0.9801683456033028,0.46017699115044247,0.2831858407079646,79019.37606173783,133484.13204884878,4.0601644775216054e-05,0.00011596159261548405,0.05011057162947024,9.277552988727832e-05,0.00021974824429419685,0.14726113326837778,0.036223929747530186,3.513704584327427,0.0008376677401655811,0.003088117011934176,0.0008788778162252037,0.9287292928266236,227846.0,461.0,489.0,233.0,1.0,0.19099890230515917,0.0033224195289801007,0.11646999212423918,0.3483492945506704,0.27584729399782343,0.0031516326530612246,0.0016215415563569657,74.27447887333835,-0.0004221279837480956,-0.0006760639918740478,10.253896863127864,0.023049591836734693,0.010457464784277748,40.843128831555475,21467.309247977697,0.003644480889253337,-0.0006285942950954238,9490.10457528905,0.00030140570490457626,0.000700515505607024,0.0006636190461488156,3.4879977343057034,0.049,0.0016374217673340748,0.021637421767334075,0.018315002238353976,0.0003396556968636368,0.0007004110679119471,0.1546875889426914,0.154536877978371,55.6925039854832,64.64753436739556,0.0001033987070901552,0.012133724495781487
ulb,M5_strictmatch,M5_strictmatch,methods,,,17,137,0.8925670316872418,0.6059406636390755,0.03185046039869034,0.0031320495706923827,0.00248597128527525,0.9786729808704685,0.018841047844256102,0.8016697795291862,42598.62739844181,0.0026657668297621058,483.1299685299691,407.4357869100886,0.00026647125441343016,0.0191145434298441,0.0010519905650295243,-4.533661989344564e-05,74185.9351727616,97530.17219752191,6239.993556315277,0.9203971062109054,30.0,39.0,911.0,0.8825301204819277,0.9071207430340558,0.9336734693877551,549.0,293.0,0.3545554335894621,0.0023524661394099524,0.9129016376451078,15.767645344550317,15.767645344550317,0.0,0.06076388888888889,38.0,35.0,0.11343283582089553,911.0,0.8945783132530121,0.8865671641791045,0.9392361111111112,541.0,297.0,0.0,0.0008777927669876,0.9438631903092473,0.4336283185840708,0.2743362831858407,73163.44045019709,127530.93784660296,3.675037894190256e-05,0.00011306668481933055,0.04321792802148324,9.33954688147479e-05,0.00018942220593062888,0.1993436777402919,0.36443468715697036,3.617559138844808,0.001430858624739223,0.003136479572955434,0.0008670154246481796,0.9532440396520375,227846.0,536.0,493.0,219.0,0.986827661909989,0.3677277716794731,0.0020540189426191376,0.1277842289406422,0.3016876037295592,0.29097773252980197,0.0026377879714576963,0.0023845062306268074,74.27447887333835,-0.0004223857868020305,-0.0006761928934010152,10.253896863127864,0.0191145434298441,0.009594652677601418,40.843128831555475,13731.055730437829,0.0031019202363367798,-0.0006395632887997043,16426.32153440736,0.00029043671120029574,0.0006794929341409827,0.0006541982136101354,2.318291307901221,0.045,0.0002110197238485642,0.020211019723848565,0.018157000781229428,0.001189304293130069,0.00036864207299355545,0.1729979614206172,0.15512494075524355,55.240671965293586,75.06178278708826,8.793399811259825e-05,0.012172512846004529
ulb,M5_strictmatch,M5_strictmatch,methods,,,18,139,1.4039580602976094,1.6185238294324447,0.00408170430905085,0.0029230545303860858,0.0022693128241410634,0.9800575609813896,0.017673126194469143,0.5040755634508824,61723.54918795278,0.002479809657853289,445.37377096523267,223.93628990846744,0.00013363624214887077,0.021427723577235772,0.001080392579938331,1.7953635159037652e-05,76948.97253836259,99264.26409126184,8637.589228026322,0.5903822769417845,145.0,10.0,911.0,0.7777777777777778,0.19444444444444445,0.9863201094391245,721.0,35.0,0.19758507135016465,0.0021417975299105538,0.589835767804435,25.622423684894272,25.622423684894272,25.622423684894272,0.0136986301369863,146.0,10.0,0.8066298342541437,911.0,0.7777777777777778,0.19337016574585636,0.9863013698630136,720.0,35.0,0.0,0.0009428413646955296,1.0138079190274512,0.5486725663716814,0.336283185840708,94879.26617510374,146752.31247022317,4.032838546520385e-05,0.00011763050127370599,0.05124166280529152,9.334312432972421e-05,0.00020416796169523657,0.16267227916578825,0.04939626783754116,3.8122891481329817,0.0005300731898620618,0.0032707004424010703,0.0008579360891350156,0.921069013685916,227846.0,488.0,496.0,227.0,0.9989023051591658,0.1986827661909989,0.00467859870263248,0.10969274586514426,0.31584300977574675,0.2660514548618862,0.002645076608784474,0.00136774238602489,74.27447887333835,-0.00042135300101729407,-0.0006756765005086471,10.253896863127864,0.021427723577235772,0.010426271235745984,48.72695150383066,20163.43500022659,0.003828376674914795,-0.0005977422446567203,12768.345697015902,0.00033225775534327976,0.0006670006515490262,0.0006419652207499105,5.9555460845627035,0.056,0.003046268093361306,0.023046268093361306,0.018367669390728824,0.0012561189959732042,0.0006394154007160048,0.14518238092234143,0.1391157607867451,56.23117199866101,67.12616555741987,0.00011841022527540933,0.012080960870898508
ulb,M5_strictmatch,M5_strictmatch,methods,,,19,149,1.3470615534500032,1.0949378845754842,0.0035330881384794993,0.0023414313752394608,0.002500434532641386,0.9801012579236797,0.017398307543678923,0.5179361303281125,54464.89353948627,0.0025804289544235923,438.13512222589117,2846.798751726482,0.00020073603211776515,0.027059821882951654,0.0011454649603849989,9.718039109485476e-05,75358.86703657472,99694.73513140179,5777.254361401803,0.482962962962963,236.0,23.0,911.0,0.0,0.0,0.965925925925926,652.0,0.0,0.25905598243688255,0.0022339650465665406,0.48288690476190477,,,,0.03422619047619048,239.0,23.0,1.0,911.0,0.0,0.0,0.9657738095238095,649.0,0.0,0.0,0.0010189470282207928,1.0956419658288095,0.5398230088495575,0.26548672566371684,93321.35720734108,143847.17577158497,4.181401401745069e-05,0.00012096642472807974,0.04125464322488801,0.00010381501203876836,0.00024110863771320358,0.17604603054065035,0.025246981339187707,3.4555657878263895,0.0008864484397143826,0.003353992815757238,0.0009706059793661047,0.9380160166035612,227846.0,509.0,514.0,240.0,0.9967069154774972,0.2623490669593853,0.0031249177075744145,0.1335657943703464,0.4237664840380584,0.3021633723444886,0.000600612244897959,9.040816326530605e-05,74.27447887333835,-0.00041979591836734695,-0.0006748979591836735,10.253896863127864,0.027059821882951654,0.012474306895012022,40.843128831555475,17978.21892542009,0.0042879299334002375,-0.0005904131426521093,18031.445990708235,0.0003395868573478907,0.0007492699012631461,0.0007071893395951826,3.888765274456935,0.0505,0.0018305346593751916,0.021830534659375192,0.01870561695180078,0.0003009825937167203,0.0007551612765965078,0.16483225839790838,0.1547152522396079,55.705667997244745,65.43879756936803,0.00010391362092896316,0.012137873555673794
ulb,M5_joint_static,M5_joint_static,methods,,,0,11,0.9271689326377155,0.484352572520847,0.027185028484151576,0.0031249778760278797,0.0026148816681735277,0.9761350801383127,0.021250038193513548,2.11451439313014,67936.49862567954,0.0029145626461517605,564.1617725231326,223.93628990846744,0.00013332444503699753,0.026542527472527472,0.0011873854467992476,2.7721836294771573e-05,67446.32720456414,74793.6200051662,12455.543050613063,0.9270085667978699,21.0,46.0,911.0,0.8557993730407524,0.9285714285714286,0.9254457050243112,571.0,273.0,0.3227222832052689,0.0021417975299105538,0.927424973204716,5.420128087189198,5.420128087189198,0.0,0.058333333333333334,27.0,35.0,0.08681672025723473,911.0,0.890282131661442,0.9131832797427653,0.9416666666666667,565.0,284.0,0.0,0.0009423900851368994,1.0133226721902142,0.4247787610619469,0.2920353982300885,98670.22332121503,154986.12819646872,4.43858531117203e-05,0.0001274228913883886,0.05509036731494936,0.00012521844368018433,0.00032288375175958253,0.16641899363473928,0.35016465422612514,4.233127831892923,0.001756072792037668,0.003600522327141533,0.000850558374357311,0.9480036898756482,227846.0,488.0,508.0,212.0,0.9813391877058177,0.3413830954994512,0.0033926423988132337,0.1347183018813288,0.1027392323464602,0.329235935057824,0.00315371618172537,0.0028966617624588092,70.33256753720082,-0.0004236708860759494,-0.0006768354430379748,10.253896863127864,0.026542527472527472,0.010580237435155826,40.843128831555475,18420.31977268753,0.0035670657219643294,-0.0006415869925733651,12089.4686329395,0.00028841300742663494,0.0007222069747247684,0.0006763874661583561,2.122279012216905,0.082,0.001475031380844958,0.02147503138084496,0.018082388982031725,0.0013027576289009652,0.0003707676665149127,0.19386455742628722,0.21094499968613856,52.6695039588958,1624.0533987816884,0.00015937415622691196,0.012199224155559758
ulb,M5_joint_static,M5_joint_static,methods,,,1,23,0.7956993472594251,0.6533002991388118,0.027255251353984707,0.002142593746980927,0.0024190322903648825,0.9780614393110499,0.019519528398585,2.063939989572977,34357.1132936634,0.002581207468740572,448.65781099155413,279.5217141914748,0.00020062863639403464,0.022377436182019976,0.0011056385559650224,-2.212356187359818e-05,67451.34921583714,79851.35967558311,327.9878559484204,0.909640575749949,20.0,67.0,911.0,0.7774086378737541,0.9212598425196851,0.898021308980213,590.0,234.0,0.278814489571899,0.002150575388639695,0.9154303343768432,9.362039423326735,9.362039423326735,0.0,0.0759493670886076,26.0,48.0,0.0931899641577061,911.0,0.840531561461794,0.9068100358422939,0.9240506329113924,584.0,253.0,0.0,0.0008926352986647281,0.9598229017900302,0.584070796460177,0.2831858407079646,69327.78857492487,124100.43386425725,3.8911827554052954e-05,0.00011221104193931949,0.04545813176124033,0.00012506678938985246,0.0003031798090720305,0.21850239702959917,0.33040614709110866,3.78125489597291,0.001323437309010203,0.0032692805072556523,0.0008646019898678298,0.9598970888956513,227846.0,490.0,497.0,217.0,0.9725576289791438,0.3062568605927552,0.0031863627186784057,0.10743755348564052,0.17628040553469929,0.29476252680768145,0.004687977528089887,0.0023891928456775966,74.27447887333835,-0.00041979591836734695,-0.0006748979591836735,10.253896863127864,0.022377436182019976,0.010178156932820955,25.075483487005272,21342.428368040346,0.0034694686756542425,-0.0006412368251801489,13348.72519902965,0.0002887631748198512,0.0006438490657441867,0.000660006689285717,2.5262227894087657,0.049,0.002067536845062015,0.022067536845062016,0.01888117412638361,0.001292082197113794,0.0003798622868424592,0.28363156918810734,0.27122769140058295,52.34066804405302,1464.7011140594245,0.00041192824200361527,0.012044750538697918
ulb,M5_joint_static,M5_joint_static,methods,,,2,37,0.5833505605496805,0.5805877515492791,0.017138769168649,0.0018434288943421646,0.0031694197423839136,0.9684953806509322,0.028335199606683927,1.9312480120912086,47857.76770043612,0.0023452157598499064,462.7573542525332,1488.9856700593432,0.00040155267032525766,0.021911225626740947,0.0010861959679405854,1.4805851025805722e-05,66005.21027960384,73848.79149586317,335.2299825183597,0.9575376808983367,8.0,30.0,911.0,0.8536585365853658,0.9562841530054644,0.9587912087912088,698.0,175.0,0.20087815587266739,0.002089130377535704,0.9575376808983367,0.0,0.0,0.0,0.04120879120879121,8.0,30.0,0.04371584699453552,911.0,0.8536585365853658,0.9562841530054644,0.9587912087912088,698.0,175.0,0.0,0.0009197579488487089,0.9889870417728053,0.5132743362831859,0.26548672566371684,84235.17817255238,135993.37025419,3.5716318070530893e-05,0.00010119604505106069,0.03906541370169269,0.00015446549597902408,0.00044217086745432547,0.22832934543277933,0.22502744237102085,3.6872029270784115,0.001436714298955091,0.003075638746377934,0.0008341387244490349,0.946895711142611,227846.0,476.0,500.0,235.0,1.0,0.20087815587266739,0.00331803059961553,0.07855710662883743,0.13512082427339966,0.2351933284604143,0.0026414285714285715,0.0016210204081632653,74.27447887333835,-0.00041979591836734695,-0.0006748979591836735,10.253896863127864,0.021911225626740947,0.010928381251798638,25.075483487005272,20440.66882043448,0.0037084651898734175,-0.0006001356324664153,14447.755981622446,0.0003298643675335847,0.000705719042721533,0.0006573281770050949,2.1357840517008038,0.0605,0.0022694275958322734,0.022269427595832274,0.018951396996216743,0.0013482719708131329,0.0004880392071638489,0.2865227033864738,0.3012930228615796,52.902163995895535,1721.1410832649553,0.00031445737274439267,0.012147482404876134
ulb,M5_joint_static,M5_joint_static,methods,,,3,53,1.3937033912778847,1.259554400567002,0.0055871070810986365,0.002941915576055365,0.0027560581806488835,0.979346232024845,0.017897709794506,2.048976690883481,37961.89825516365,0.0026144667158275793,330.9479427351496,223.93628990846744,0.00013352026169971293,0.019426234096692113,0.001065170960968593,-5.756969332656067e-05,76050.37696916031,93029.65957545816,11934.79320403121,0.6091845265237879,137.0,15.0,911.0,0.7413793103448276,0.2388888888888889,0.9794801641586868,716.0,43.0,0.19758507135016465,0.002295410057670532,0.6085105577840006,64.54879812925287,64.54879812925287,64.54879812925287,0.02054794520547945,138.0,15.0,0.7624309392265194,911.0,0.7413793103448276,0.23756906077348067,0.9794520547945206,715.0,43.0,0.0,0.0008677901476592147,0.9331076856550695,0.504424778761062,0.2743362831858407,64732.049407069106,125077.02846316222,3.5640262954914364e-05,0.00011126224209473339,0.042517720311656855,8.030698027866754e-05,0.00019523000604160625,0.12303673882460772,0.06366630076838639,3.8049059803880083,0.000648976768602891,0.003110212124153518,0.0008174215447595243,0.9350805801117906,227846.0,523.0,477.0,218.0,0.9989023051591658,0.1986827661909989,0.0034848099154692206,0.11687863039101377,0.07377598648159105,0.2771376240221734,0.0026414285714285715,0.0016218021304538158,74.27447887333835,-0.000421869918699187,-0.0006759349593495935,10.253896863127864,0.019426234096692113,0.008565616829161361,25.075483487005272,16636.941077543408,0.003048780487804878,-0.0006343986762201589,9909.27378445357,0.00029560132377984125,0.0006372800048579377,0.0006161709952360367,4.883431622890801,0.0445,0.0017822564363649124,0.021782256436364913,0.018297446520895693,0.0010256181827858534,0.0006187430681347256,0.1429155097205515,0.13369503812486305,53.26266400516033,1942.05300079775,0.00015616425730954035,0.012096015993811455
ulb,M5_joint_static,M5_joint_static,methods,,,4,71,0.2780065618738068,0.8236281146812485,0.02829103868402342,0.002414007793756802,0.002674300990575427,0.9769501198740713,0.020375579135352973,2.1192302191704018,37007.84646400873,0.002580169553999263,477.7490714631591,223.93628990846744,0.00013399437223636607,0.02702698924731183,0.0011772388602723823,5.386722405471224e-06,64236.82812743248,92196.35468629382,325.3956506394456,0.9050934685536971,17.0,70.0,911.0,0.7008547008547008,0.9060773480662984,0.9041095890410958,660.0,164.0,0.1986827661909989,0.002159353247368837,0.9025384766125507,4.434650253154814,4.434650253154814,4.434650253154814,0.09602194787379972,18.0,70.0,0.0989010989010989,911.0,0.7008547008547008,0.9010989010989011,0.9039780521262003,659.0,164.0,0.0,0.0009302325581395349,1.000250062515629,0.4778761061946903,0.26548672566371684,75553.86256768674,129715.80162671384,4.232329656518866e-05,0.00012045959407808759,0.05021769138592078,0.00022573554476835783,0.0002897091518110805,0.8258667930661396,0.25686059275521406,4.091785354637343,0.0010473094087625628,0.0035295473432112433,0.0008625934738270426,0.9457453934800173,227846.0,492.0,508.0,214.0,0.9989023051591658,0.19978046103183314,0.0026948026298464754,0.0977902248734388,0.20959115991879468,0.24929246964818474,0.0021312244897959184,0.001366309028971466,74.27447887333835,-0.00042005609382967876,-0.0006750280469148395,10.253896863127864,0.02702698924731183,0.012344435681527809,29.01739482314275,24900.311502877106,0.004004688415706193,-0.0006600944669365723,13421.768310892416,0.0002699055330634278,0.0007403590649117103,0.0006218175349467449,2.973915758180667,0.043,0.001347752429272403,0.021347752429272403,0.018652949799425927,0.001356490530349129,0.0004049222979872606,0.3578978230533823,0.35783686718922253,52.99516802188009,1451.951214054133,0.0004912997479861146,0.01207442843544742
ulb,M5_joint_static,M5_joint_static,methods,,,5,73,0.576517324253609,0.5012049978818061,0.027018249168297884,0.0030169139715120197,0.0024330350054786285,0.9783391028607751,0.019227862133746224,2.3955674089571475,38884.05819078982,0.002512226167347759,467.52988798256314,631.2334165771267,0.000200253654629197,0.024825879059350502,0.0010694643697535251,2.4189318331585225e-05,62265.67731076728,73265.1860722117,11420.635247255523,0.8799160671462829,18.0,109.0,911.0,0.6449511400651465,0.9166666666666666,0.8431654676258993,586.0,198.0,0.23710208562019758,0.002115463953723129,0.8857813586830512,10.347517257361176,10.347517257361176,0.0,0.14473684210526316,19.0,99.0,0.08370044052863436,911.0,0.6775244299674267,0.9162995594713657,0.8552631578947368,585.0,208.0,0.0,0.0009378706657962246,1.0084630815013167,0.4690265486725664,0.2831858407079646,74530.78555744512,138989.16069616372,3.671702652383071e-05,0.0001074160266265926,0.04111102670230066,0.00010985315033018757,0.00025332011293732303,0.19724863984254223,0.33699231613611413,3.5120810047101094,0.0017472045238379498,0.003075556166962009,0.0008757076396692816,0.9406000864214461,227846.0,482.0,499.0,239.0,0.9879253567508233,0.2491767288693743,0.0031161398488452727,0.10334911618479385,0.14568983651827938,0.2962780376207501,0.00263234096692112,0.001872620943113267,74.27447887333835,-0.00041979591836734695,-0.0006748979591836735,10.253896863127864,0.024825879059350502,0.010581785767092108,40.843128831555475,18204.911087626966,0.003398847347421309,-0.0005559302523986402,16810.582862451203,0.00037406974760135976,0.0006941445643166205,0.0006640599328931877,1.807763757975427,0.069,0.0014443088752929614,0.021444308875292962,0.01832816902644769,0.0012158426981202252,0.0004123187441201095,0.29720838385922804,0.3209547403336834,53.306835994590074,1950.1832336536588,0.0002445985261917517,0.01219870203351899
ulb,M5_joint_static,M5_joint_static,methods,,,6,79,0.7822085595818508,0.4315215994594261,0.030656671611527082,0.0024427063186744404,0.002719745379832426,0.9733567201365497,0.023923534483617823,0.49199251926928395,52192.30418004908,0.0024120125016986005,516.6025394651758,223.93628990846744,0.00013391362571141613,0.028712058165548098,0.001101485541263428,4.5222012055421035e-05,67171.40450824104,75916.82424333677,331.9943126712283,0.8772027012767754,7.0,151.0,911.0,0.5368098159509203,0.9615384615384616,0.7928669410150891,578.0,175.0,0.19978046103183314,0.002014518578338,0.8824111248996277,0.0,0.0,0.0,0.19833564493758668,7.0,143.0,0.03684210526315789,911.0,0.5613496932515337,0.9631578947368421,0.8016643550624133,578.0,183.0,0.0,0.0009511233413055322,1.0227132702210024,0.5221238938053098,0.25663716814159293,82332.88154613455,141092.44785368894,4.2993654180083076e-05,0.0001148103941502187,0.05178554089816808,0.0001454020355278116,0.00040342491447587685,0.17857023977713976,0.3578485181119649,3.569632079750205,0.002085829062796667,0.0032129554895894206,0.0009000802933769735,0.959174736803866,227846.0,459.0,515.0,240.0,0.991218441273326,0.20856201975850713,0.0019091842735883009,0.13252847040409954,0.11552344129288394,0.32321641424616415,0.002117232097511427,0.001358922171204693,66.39065620106317,-0.00041979591836734695,-0.0006748979591836735,10.253896863127864,0.028712058165548098,0.012115041363924219,48.72695150383066,17037.755837925244,0.00429163131892809,-0.0006211470928398698,12878.88523825176,0.00030885290716013036,0.0006897098129404996,0.0006957724928807227,1.5921522989640142,0.0385,0.0006718573071284976,0.020671857307128498,0.0187626730335402,0.00131156525312009,0.00038991685535272856,0.24850692709811628,0.2403655464031611,53.50199993699789,1619.6212328097297,0.0003179237639660195,0.01207293768815424
ulb,M5_joint_static,M5_joint_static,methods,,,7,83,0.2317148409068238,0.7868270482643935,0.04037815015405142,0.00236072210341614,0.0023500324888721343,0.9788764041404814,0.018773563370646448,2.190794521813277,56720.219698865505,0.0025470022453835586,589.6399626308319,258.4280249640287,0.00013756104271270376,0.022800684326710816,0.0010537898080910796,-5.889013897061068e-05,62018.555724367536,82211.9209669928,336.16531592224766,0.6912094465648855,60.0,251.0,911.0,0.43847874720357943,0.765625,0.616793893129771,404.0,196.0,0.2810098792535675,0.0019399067791402965,0.6760349400369003,13.303950759464328,13.303950759464328,0.0,0.3859375,71.0,247.0,0.26199261992619927,911.0,0.44742729306487694,0.7380073800738007,0.6140625,393.0,200.0,0.0,0.000867666815942678,0.9329750709061053,0.5752212389380531,0.24778761061946902,89881.436181961,146866.9829985237,3.727118258457141e-05,0.00011455636033064875,0.04624103601804263,0.000772235922418582,0.0004556182520983501,2.313178360635652,0.49066959385290887,3.69773868850837,0.0010339989454538432,0.0030084000971463674,0.0008135783381599431,0.9523706129004061,227846.0,442.0,482.0,230.0,0.9835345773874863,0.29747530186608123,0.0036384224432291987,0.11524040866473224,0.243644365454678,0.2868185172583941,0.0021312244897959184,0.0016215412903293016,86.10021288175113,-0.00093,-0.00093,10.253896863127864,0.022800684326710816,0.009353562400917795,21.13357215086762,23672.2670746577,0.0030435422905110204,-0.0006225524164711702,9230.521383473768,0.0003074475835288299,0.0013163503267699151,0.0006069693456560754,2.5323411883236076,0.0625,0.0024142622648631075,0.022414262264863108,0.01877583982163391,0.0007675165993585462,0.0004891373914870339,0.34800308666715263,0.3677041610498763,52.9380000079982,1878.448734449921,0.000390134267333115,0.012117545695389772
ulb,M5_joint_static,M5_joint_static,methods,,,8,89,0.6809026843668519,0.44848880230798255,0.02948921640055125,0.002391448629737333,0.004212520882665011,0.9610459402025922,0.03474153891474264,2.0367505935334687,49906.178114542345,0.002808892542732847,512.6526534202051,223.93628990846744,0.00013393156097234312,0.017393153803442533,0.0010433208393912812,-4.16186843950539e-05,59433.017044075474,67562.29496595668,326.93167029330397,0.9408734813109965,10.0,52.0,911.0,0.844311377245509,0.9657534246575342,0.9159935379644588,567.0,282.0,0.3205268935236004,0.002040852154525425,0.9334323834588087,5.420128087189198,5.420128087189198,0.0,0.07450331125827815,18.0,45.0,0.05863192182410423,911.0,0.8652694610778443,0.9413680781758957,0.9254966887417219,559.0,289.0,0.0,0.0008760685731148387,0.9420092184030523,0.4690265486725664,0.2920353982300885,82981.05106723082,142933.73675469458,3.6297214613341037e-05,0.00011516476779547238,0.042402411242647195,0.00013657477943618184,0.0003350644930777603,0.25266700206872567,0.36663007683863885,3.5715908960504628,0.001881004944902205,0.0030130285631703325,0.0008436096548745827,0.9489299119073412,227846.0,465.0,491.0,226.0,0.9835345773874863,0.33699231613611413,0.0034891988448337912,0.1307610217302563,0.2640607794463696,0.32212736496176164,0.0031516326530612246,0.0028974421560354615,70.33256753720082,-0.00042005609382967876,-0.0006750280469148395,10.253896863127864,0.017393153803442533,0.006270614109344232,32.959306159280345,19575.49824403579,0.0027114967462039045,-0.0005955035810793085,13275.438418744208,0.00033449641892069153,0.000628680334643061,0.0006520236875653063,1.6793934942635007,0.067,0.0021377597148951495,0.02213775971489515,0.018648560870061358,0.0011646025476921328,0.0003713284967420602,0.3911822543579885,0.37257979655797313,53.4883359214291,1569.0612532664074,0.0004851676540483886,0.012108598860114537
ulb,M5_joint_static,M5_joint_static,methods,,,9,97,0.39836162526639884,0.5915595792902275,0.027773145019004065,0.003078256603471218,0.002906071470832812,0.97480795734838,0.022285971180787085,2.171973036686642,45169.21494924093,0.0025123103205707967,516.3454853652403,1386.3078101246483,0.00026657780739753413,0.035241396772398445,0.0011537083987702603,6.181490033407868e-05,58056.430118028075,70553.04446719767,10210.58441715738,0.9116847826086957,0.0,130.0,911.0,0.5737704918032787,1.0,0.8233695652173914,606.0,175.0,0.19209659714599342,0.00212424181245227,0.9116847826086957,0.0,0.0,0.0,0.1766304347826087,0.0,130.0,0.0,911.0,0.5737704918032787,1.0,0.8233695652173914,606.0,175.0,0.0,0.0009706192182605216,1.0436765787747544,0.4778761061946903,0.24778761061946902,85828.4103939874,140662.7422448215,4.372344207855178e-05,0.00011810649569337279,0.04683009123190819,0.0001754945668678409,0.0004183965286282381,0.2775194879091461,0.33479692645444564,4.2508093738737704,0.0014020682764545836,0.0035256507092530785,0.0008294069197556479,0.9389078072330729,227846.0,484.0,510.0,219.0,1.0,0.19209659714599342,0.002817692652054458,0.1150519934034055,0.17663372898440038,0.3123680259731792,0.0016197195308516063,0.0011105565494993102,70.33256753720082,-0.0004223857868020305,-0.0004237951145014696,10.253896863127864,0.035241396772398445,0.014070487292357575,21.13357215086762,24447.01384111425,0.004297781949315813,-0.0006345033686615974,14825.873793507575,0.00029549663133840274,0.000797752247945667,0.0006878097006857261,2.2815267203297123,0.05,0.0009483598570964591,0.02094835985709646,0.018130667205042,0.001312623880513546,0.00040035627873191275,0.26755938502151894,0.3552615417091613,53.31216397462413,1611.7491680430244,0.00025014824288212,0.012261397787621668
ulb,M5_joint_static,M5_joint_static,methods,,,10,101,0.4649084239261639,0.43870165579295994,0.028071592215794878,0.0031004567177122604,0.0027988061693605816,0.974761935925828,0.022439257904811282,2.1686588090542394,51351.64180132303,0.0020446470469933633,512.3760593346246,1065.517292733981,0.00026654228026920773,0.02621681440443213,0.0010008209832138358,-5.7131833633762266e-05,59616.636139449525,69083.75702920949,342.6162160616432,0.871711964304557,8.0,155.0,911.0,0.5288753799392097,0.9560439560439561,0.7873799725651578,574.0,174.0,0.19978046103183314,0.0019881850021505752,0.8662236110280486,0.0,0.0,0.0,0.21320495185694635,10.0,155.0,0.05434782608695652,911.0,0.5288753799392097,0.9456521739130435,0.7867950481430537,572.0,174.0,0.0,0.000856006774419204,0.9204373918486064,0.5132743362831859,0.2920353982300885,84826.19298368889,141093.68281540315,3.5138480440568854e-05,9.276050201963252e-05,0.04230794716861611,0.00014511328890361473,0.00035609866534513885,0.23278246600649358,0.3611416026344676,3.945295795744515,0.0017536776347171754,0.003035278925673081,0.0007693412820775064,0.9547801322959616,227846.0,453.0,490.0,223.0,0.9978046103183315,0.20197585071350166,0.0037920349709891768,0.1066884134921477,0.2087203019265822,0.296115022450967,9.145045965270682e-05,9.092931145900649e-05,74.27447887333835,8.626016260162607e-05,-0.000421869918699187,18.13771953540305,0.02621681440443213,0.01031825097428597,48.72695150383066,18719.201923088585,0.0036324366777930493,-0.0006209419694229821,13689.83196654328,0.00030905803057701794,0.0006512645815520227,0.0005970371154279651,1.7286814949708436,0.0695,0.002058758986332874,0.022058758986332874,0.018266724015343697,0.0010396986498772437,0.00037376705199825943,0.3170920808254627,0.3513559752768716,53.249167976900935,1622.2152563335833,0.0003598634689848113,0.012166764850601992
ulb,M5_joint_static,M5_joint_static,methods,,,11,103,0.6450398704775145,0.4806995433957024,0.027909201829305758,0.0025852714206798617,0.0026173499582011323,0.9775606477530834,0.019822002288715706,2.029119331494475,45253.55504109036,0.0026149926243797775,488.75504323887515,1247.5456218601335,0.0002668801708033093,0.029237597765363128,0.0011080435666902507,-5.287180697392706e-06,65052.53393410903,76677.8467469159,338.0267731089969,0.9173012000689978,14.0,72.0,911.0,0.760797342192691,0.9423868312757202,0.8922155688622755,596.0,229.0,0.2667398463227223,0.0020715746600774207,0.9205587315284219,4.434650253154814,4.434650253154814,0.0,0.0958904109589041,16.0,63.0,0.06299212598425197,911.0,0.7906976744186046,0.937007874015748,0.9041095890410958,594.0,238.0,0.0,0.0009067727176484667,0.9750244275789964,0.5398230088495575,0.2920353982300885,78730.41932066456,134362.52650205954,4.1754066869071444e-05,0.00012843380121216935,0.04694667355434308,0.0001459557527014896,0.0002909231962761831,0.2996618072981326,0.33040614709110866,4.047509910424967,0.0017182303398657396,0.0033430510904706367,0.0008259525398221036,0.9480478608477092,227846.0,472.0,499.0,217.0,0.9879253567508233,0.278814489571899,0.003111750919480702,0.0988340254699267,0.18783502923897075,0.27506779913628665,9.040816326530616e-05,-0.0001645636570095113,74.27447887333835,8.57440325038089e-05,-0.00016793377937595526,18.13771953540305,0.029237597765363128,0.010778861063271722,40.843128831555475,17221.341997577758,0.003561359252114557,-0.0006475159800553144,15007.976660136312,0.00028248401994468566,0.0006300492547488832,0.0006412643855491287,2.0024498359548026,0.049,0.0016900889197089264,0.021690088919708927,0.018578338000228223,0.0012916053253746818,0.0003551596996025796,0.30789985141931187,0.3054592569665192,53.99199994280934,1792.0855008123906,0.00043775930181256,0.012041841787021512
ulb,M5_joint_static,M5_joint_static,methods,,,12,107,0.833596989688605,0.6648898162793415,0.0248062287685542,0.0027369966098769426,0.002352898699903033,0.9781773137605732,0.019469787539523744,2.128480762568417,51433.07002810244,0.0025135732957973053,457.7006496902095,223.93628990846744,0.00013347570742124932,0.01888287837094111,0.0010881272309569842,-4.397565101646948e-05,71657.38799747365,83950.57991781396,12133.213779248408,0.9069086561307234,4.0,120.0,911.0,0.5918367346938775,0.9775280898876404,0.8362892223738063,613.0,174.0,0.19538968166849616,0.0021286307418168413,0.9047157622739018,0.0,0.0,0.0,0.16279069767441862,5.0,119.0,0.027777777777777776,911.0,0.5952380952380952,0.9722222222222222,0.8372093023255814,612.0,175.0,0.0,0.0008714956700425657,0.9370921183253395,0.45132743362831856,0.2831858407079646,74734.13431792906,143888.92026520352,3.86956997008502e-05,0.00011260763282531975,0.049319047521775766,0.00010173029457007442,0.00024151104236225078,0.1475886286345801,0.3227222832052689,4.372759392297782,0.0011496499054813435,0.0033424958014054472,0.0007643905144410528,0.9403234311512189,227846.0,485.0,487.0,204.0,0.9978046103183315,0.19758507135016465,0.002997638756001861,0.13112579268356048,0.05690710738203967,0.3109073695326505,0.0011108163265306124,0.0006006122448979593,74.27447887333835,-0.0004239271255060729,-0.0006769635627530365,10.253896863127864,0.01888287837094111,0.00899597374135436,40.843128831555475,14208.34161396797,0.003398679933011526,-0.0006422151584124742,8868.786385950178,0.0002877848415875258,0.0006305319022840119,0.0006243064725108719,2.903628495470173,0.0615,0.0013345856411786892,0.02133458564117869,0.01833694688517683,0.0011683147717617718,0.0004006253309346914,0.173649678166087,0.16657338983873443,53.29449992859736,1557.2480207600163,0.00015845228930485262,0.012116380994457198
ulb,M5_joint_static,M5_joint_static,methods,,,13,109,0.5318504529705289,0.3560876125582891,0.032772135565250216,0.002425892774261136,0.002490879661353713,0.9753564406853173,0.022152679653329094,2.0874199822931176,54876.627793880674,0.0025544547619869517,545.2209388216334,370.4655000389771,0.0002674511901577962,0.027128361391694725,0.0011766053830150963,5.140372497697889e-05,59200.215926716905,65838.3475643952,326.2317054389264,0.8832309573575623,6.0,145.0,911.0,0.5684523809523809,0.9695431472081218,0.7969187675070029,569.0,191.0,0.21624588364434688,0.00190479534422373,0.9059102322661645,0.0,0.0,0.0,0.15851851851851853,7.0,107.0,0.029661016949152543,911.0,0.6815476190476191,0.9703389830508474,0.8414814814814815,568.0,229.0,0.0,0.0009533064926650933,1.0250607448011755,0.6017699115044248,0.2743362831858407,87085.1758535757,144799.1105672614,4.470793349140676e-05,0.00012076570927071846,0.05002642400916979,0.00014862276521878732,0.00038963912148979473,0.22586695291243952,0.36882546652030734,4.059428705153698,0.0024019645043439936,0.003472069177470477,0.0008553098058016068,0.9497605907073932,227846.0,434.0,508.0,225.0,0.9571899012074643,0.25905598243688255,0.005600273869192349,0.12156695189240024,0.21330933241771147,0.31979869915221637,0.0026414285714285715,0.0016218021304538158,70.33256753720082,9.040816326530616e-05,-0.00041979591836734695,18.13771953540305,0.027128361391694725,0.01289951832198556,40.843128831555475,20862.923920647336,0.004288207429568686,-0.0006538840312931432,10975.158639008709,0.00027611596870685687,0.0007095911432630489,0.0006628293475572061,1.506964371220726,0.0615,0.004424391913836537,0.024424391913836538,0.01882411804464419,0.0013097830824891617,0.00031327176818890393,0.3212018109322858,0.3449566856392916,54.661327973008156,1781.3995331933256,0.0003669382960779094,0.012169702997180468
ulb,M5_joint_static,M5_joint_static,methods,,,14,113,1.2851694053773057,0.7178389851882333,0.02682513627625677,0.0023872819364808566,0.002635900405596987,0.9780916770104688,0.01927242258393411,2.1370582398940035,34036.84280102186,0.002420737652556904,473.0699215248724,710.4604120238454,0.00026721891909947226,0.02858002227171492,0.0010963491949174482,9.719785524254245e-06,69681.45154742486,81771.76570413887,12688.939412704958,0.926729986431479,0.0,108.0,911.0,0.6170212765957447,1.0,0.8534599728629579,629.0,174.0,0.19099890230515917,0.0021461864592751245,0.926729986431479,0.0,0.0,0.0,0.14654002713704206,0.0,108.0,0.0,911.0,0.6170212765957447,1.0,0.8534599728629579,629.0,174.0,0.0,0.0009196924548431004,0.9889166181108606,0.5575221238938053,0.2920353982300885,75973.9443294023,136688.50947069054,3.5740311379793294e-05,0.00010190495244096241,0.041688551106511894,9.675303871660168e-05,0.00024237280043652997,0.1344006904292061,0.30954994511525796,3.9746435514555367,0.0011731790940139068,0.0033472607344495814,0.0008421536902909937,0.9276074302388276,227846.0,489.0,505.0,218.0,1.0,0.19099890230515917,0.0036910895956040485,0.12128992293026304,0.07783114364220171,0.30111411762495316,0.0021312244897959184,0.0018774253194638428,74.27447887333835,-0.00041979591836734695,-0.0006748979591836735,10.253896863127864,0.02858002227171492,0.010926573162401608,25.075483487005272,26541.09547224128,0.00383933845245127,-0.0006282340129628172,14685.545644115304,0.00030176598703718284,0.0006479500906713435,0.0006173842700105248,3.0035225389727382,0.055,0.0024318179823213937,0.022431817982321394,0.018740728386717344,0.001209388588077034,0.00038581367063437745,0.18050444643929128,0.1852814337096666,55.169831961393356,1588.788715982809,0.00016138566999310055,0.012158949453699787
ulb,M5_joint_static,M5_joint_static,methods,,,15,127,0.26690953517630617,0.4798836116573644,0.04823872264599773,0.0027458738151724233,0.003199592389035117,0.970788864180449,0.02601154343051576,2.4150585374641746,47215.73611755768,0.0026023594725884803,546.5731211104705,249.20711890897405,0.00026775553919271706,0.01993765513454146,0.0010605549333520738,-8.579577624718037e-05,59064.66491324031,74012.20922048505,320.9416608378577,0.8445383006823685,6.0,179.0,911.0,0.6175213675213675,0.9796610169491525,0.7094155844155844,437.0,289.0,0.3238199780461032,0.002089130377535704,0.8533663863570795,0.0,0.0,0.0,0.2709030100334448,7.0,162.0,0.022364217252396165,911.0,0.6538461538461539,0.9776357827476039,0.7290969899665551,436.0,306.0,0.0,0.0008323418903095653,0.8949912799027584,0.46017699115044247,0.25663716814159293,70394.72456322666,126777.64593748089,3.5909316854730704e-05,0.00011301074727578162,0.04202473019353994,0.00015967773247015272,0.0003306892809492672,0.2961096203704487,0.5137211855104281,4.122530555988962,0.0016752513434371663,0.0033142081192111695,0.000803925665122479,0.9470804044012916,227846.0,476.0,491.0,199.0,0.9802414928649835,0.34357848518111966,0.002743080852856754,0.13402185478595927,0.21462001286096125,0.32695409708121476,0.000600612244897959,0.0003457706451646508,70.33256753720082,-0.0004216115912557194,-0.0006758057956278597,10.253896863127864,0.01993765513454146,0.008394822652964103,40.843128831555475,12249.141732691383,0.0030902045421101684,-0.0006943208737635264,10680.639594068625,0.0002356791262364737,0.0006283366785554791,0.0006380496184103362,1.7984555666602,0.0535,0.0011853620427832827,0.021185362042783283,0.01844228118992653,0.0009561709766312892,0.0003251567263359322,0.3708626782685352,0.3712991812988539,53.394999995362014,1632.2266835428306,0.0004941158243726553,0.01208983866771755
ulb,M5_joint_static,M5_joint_static,methods,,,16,131,0.9439611577563701,0.5494851733240851,0.024068888635306304,0.0024567047502881776,0.0023354361345362907,0.9760470812657869,0.02161748259967672,2.0486243224728766,47661.338135921214,0.0024469547145778165,431.90950566536424,400.62410254986975,0.00020032051282051281,0.022494428332403792,0.001079643463890532,-6.582077644509801e-05,69943.60233561917,81968.10853801608,12210.512115572934,0.9308005427408412,0.0,102.0,911.0,0.6304347826086957,1.0,0.8616010854816825,635.0,174.0,0.19099890230515917,0.001996962860879717,0.9308005427408412,0.0,0.0,0.0,0.1383989145183175,0.0,102.0,0.0,911.0,0.6304347826086957,1.0,0.8616010854816825,635.0,174.0,0.0,0.0008481880868544601,0.9120302009187742,0.46017699115044247,0.26548672566371684,69037.97058003361,133484.13204884878,3.769309873560951e-05,0.00011336146027131363,0.050733172356410665,0.00010784880361556755,0.0003074648006439472,0.16067754749790802,0.3029637760702525,4.451200050581245,0.0013304224625105528,0.0032540383013387355,0.0007310474174068672,0.9385386343251112,227846.0,455.0,489.0,206.0,1.0,0.19099890230515917,0.003497976703562933,0.11392617108668524,0.07042184010285361,0.3061925887500543,0.0031516326530612246,0.0016215415563569657,74.27447887333835,-0.0004221279837480956,-0.0006760639918740478,10.253896863127864,0.022494428332403792,0.009630740046500883,25.075483487005272,11547.780899011344,0.0031517777996651238,-0.0006358765858154082,9428.227442551184,0.00029412341418459187,0.0006168558513731102,0.0006080874670837178,2.5052928256118117,0.0485,0.00215092650298886,0.02215092650298886,0.018652949799425927,0.0011471107982637615,0.0003998172981000965,0.19249824125483517,0.1988498487010605,54.308999970089644,1709.8761168192134,0.0002477200146229959,0.012113647284011403
ulb,M5_joint_static,M5_joint_static,methods,,,17,137,0.5897688395706986,0.42948696537419423,0.04838355731502857,0.0031612280575526986,0.0025769699779813328,0.978111251657291,0.019311778364727774,2.4296192025530843,35915.463749497794,0.0026567285340024353,517.092914180166,407.4357869100886,0.00026647125441343016,0.0191145434298441,0.0010549957156933824,-2.7871599941614364e-05,56220.799459669804,58027.75409574702,12563.099468087275,0.8151406200063918,6.0,209.0,911.0,0.5965250965250966,0.9809523809523809,0.6493288590604027,387.0,309.0,0.34577387486278816,0.0023349104219516693,0.8246216832504145,0.0,0.0,0.0,0.3298611111111111,7.0,190.0,0.020895522388059702,911.0,0.6332046332046332,0.9791044776119403,0.6701388888888888,386.0,328.0,0.0,0.0008792800248267302,0.9454623922868066,0.46017699115044247,0.2920353982300885,62733.683653070424,127530.93784660296,3.6992130795226626e-05,0.00011267666557457712,0.04562043687113964,9.896715145766638e-05,0.0002242610758598251,0.19614657425177054,0.5686059275521405,3.742015019355221,0.001978463118218561,0.0031796804221491297,0.0008497241207484554,0.8897711645954235,227846.0,532.0,493.0,222.0,0.9780461031833151,0.3677277716794731,0.002808914793325316,0.1270279822150432,0.16465980930413324,0.3123325910147217,0.0030003761931499152,0.002735868368683801,74.27447887333835,-0.0004223857868020305,-0.0006761928934010152,10.253896863127864,0.0191145434298441,0.009594652677601418,40.843128831555475,13731.055730437829,0.0031019202363367798,-0.0006105366983467774,12679.728386224704,0.0003194633016532226,0.0006745822546593342,0.0006368742669250345,1.6877698519542585,0.0615,0.001014193797565021,0.02101419379756502,0.018205279004239707,0.0009576848690686738,0.0002502118580137603,0.31651820781453355,0.34428683696822915,52.96650400850922,1621.716929605463,0.00016884437752450715,0.012377505050809411
ulb,M5_joint_static,M5_joint_static,methods,,,18,139,0.7808210340289673,0.5666248388113403,0.01534369705853954,0.002638214735602552,0.002978630405116561,0.9717157712021323,0.025305598392751254,0.5036642018356393,61723.54918795278,0.002479809657853289,488.3195879134565,223.93628990846744,0.00013363624214887077,0.021427723577235772,0.00108469591198242,-1.3595791678740604e-05,63869.53651596871,76118.39154521505,334.5913192293112,0.9515769873841009,13.0,18.0,911.0,0.9027027027027027,0.9277777777777778,0.9753761969904241,713.0,167.0,0.19758507135016465,0.0021022971656294164,0.948997199727541,3.449172419120373,3.449172419120373,3.449172419120373,0.024657534246575342,14.0,18.0,0.07734806629834254,911.0,0.9027027027027027,0.9226519337016574,0.9753424657534246,712.0,167.0,0.0,0.0009132378598429776,0.9819761933795458,0.6017699115044248,0.3008849557522124,92812.70860190046,146752.31247022317,3.970372192693543e-05,0.00011763050127370599,0.05189104797821555,0.00013869345447192335,0.00037956886579093037,0.2262316803870484,0.2030735455543359,4.046388868214668,0.0014143670311029424,0.0032428387216731783,0.0008014154910187787,0.9215460242389911,227846.0,479.0,496.0,220.0,0.9989023051591658,0.1986827661909989,0.004990212687517007,0.1165880199606905,0.18467232064716507,0.2938679117290666,0.002645076608784474,0.00136774238602489,74.27447887333835,-0.00042135300101729407,-0.0006756765005086471,10.253896863127864,0.021427723577235772,0.009859916008983395,32.959306159280345,19217.616160906528,0.0036877092532388764,-0.0006132169640548229,11647.606963132666,0.0003167830359451771,0.000621849570466621,0.0006160896099711448,2.3318979322024225,0.056,0.0036607182044012185,0.02366071820440122,0.018670505516884213,0.001326411167406581,0.0004603366492925244,0.2897352811658002,0.3032769316076131,55.43233605567366,1772.7954795875116,0.00041250834813965877,0.012084411118574239
ulb,M5_joint_static,M5_joint_static,methods,,,19,149,0.6580663035924843,0.6346693208340629,0.026210686165216858,0.0026570160920239712,0.0025257312342550483,0.9794456872823601,0.018028581483384667,2.133570466988193,54464.89353948627,0.0025804289544235923,533.2530630786405,2846.798751726482,0.00020073603211776515,0.025993076923076924,0.0011417000731536225,6.099704554962939e-05,67489.2717687138,79192.25754360919,315.3975884880881,0.8888952013028822,24.0,81.0,911.0,0.7216494845360825,0.8974358974358975,0.880354505169867,596.0,210.0,0.25686059275521406,0.002185686823556262,0.8866857292694195,9.362039423326735,9.362039423326735,0.0,0.11738484398216939,26.0,79.0,0.1092436974789916,911.0,0.7285223367697594,0.8907563025210085,0.8826151560178306,594.0,212.0,0.0,0.0009740095655090349,1.047322113450575,0.504424778761062,0.2743362831858407,91726.0191321054,143847.17577158497,3.996014243537764e-05,0.00011935263712286043,0.0412716358401898,0.0001347797124216435,0.0003281404212495073,0.24338816260312168,0.3194291986827662,3.8244536608868858,0.0014076145927765147,0.0034166513929325686,0.0008933697975935866,0.9471090609669873,227846.0,498.0,514.0,226.0,0.995609220636663,0.26125137211855104,0.0033268084583446714,0.11291517625464535,0.19998715373563405,0.300277375510891,0.000600612244897959,9.040816326530605e-05,74.27447887333835,-0.00041979591836734695,-0.0006748979591836735,10.253896863127864,0.025993076923076924,0.012103953303450085,40.843128831555475,16418.083218977292,0.004039408866995074,-0.000602285871588496,17996.24362191535,0.0003277141284115041,0.0006525398718221136,0.0006798329447131926,2.4271867008880443,0.065,0.001834923588739764,0.021834923588739764,0.018508115130395093,0.0013478460682398736,0.0004066799227196246,0.2957338740374483,0.28271909887365315,54.308335995301604,1631.944270431995,0.0004626300169824372,0.012002837243650501
ulb,M5_joint_slow,M5_joint_slow,methods,,,0,11,0.9272291653351143,0.4675421072891942,0.027185028484151576,0.0031249778760278797,0.0026145540146862768,0.9761380704932153,0.02124737549209839,2.11451439313014,67936.49862567954,0.0029145626461517605,564.1617725231326,223.93628990846744,0.00013332444503699753,0.026542527472527472,0.0011873854467992476,2.7721836294771573e-05,67216.57845065989,74919.74094828973,12455.443197152772,0.9270085667978699,21.0,46.0,911.0,0.8557993730407524,0.9285714285714286,0.9254457050243112,571.0,273.0,0.3227222832052689,0.0021417975299105538,0.927424973204716,5.420128087189198,5.420128087189198,0.0,0.058333333333333334,27.0,35.0,0.08681672025723473,911.0,0.890282131661442,0.9131832797427653,0.9416666666666667,565.0,284.0,0.0,0.0009423900851368994,1.0133226721902142,0.4247787610619469,0.2920353982300885,98670.22332121503,154986.12819646872,4.43858531117203e-05,0.0001274228913883886,0.05509036731494936,0.00012839271723982657,0.00033470674734531675,0.16992310095959143,0.35016465422612514,4.233127831892923,0.001819212347073598,0.003600522327141533,0.000850558374357311,0.9480036898756482,227846.0,488.0,508.0,212.0,0.9813391877058177,0.3413830954994512,0.0033926423988132337,0.13663427382896554,0.10556439835530054,0.3321220753925525,0.00315371618172537,0.0028966617624588092,70.33256753720082,-0.0004236708860759494,-0.0006768354430379748,10.253896863127864,0.026542527472527472,0.010580237435155826,40.843128831555475,18420.31977268753,0.0035670657219643294,-0.0006415869925733651,12089.4686329395,0.00028841300742663494,0.0007253785537810915,0.0006763874661583561,2.0532458773930373,0.082,0.001475031380844958,0.02147503138084496,0.018082388982031725,0.0013027576289009652,0.0003707676665149127,0.19435204189065883,0.21324083629978877,52.94883198803291,1435.1199215860104,0.00015944134915631353,0.012199027210391691
ulb,M5_joint_slow,M5_joint_slow,methods,,,1,23,0.7956120601939044,0.6419835405750887,0.027255251353984707,0.002142593746980927,0.0024189382261942606,0.9780622923928893,0.019518769380916217,2.063939989572977,34357.1132936634,0.002581207468740572,448.65781099155413,279.5217141914748,0.00020062863639403464,0.022377436182019976,0.0011056385559650224,-2.212356187359818e-05,67314.12486035383,79678.2739393761,327.9878559484204,0.909640575749949,20.0,67.0,911.0,0.7774086378737541,0.9212598425196851,0.898021308980213,590.0,234.0,0.278814489571899,0.002150575388639695,0.9154303343768432,9.362039423326735,9.362039423326735,0.0,0.0759493670886076,26.0,48.0,0.0931899641577061,911.0,0.840531561461794,0.9068100358422939,0.9240506329113924,584.0,253.0,0.0,0.0008926352986647281,0.9598229017900302,0.584070796460177,0.2831858407079646,69327.78857492487,124100.43386425725,3.8911827554052954e-05,0.00011221104193931949,0.04545813176124033,0.00012639829556274727,0.0003066866354378506,0.2202554822326034,0.33040614709110866,3.78125489597291,0.0013467665994883913,0.0032692805072556523,0.0008646019898678298,0.9598970888956513,227846.0,490.0,497.0,217.0,0.9725576289791438,0.3062568605927552,0.0031863627186784057,0.10904610217495754,0.17833932856634147,0.29693545396120413,0.004687977528089887,0.0023891928456775966,74.27447887333835,-0.00041979591836734695,-0.0006748979591836735,10.253896863127864,0.022377436182019976,0.010178156932820955,25.075483487005272,21342.428368040346,0.0034694686756542425,-0.0006412368251801489,13348.72519902965,0.0002887631748198512,0.0006466375984769512,0.000660006689285717,2.486762242396383,0.049,0.002067536845062015,0.022067536845062016,0.01888117412638361,0.001292082197113794,0.0003798622868424592,0.2832675812036195,0.27258251708045234,52.79000400332734,1582.7299319556896,0.0004119568122798673,0.012042945503613105
ulb,M5_joint_slow,M5_joint_slow,methods,,,2,37,0.5842291026745953,0.5739114775207296,0.017138769168649,0.0018434288943421646,0.003167511839169861,0.9685143455623038,0.028318142598526417,1.9312480120912086,47857.76770043612,0.0023452157598499064,462.7573542525332,1488.9856700593432,0.00040155267032525766,0.021911225626740947,0.0010861959679405854,1.4805851025805722e-05,66025.18564379215,73829.1022854639,335.2299825183597,0.9575376808983367,8.0,30.0,911.0,0.8536585365853658,0.9562841530054644,0.9587912087912088,698.0,175.0,0.20087815587266739,0.002089130377535704,0.9575376808983367,0.0,0.0,0.0,0.04120879120879121,8.0,30.0,0.04371584699453552,911.0,0.8536585365853658,0.9562841530054644,0.9587912087912088,698.0,175.0,0.0,0.0009197579488487089,0.9889870417728053,0.5132743362831859,0.26548672566371684,84235.17817255238,135993.37025419,3.5716318070530893e-05,0.00010119604505106069,0.03906541370169269,0.00015446426697265223,0.00044222076942741285,0.22776041387858653,0.22502744237102085,3.6872029270784115,0.0014534275007924127,0.003075638746377934,0.0008341387244490349,0.946895711142611,227846.0,476.0,500.0,235.0,1.0,0.20087815587266739,0.00331803059961553,0.07943476218125847,0.13551503504580428,0.23724228157303504,0.0026414285714285715,0.0016210204081632653,74.27447887333835,-0.00041979591836734695,-0.0006748979591836735,10.253896863127864,0.021911225626740947,0.010928381251798638,25.075483487005272,20440.66882043448,0.0037084651898734175,-0.0006001356324664153,14447.755981622446,0.0003298643675335847,0.0007066410397613963,0.0006573281770050949,2.115143833794412,0.0605,0.0022694275958322734,0.022269427595832274,0.018951396996216743,0.0013482719708131329,0.0004880392071638489,0.2858820499186724,0.30107817823802874,53.6131719709374,1544.791831960901,0.00031444184840114875,0.012145115763942515
ulb,M5_joint_slow,M5_joint_slow,methods,,,3,53,1.3938080567823166,1.2558028820346996,0.005630996374744345,0.002874591159849203,0.002744135982308414,0.9793732061323841,0.017882657885307445,2.048976690883481,37961.89825516365,0.0026144667158275793,331.1959172442478,223.93628990846744,0.00013352026169971293,0.019426234096692113,0.001065170960968593,-5.756969332656067e-05,76041.53004713793,93048.84977435737,11934.79320403121,0.6091845265237879,137.0,15.0,911.0,0.7413793103448276,0.2388888888888889,0.9794801641586868,716.0,43.0,0.19758507135016465,0.002295410057670532,0.6085105577840006,64.54879812925287,64.54879812925287,64.54879812925287,0.02054794520547945,138.0,15.0,0.7624309392265194,911.0,0.7413793103448276,0.23756906077348067,0.9794520547945206,715.0,43.0,0.0,0.0008678486795659857,0.9331706231892318,0.504424778761062,0.2743362831858407,64732.049407069106,125077.02846316222,3.562278677741901e-05,0.00011126224209473339,0.042507752350475915,8.026399034267106e-05,0.0001952593213618419,0.12317982222586991,0.06366630076838639,3.8049059803880083,0.0006509154871782957,0.003110212124153518,0.0008174215447595243,0.9350805801117906,227846.0,523.0,477.0,218.0,0.9989023051591658,0.1986827661909989,0.0034848099154692206,0.11662877099203287,0.07394480860850672,0.27583250572291707,0.0026414285714285715,0.0016218021304538158,74.27447887333835,-0.000421869918699187,-0.0006759349593495935,10.253896863127864,0.019426234096692113,0.008565616829161361,25.075483487005272,16636.941077543408,0.003048780487804878,-0.0006343701799485862,9909.27378445357,0.00029562982005141387,0.0006370187533588622,0.0006160034862293114,4.870516931714215,0.0445,0.0018042010831877675,0.021804201083187768,0.018319391167718548,0.0010256181827858534,0.000618514738018751,0.14297577143478177,0.13377693474054128,53.68933593854308,1999.5850856241277,0.00015616631270011006,0.012095820426653692
ulb,M5_joint_slow,M5_joint_slow,methods,,,4,71,0.2786186719312826,0.7695156404670804,0.03243418800417826,0.002503537320481612,0.002762613802907647,0.9762936709891683,0.020943715207923992,2.1289180558862695,37007.84646400873,0.00258146707791337,491.89555659770923,223.93628990846744,0.00013412017167381974,0.02737188679245283,0.0011881130025271226,1.68836112088526e-05,63401.71248778528,89753.98417450688,325.3956506394456,0.8841103458714902,6.0,145.0,911.0,0.546875,0.9668508287292817,0.8013698630136986,585.0,175.0,0.1986827661909989,0.002150575388639695,0.881317927614224,0.0,0.0,0.0,0.19890260631001372,7.0,145.0,0.038461538461538464,911.0,0.546875,0.9615384615384616,0.8010973936899863,584.0,175.0,0.0,0.0009342552551858105,1.0045755432105488,0.46017699115044247,0.26548672566371684,74359.92855885896,129715.80162671384,4.2454989797877114e-05,0.00011982828002220725,0.050425582713516194,0.0002285258447022112,0.00030712363753352984,0.8297187527281268,0.3512623490669594,4.153874799865618,0.001119531023066889,0.00357854915082287,0.0008614966322380827,0.9456605585221486,227846.0,490.0,508.0,214.0,0.9989023051591658,0.19978046103183314,0.0027299140647630417,0.10004173694612414,0.21223114421271325,0.25719260068578775,0.0021312244897959184,0.001366309028971466,74.27447887333835,-0.00042005609382967876,-0.0006750280469148395,10.253896863127864,0.02737188679245283,0.012523033907922374,29.01739482314275,23704.644241031463,0.003979757283938486,-0.0006520788502005003,13423.501563910288,0.0002779211497994997,0.0007402375997342432,0.0006202661531403114,2.856290094767456,0.042,0.0013433634999078306,0.02134336349990783,0.018613449435144792,0.0012307264973112886,0.0003279418204088115,0.36232174664931865,0.3638220689852023,53.35716396803036,1701.2196312251028,0.0004915196418322253,0.012083577785581784
ulb,M5_joint_slow,M5_joint_slow,methods,,,5,73,0.5762716314372908,0.4927670890001361,0.027018249168297884,0.0030169139715120197,0.002432972899060503,0.9783396557836602,0.019227371317279283,2.3955674089571475,38884.05819078982,0.002512226167347759,467.52988798256314,631.2334165771267,0.000200253654629197,0.024825879059350502,0.0010694643697535251,2.4189318331585225e-05,62074.613085116696,73330.42446382077,11418.238911858438,0.8799160671462829,18.0,109.0,911.0,0.6449511400651465,0.9166666666666666,0.8431654676258993,586.0,198.0,0.23710208562019758,0.002115463953723129,0.8857813586830512,10.347517257361176,10.347517257361176,0.0,0.14473684210526316,19.0,99.0,0.08370044052863436,911.0,0.6775244299674267,0.9162995594713657,0.8552631578947368,585.0,208.0,0.0,0.0009378706657962246,1.0084630815013167,0.4690265486725664,0.2831858407079646,74530.78555744512,138989.16069616372,3.671702652383071e-05,0.0001074160266265926,0.04111102670230066,0.00011172644770811324,0.0002625606792893542,0.19962011823008302,0.33699231613611413,3.5120810047101094,0.0017771228217496476,0.003075556166962009,0.0008757076396692816,0.9406000864214461,227846.0,482.0,499.0,239.0,0.9879253567508233,0.2491767288693743,0.0031161398488452727,0.10463833461959239,0.14887947741971805,0.2978987210928326,0.00263234096692112,0.001872620943113267,74.27447887333835,-0.00041979591836734695,-0.0006748979591836735,10.253896863127864,0.024825879059350502,0.010581785767092108,40.843128831555475,18204.911087626966,0.003398847347421309,-0.0005559302523986402,16810.582862451203,0.00037406974760135976,0.0006969346175189977,0.0006640599328931877,1.7805758478843825,0.069,0.0014443088752929614,0.021444308875292962,0.01832816902644769,0.0012158426981202252,0.0004123187441201095,0.29722906233034224,0.32289645171591297,54.24466810654849,1953.8315692276215,0.00024463647052904266,0.012196983826715389
ulb,M5_joint_slow,M5_joint_slow,methods,,,6,79,0.7823645521739471,0.4239962245224555,0.030656671611527082,0.0024427063186744404,0.002721484761548856,0.9732306665835013,0.024047848654949733,0.49199251926928395,52192.30418004908,0.0024120125016986005,516.6025394651758,223.93628990846744,0.00013391362571141613,0.028712058165548098,0.001101485541263428,4.5222012055421035e-05,66897.45238229506,75252.62920522473,331.9943126712283,0.8772027012767754,7.0,151.0,911.0,0.5368098159509203,0.9615384615384616,0.7928669410150891,578.0,175.0,0.19978046103183314,0.0020101296489734295,0.8824111248996277,0.0,0.0,0.0,0.19833564493758668,7.0,143.0,0.03684210526315789,911.0,0.5613496932515337,0.9631578947368421,0.8016643550624133,578.0,183.0,0.0,0.0009511233413055322,1.0227132702210024,0.5221238938053098,0.25663716814159293,82332.88154613455,141092.44785368894,4.298650297892108e-05,0.0001148103941502187,0.05178167751462922,0.0001465139760543749,0.0004094896822309786,0.18016522968677573,0.3578485181119649,3.570154004071551,0.0021224741515448657,0.0032128566575406617,0.0008999210269015251,0.959174736803866,227846.0,458.0,515.0,240.0,0.991218441273326,0.20856201975850713,0.0019223510616820133,0.13458830143746006,0.11967712488832108,0.3258211127573428,0.002117232097511427,0.001358922171204693,66.39065620106317,-0.00041979591836734695,-0.0006748979591836735,10.253896863127864,0.028712058165548098,0.012115041363924219,48.72695150383066,17037.755837925244,0.00429163131892809,-0.0006211470928398698,12878.88523825176,0.00030885290716013036,0.0006931302893511636,0.0006957419596036751,1.5666787219831741,0.0385,0.0006850240952222114,0.020685024095222212,0.0187626730335402,0.001311529654152656,0.00038985631699930853,0.2489315412322096,0.24287537392799224,53.706503997091204,1700.573948357487,0.00031797438799719384,0.012069762277490563
ulb,M5_joint_slow,M5_joint_slow,methods,,,7,83,0.23204786477219513,0.7663817232337442,0.040961877759539335,0.002455804033575854,0.00235410614847989,0.9789459687690861,0.018699925082434163,2.190794521813277,56720.219698865505,0.0025470022453835586,592.242158851086,258.4280249640287,0.00013756104271270376,0.022800684326710816,0.0010538658660974446,-5.827680146466366e-05,61881.41738384083,82202.30940920376,336.16531592224766,0.7103142891221375,51.0,249.0,911.0,0.45154185022026433,0.80078125,0.6198473282442748,406.0,205.0,0.2810098792535675,0.0019399067791402965,0.6942026060885609,13.303950759464328,13.303950759464328,0.0,0.3828125,62.0,245.0,0.22878228782287824,911.0,0.460352422907489,0.7712177121771218,0.6171875,395.0,209.0,0.0,0.0008681690035660275,0.933515057597879,0.5752212389380531,0.24778761061946902,89881.436181961,146866.9829985237,3.734064529722774e-05,0.00011534158595005312,0.046340279597810195,0.0007727438507511416,0.000459385169978715,2.3149451157524172,0.4983534577387486,3.7014175390057327,0.0010613175737160083,0.003010638236783671,0.0008133743910427308,0.9523706129004061,227846.0,442.0,482.0,230.0,0.9835345773874863,0.29747530186608123,0.0034760320567400788,0.11682403869378953,0.24377246664340269,0.2927638969243607,0.0021312244897959184,0.0016215412903293016,86.10021288175113,-0.00093,-0.00093,10.253896863127864,0.022800684326710816,0.00935157712176273,21.13357215086762,23672.2670746577,0.0030435422905110204,-0.000622297401250878,9230.521383473768,0.00030770259874912204,0.0013167719333448606,0.000606966107767365,2.4837820173375316,0.0625,0.002212371514092853,0.022212371514092853,0.018736339457352775,0.0007718015403431007,0.00048048045992183763,0.34869283643964966,0.36861713710665717,53.58850001357496,1895.4116144508587,0.0003902170894849709,0.01211852492324866
ulb,M5_joint_slow,M5_joint_slow,methods,,,8,89,0.6809505523462829,0.4472846366564742,0.029612106422759233,0.002391448629737333,0.004255873554832945,0.9607994050502736,0.034944721394893186,2.0367505935334687,43839.79255200646,0.002777301560089148,488.91859242327007,223.93628990846744,0.00013393156097234312,0.017393153803442533,0.00104504460287265,-4.6428505058930886e-05,59363.60974864957,67552.2322192638,326.93167029330397,0.9425858100781198,9.0,52.0,911.0,0.844776119402985,0.9691780821917808,0.9159935379644588,567.0,283.0,0.3205268935236004,0.002045241083889996,0.9350610479539228,4.927389170171978,4.927389170171978,0.0,0.07450331125827815,17.0,45.0,0.05537459283387622,911.0,0.8656716417910447,0.9446254071661238,0.9254966887417219,559.0,290.0,0.0,0.0008715702098224579,0.9371722686262988,0.4690265486725664,0.2831858407079646,76914.66550469495,142933.73675469458,3.629540124539541e-05,0.00011516476779547238,0.042404316444104896,0.00013740014793571205,0.0003307786149388945,0.25344312852111484,0.3677277716794731,3.568531045993667,0.0018845779032951066,0.0030080673474133963,0.0008429427427261718,0.9500267522434683,227846.0,466.0,491.0,225.0,0.9835345773874863,0.33699231613611413,0.0034848099154692206,0.1313441300841503,0.2658491371236676,0.3228994589277912,0.0031516326530612246,0.0028974421560354615,70.33256753720082,-0.00042005609382967876,-0.0006750280469148395,10.253896863127864,0.017393153803442533,0.006270614109344232,32.959306159280345,19575.49824403579,0.0027114967462039045,-0.0005955035810793085,13275.438418744208,0.00033449641892069153,0.0006305615388543719,0.0006519985901239246,1.6744629397631696,0.067,0.002133370785530577,0.022133370785530578,0.018648560870061358,0.0011640358606065742,0.0003701863517400001,0.39064527599740373,0.37314282771255675,53.5964960581623,1450.086635578191,0.0004851804682616978,0.012105754708013082
ulb,M5_joint_slow,M5_joint_slow,methods,,,9,97,0.3981172303396682,0.5700945265835863,0.026842691993715053,0.003078256603471218,0.0029067158725472756,0.9748024499700695,0.022290834157383362,2.186933711853866,45169.21494924093,0.0025123103205707967,512.1801917919167,1386.3078101246483,0.00026657780739753413,0.035241396772398445,0.001155258978261632,7.024061158242322e-05,60158.73323793824,70454.71631302468,10215.666863831302,0.9123641304347826,0.0,129.0,911.0,0.5756578947368421,1.0,0.8247282608695652,607.0,175.0,0.19209659714599342,0.00212424181245227,0.9123641304347826,0.0,0.0,0.0,0.17527173913043478,0.0,129.0,0.0,911.0,0.5756578947368421,1.0,0.8247282608695652,607.0,175.0,0.0,0.0009788647925771717,1.052542787717389,0.4778761061946903,0.25663716814159293,85831.87690002314,140662.7422448215,4.3653409754145006e-05,0.0001180846865983726,0.04660175000950948,0.00017385049963951455,0.00041405010006210753,0.2750310701560305,0.3336992316136114,4.263515470061324,0.0014389375543572452,0.0034974914525809386,0.0008203304238346372,0.9389078072330729,227846.0,484.0,510.0,223.0,1.0,0.19209659714599342,0.0028484151576064535,0.12048430526230199,0.14076335707144955,0.3217692753760611,0.0016197195308516063,0.0011105565494993102,70.33256753720082,-0.0004223857868020305,-0.0004237951145014696,10.253896863127864,0.035241396772398445,0.014070487292357575,21.13357215086762,24447.01384111425,0.004297781949315813,-0.0006217992367113012,14829.340299543308,0.00030820076328869886,0.0007818154710026428,0.0006889692195339729,2.2217304383188146,0.05,0.0009790823626484556,0.020979082362648456,0.018130667205042,0.0013138739582574247,0.00040253683177206637,0.2649662984759201,0.337857216234633,53.710672014858574,1544.5674627786495,0.00024969897524279474,0.012237093794747824
ulb,M5_joint_slow,M5_joint_slow,methods,,,10,101,0.46478650786733117,0.4422272437039913,0.02874309840857421,0.003151414909085051,0.0028248705764489027,0.9747660427682711,0.02240908665528003,2.1686588090542394,51351.64180132303,0.0020446470469933633,515.3140086512684,1065.517292733981,0.00026654228026920773,0.02621681440443213,0.0010005177993632436,-5.676385122559332e-05,59885.901310524416,70048.67223611157,342.6162160616432,0.8669108669108669,8.0,162.0,911.0,0.5178571428571429,0.9560439560439561,0.7777777777777778,567.0,174.0,0.19978046103183314,0.0019925739315151464,0.8614093056635368,0.0,0.0,0.0,0.22283356258596973,10.0,162.0,0.05434782608695652,911.0,0.5178571428571429,0.9456521739130435,0.7771664374140302,565.0,174.0,0.0,0.0008565626050555615,0.9210350591995284,0.504424778761062,0.2920353982300885,84826.19298368889,141093.68281540315,3.516971502851303e-05,9.276050201963252e-05,0.042396809787018264,0.00013991378692696543,0.00032556754788139164,0.22965587285960673,0.36882546652030734,3.9506540405027155,0.0017384517988287681,0.003037226272154605,0.0007687907473082917,0.9547801322959616,227846.0,454.0,490.0,223.0,0.9978046103183315,0.20197585071350166,0.003813979617812031,0.10568162901161328,0.20514333489959738,0.29521654489175636,9.145045965270682e-05,9.092931145900649e-05,74.27447887333835,8.626016260162607e-05,-0.000421869918699187,18.13771953540305,0.02621681440443213,0.01031825097428597,48.72695150383066,18719.201923088585,0.0036324366777930493,-0.0006206551528953362,13689.83196654328,0.0003093448471046639,0.0006460472726848462,0.0005967503490791822,1.7427712111361129,0.0695,0.0020280364807808773,0.022028036480780878,0.01821405686296885,0.0010348158617828323,0.0003678620878616455,0.31459426685662933,0.3481115407839941,53.3034999971278,1462.2909808473196,0.00035978793755972504,0.012158840526156187
ulb,M5_joint_slow,M5_joint_slow,methods,,,11,103,0.6451838827863238,0.47289230584660047,0.028435873353054256,0.0025852714206798617,0.002604656847202079,0.9776697758635857,0.019725567289212393,2.029119331494475,45253.55504109036,0.0026250252406273137,491.1575431730413,1247.5456218601335,0.0002668801708033093,0.029237597765363128,0.0011098021435453317,-3.5286038423116625e-06,64962.27215830597,75875.1738479741,338.0267731089969,0.9234740395751706,11.0,72.0,911.0,0.7631578947368421,0.9547325102880658,0.8922155688622755,596.0,232.0,0.2667398463227223,0.0020715746600774207,0.9264642433394455,2.9564335021032093,2.9564335021032093,0.0,0.0958904109589041,13.0,63.0,0.051181102362204724,911.0,0.7927631578947368,0.9488188976377953,0.9041095890410958,594.0,241.0,0.0,0.0009072738493280647,0.9755632788473814,0.5398230088495575,0.2920353982300885,78730.41932066456,134362.52650205954,4.180814166111429e-05,0.0001294800560052073,0.047037450423779374,0.00014631478631709356,0.00029294919764675446,0.3004615418310303,0.3336992316136114,4.055724748677391,0.00174649381584,0.003349637215162567,0.0008259034877194056,0.9480478608477092,227846.0,472.0,499.0,217.0,0.9879253567508233,0.278814489571899,0.0031029730607515602,0.10043262985734006,0.1901204574730419,0.2766460816882109,9.040816326530616e-05,-0.0001645636570095113,74.27447887333835,8.57440325038089e-05,-0.00016793377937595526,18.13771953540305,0.029237597765363128,0.010778861063271722,40.843128831555475,17221.341997577758,0.003561359252114557,-0.000647504845120389,15007.976660136312,0.0002824951548796111,0.0006313153343127223,0.0006411238999038312,1.976494739004251,0.049,0.001681311060979785,0.021681311060979785,0.018578338000228223,0.0012884822931881527,0.00035189626282857074,0.30738985353477716,0.30597712722255,54.84449601499364,1649.1200800344805,0.00043776865464112375,0.01203874010474192
ulb,M5_joint_slow,M5_joint_slow,methods,,,12,107,0.8335936330943484,0.6375761719814492,0.0248062287685542,0.0027369966098769426,0.0023525305990553117,0.97818072782566,0.019466741575284593,2.128480762568417,51433.07002810244,0.0025135732957973053,457.7006496902095,223.93628990846744,0.00013347570742124932,0.01888287837094111,0.0010881272309569842,-4.397565101646948e-05,71284.300568668,82105.3905947273,12133.213779248408,0.9069086561307234,4.0,120.0,911.0,0.5918367346938775,0.9775280898876404,0.8362892223738063,613.0,174.0,0.19538968166849616,0.0021286307418168413,0.9047157622739018,0.0,0.0,0.0,0.16279069767441862,5.0,119.0,0.027777777777777776,911.0,0.5952380952380952,0.9722222222222222,0.8372093023255814,612.0,175.0,0.0,0.0008714956700425657,0.9370921183253395,0.45132743362831856,0.2831858407079646,74734.13431792906,143888.92026520352,3.86956997008502e-05,0.00011260763282531975,0.049319047521775766,0.00010266639085763338,0.00024861358583723946,0.14930298268394104,0.3227222832052689,4.372759392297782,0.0011989006930191446,0.0033424958014054472,0.0007643905144410528,0.9403234311512189,227846.0,485.0,487.0,204.0,0.9978046103183315,0.19758507135016465,0.002997638756001861,0.13385654040627828,0.06174886961204105,0.315043014242141,0.0011108163265306124,0.0006006122448979593,74.27447887333835,-0.0004239271255060729,-0.0006769635627530365,10.253896863127864,0.01888287837094111,0.00899597374135436,40.843128831555475,14208.34161396797,0.003398679933011526,-0.0006422151584124742,8868.786385950178,0.0002877848415875258,0.0006340152957152813,0.0006243064725108719,2.798945182095682,0.0615,0.0013345856411786892,0.02133458564117869,0.01833694688517683,0.0011683147717617718,0.0004006253309346914,0.1746235834258807,0.17027572253458925,54.02066797250882,1675.7291679969057,0.0001585230126962023,0.01211462247009263
ulb,M5_joint_slow,M5_joint_slow,methods,,,13,109,0.5323629406638931,0.34875838752186794,0.03301352668030161,0.002425892774261136,0.002735598940981973,0.9728239486260404,0.02444045243297788,2.0874199822931176,54876.627793880674,0.0025593138272117315,546.3313379508697,370.4655000389771,0.0002674511901577962,0.027128361391694725,0.0011774602466447994,5.225858860668201e-05,58979.87897706945,65464.699067480986,326.2317054389264,0.8818303971334727,6.0,147.0,911.0,0.5650887573964497,0.9695431472081218,0.7941176470588235,567.0,191.0,0.21624588364434688,0.0019004064148591593,0.904428750784683,0.0,0.0,0.0,0.16148148148148148,7.0,109.0,0.029661016949152543,911.0,0.6775147928994083,0.9703389830508474,0.8385185185185186,566.0,229.0,0.0,0.0009535491934177333,1.0253217133524013,0.6017699115044248,0.2743362831858407,87085.1758535757,144799.1105672614,4.472350700401158e-05,0.00012076570927071846,0.05004599595155667,0.00015136237215450298,0.00039333079435397697,0.22951972304156823,0.37102085620197583,4.065632621800794,0.002452723619659778,0.0034777744039762993,0.0008554079346293434,0.9497605907073932,227846.0,433.0,508.0,225.0,0.9571899012074643,0.25905598243688255,0.005630996374744345,0.12270065359461194,0.21668710620024,0.32106252426168,0.0026414285714285715,0.0016218021304538158,70.33256753720082,9.040816326530616e-05,-0.00041979591836734695,18.13771953540305,0.027128361391694725,0.01289951832198556,40.843128831555475,20862.923920647336,0.004288207429568686,-0.0006538840312931432,10975.158639008709,0.00027611596870685687,0.0007151292484792042,0.0006628563660075725,1.4801632704857717,0.0615,0.004455114419388534,0.024455114419388534,0.01882411804464419,0.0013070252386448915,0.0003114317604864475,0.3207557714474915,0.34700796956176005,55.25733606191352,1724.8132664069997,0.0003670036099381191,0.012168283611841564
ulb,M5_joint_slow,M5_joint_slow,methods,,,14,113,1.2851913621241233,0.711793981673108,0.027505420327765245,0.0023872819364808566,0.0026573979968305553,0.9780696183843234,0.019272983618845985,2.1370582398940035,34036.84280102186,0.002421144663393638,476.19922816181145,710.4604120238454,0.00026721891909947226,0.02858002227171492,0.0010964772819298052,9.921357694350736e-06,69629.04750110733,81839.06594275669,12688.989359537252,0.9260515603799186,0.0,109.0,911.0,0.6148409893992933,1.0,0.8521031207598372,628.0,174.0,0.19099890230515917,0.0021549643180042662,0.9260515603799186,0.0,0.0,0.0,0.14789687924016282,0.0,109.0,0.0,911.0,0.6148409893992933,1.0,0.8521031207598372,628.0,174.0,0.0,0.0009203484439208685,0.9896219827106112,0.5398230088495575,0.2920353982300885,75973.9443294023,136688.50947069054,3.570570185547893e-05,0.00010190618822966385,0.041773379904180445,9.629192874993138e-05,0.00023989411560433206,0.13405363493787908,0.3106476399560922,3.978975258279642,0.0011821865912846178,0.003348201444748338,0.0008414733008910373,0.9276074302388276,227846.0,491.0,505.0,218.0,1.0,0.19099890230515917,0.00359014422021892,0.1224603816211299,0.07851834846345844,0.3036272664689061,0.0021312244897959184,0.0018774253194638428,74.27447887333835,-0.00041979591836734695,-0.0006748979591836735,10.253896863127864,0.02858002227171492,0.010926573162401608,25.075483487005272,26541.09547224128,0.00383933845245127,-0.0006279367768540773,14685.545644115304,0.0003020632231459228,0.0006470771200271783,0.0006165101463906536,2.983122580725971,0.055,0.002330872606936263,0.022330872606936263,0.018740728386717344,0.0012083711785921103,0.0003838610121039895,0.18056211541356607,0.18536169848797263,56.149835989344865,1699.170699220849,0.00016139401115436493,0.012157783685516926
ulb,M5_joint_slow,M5_joint_slow,methods,,,15,127,0.268280948798634,0.5159358284623383,0.05273298631531824,0.0027458738151724233,0.00303727640581211,0.9723729405190166,0.02458978307517135,2.416836439098361,47215.73611755768,0.0026228361601678615,567.1861667641139,249.20711890897405,0.00026743330881861334,0.01993765513454146,0.0010629878183874373,-8.346946817843628e-05,61016.18844476448,77471.2419473363,320.9416608378577,0.818473450124512,6.0,209.0,911.0,0.5861386138613861,0.9801324503311258,0.6568144499178982,400.0,296.0,0.33150384193194293,0.0020759635894419914,0.8230243574560702,0.0,0.0,0.0,0.3316582914572864,7.0,198.0,0.022292993630573247,911.0,0.6079207920792079,0.9777070063694268,0.6683417085427136,399.0,307.0,0.0,0.0008363693066640206,0.8993218351226027,0.46017699115044247,0.25663716814159293,70394.72456322666,126777.64593748089,3.5877882038171155e-05,0.00011307697208119916,0.0420401849586572,0.00014745130862841977,0.0002950998866284568,0.2848869107095374,0.5543358946212953,4.130451847724781,0.0015614001031785966,0.003327418716941225,0.0008055822557946297,0.9469946475284541,227846.0,473.0,491.0,199.0,0.986827661909989,0.3446761800219539,0.0027299140647630417,0.12442555060456494,0.19199895526440075,0.3147356442199316,0.000600612244897959,0.0003462923258214885,70.33256753720082,-0.0004216115912557194,-0.0006758057956278597,10.253896863127864,0.01993765513454146,0.008394822652964103,40.843128831555475,12249.141732691383,0.0030902045421101684,-0.0006930171304759971,10680.639594068625,0.000236982869524003,0.0006154136250720465,0.0006378512434049655,1.909916394970284,0.0535,0.001172195254689569,0.02117219525468957,0.01844228118992653,0.0009160676838464888,0.000319626428659791,0.3534851283661471,0.34717410266421106,53.133335954044014,1544.9870664160692,0.0004936250054217941,0.012060631757866003
ulb,M5_joint_slow,M5_joint_slow,methods,,,16,131,0.9439135181279779,0.5447409323772578,0.025157343117719864,0.0024567047502881776,0.002354237825556703,0.9759631361363167,0.021682626038126686,2.0486243224728766,47661.338135921214,0.0024469547145778165,436.8760181343126,400.62410254986975,0.00020032051282051281,0.022494428332403792,0.0010792340018186968,-6.541131437326263e-05,69784.86987447833,81738.45481453036,12209.662915491117,0.9240162822252375,0.0,112.0,911.0,0.6083916083916084,1.0,0.8480325644504749,625.0,174.0,0.19099890230515917,0.0020013517902442877,0.9240162822252375,0.0,0.0,0.0,0.1519674355495251,0.0,112.0,0.0,911.0,0.6083916083916084,1.0,0.8480325644504749,625.0,174.0,0.0,0.0008491536004112658,0.9130683875389954,0.46017699115044247,0.26548672566371684,69037.97058003361,133484.13204884878,3.7581476601529155e-05,0.00011336146027131363,0.050802643610293796,0.0001081318618549977,0.0003090300541361743,0.16122584545750784,0.31394072447859495,4.465346502366102,0.0013386323247631191,0.0032561655916687805,0.0007292078207017978,0.9385386343251112,227846.0,456.0,489.0,206.0,1.0,0.19099890230515917,0.003410198116271517,0.115422109226341,0.07176488167348133,0.3089754200121847,0.0031516326530612246,0.0016215415563569657,74.27447887333835,-0.0004221279837480956,-0.0006760639918740478,10.253896863127864,0.022494428332403792,0.009630740046500883,25.075483487005272,11547.780899011344,0.0031517777996651238,-0.0006353990533489581,9428.227442551184,0.0002946009466510419,0.0006171075947895824,0.0006067747493086107,2.4928318219827883,0.0485,0.0020631479156974428,0.022063147915697443,0.018652949799425927,0.0011368259799900016,0.00039074473725529967,0.1924348485848022,0.1997915508717302,54.95116801466793,1677.2740488406262,0.0002477459778560922,0.012114221637844542
ulb,M5_joint_slow,M5_joint_slow,methods,,,17,137,0.5908219673087972,0.42555931484372284,0.04838355731502857,0.0031612280575526986,0.002577141474247454,0.9781097949703125,0.019313063555440126,2.4296192025530843,35915.463749497794,0.0026567285340024353,517.092914180166,407.4357869100886,0.00026647125441343016,0.0191145434298441,0.0010549957156933824,-2.7871599941614364e-05,56204.79655155832,58081.20445107692,12570.706282901854,0.8151406200063918,6.0,209.0,911.0,0.5965250965250966,0.9809523809523809,0.6493288590604027,387.0,309.0,0.34577387486278816,0.0023349104219516693,0.8246216832504145,0.0,0.0,0.0,0.3298611111111111,7.0,190.0,0.020895522388059702,911.0,0.6332046332046332,0.9791044776119403,0.6701388888888888,386.0,328.0,0.0,0.0008792800248267302,0.9454623922868066,0.46017699115044247,0.2920353982300885,62733.683653070424,127530.93784660296,3.6992130795226626e-05,0.00011267666557457712,0.04562043687113964,9.910563465086183e-05,0.0002237867442594601,0.19630707597525818,0.5686059275521405,3.742015019355221,0.0019967231149916145,0.0031796804221491297,0.0008497241207484554,0.8897711645954235,227846.0,532.0,493.0,222.0,0.9780461031833151,0.3677277716794731,0.002808914793325316,0.12749465976462024,0.1649180984015198,0.3133681868398619,0.0030003761931499152,0.002735868368683801,74.27447887333835,-0.0004223857868020305,-0.0006761928934010152,10.253896863127864,0.0191145434298441,0.009594652677601418,40.843128831555475,13731.055730437829,0.0031019202363367798,-0.0006105366983467774,12679.728386224704,0.0003194633016532226,0.0006752230947827519,0.0006368742669250345,1.6738392528013195,0.0615,0.001014193797565021,0.02101419379756502,0.018205279004239707,0.0009576848690686738,0.0002502118580137603,0.3162311785778306,0.3443977501034454,53.64050006028265,1685.6897008430672,0.0001688326909552651,0.012374693667927658
ulb,M5_joint_slow,M5_joint_slow,methods,,,18,139,0.7808002234602757,0.5542663123723571,0.01534369705853954,0.002638214735602552,0.0029771832898296603,0.9717295125981111,0.02529330411205923,0.5036642018356393,61723.54918795278,0.002479809657853289,488.3195879134565,223.93628990846744,0.00013363624214887077,0.021427723577235772,0.00108469591198242,-1.3595791678740604e-05,63701.33718163007,76156.7231655013,334.5913192293112,0.9515769873841009,13.0,18.0,911.0,0.9027027027027027,0.9277777777777778,0.9753761969904241,713.0,167.0,0.19758507135016465,0.0021022971656294164,0.948997199727541,3.449172419120373,3.449172419120373,3.449172419120373,0.024657534246575342,14.0,18.0,0.07734806629834254,911.0,0.9027027027027027,0.9226519337016574,0.9753424657534246,712.0,167.0,0.0,0.0009132378598429776,0.9819761933795458,0.6017699115044248,0.3008849557522124,92812.70860190046,146752.31247022317,3.970372192693543e-05,0.00011763050127370599,0.05189104797821555,0.00014015374733042504,0.00038280191284420246,0.22733307500260755,0.2030735455543359,4.046388868214668,0.0014459033015890496,0.0032428387216731783,0.0008014154910187787,0.9215460242389911,227846.0,479.0,496.0,220.0,0.9989023051591658,0.1986827661909989,0.004990212687517007,0.11736121706787629,0.18748817689628536,0.2949277603751596,0.002645076608784474,0.00136774238602489,74.27447887333835,-0.00042135300101729407,-0.0006756765005086471,10.253896863127864,0.021427723577235772,0.009859916008983395,32.959306159280345,19217.616160906528,0.0036877092532388764,-0.0006132169640548229,11647.606963132666,0.0003167830359451771,0.0006258044119870031,0.0006160896099711448,2.2865134810124634,0.056,0.0036607182044012185,0.02366071820440122,0.018670505516884213,0.001326411167406581,0.0004603366492925244,0.28966721953812735,0.30495575578950834,55.94399996334687,1897.7828491944813,0.00041254301570262943,0.01208292064096885
ulb,M5_joint_slow,M5_joint_slow,methods,,,19,149,0.6580926847124201,0.6211127703423968,0.02644329942153911,0.0026570160920239712,0.0025367828416631853,0.9794336115310273,0.01802960562730959,2.133570466988193,54464.89353948627,0.0025804289544235923,534.3230840577229,2846.798751726482,0.00020073603211776515,0.025993076923076924,0.0011417762573609413,6.107322975694795e-05,67322.47150924357,78870.81912235833,315.3975884880881,0.9017157141233951,18.0,81.0,911.0,0.7272727272727273,0.9230769230769231,0.880354505169867,596.0,216.0,0.25686059275521406,0.0021900757529208325,0.8992907712862261,6.4056059212235255,6.4056059212235255,0.0,0.11738484398216939,20.0,79.0,0.08403361344537816,911.0,0.734006734006734,0.9159663865546218,0.8826151560178306,594.0,218.0,0.0,0.0009742467969338799,1.047577201004172,0.49557522123893805,0.2743362831858407,91726.0191321054,143847.17577158497,3.9914406014756623e-05,0.00011879134093933984,0.04124683455482151,0.00013581135812871614,0.00033108065761921167,0.24476304634446752,0.3260153677277717,3.824729344901138,0.0014382030990094184,0.0034165783676185536,0.0008932863111407602,0.9471090609669873,227846.0,499.0,514.0,226.0,0.995609220636663,0.26125137211855104,0.0032609745178761094,0.11439000617939937,0.20236838802407855,0.3022520910704256,0.000600612244897959,9.040816326530605e-05,74.27447887333835,-0.00041979591836734695,-0.0006748979591836735,10.253896863127864,0.025993076923076924,0.012103953303450085,40.843128831555475,16418.083218977292,0.004039408866995074,-0.0006021719916862818,17996.24362191535,0.00032782800831371826,0.0006550799753909725,0.0006796497104524018,2.381882955439885,0.065,0.0017690896482711986,0.0217690896482712,0.018508115130395093,0.001340807903706618,0.0004004423893420499,0.29564273747636527,0.28421020905887484,55.16500398516655,1717.091450025327,0.00046266126146836904,0.012001519133293758
